date,customer_count,dow,dow_mon,dow_tue,dow_wed,dow_thu,dow_fri,dow_sat,dow_sun,dow_sin,dow_cos,month,month_1,month_2,month_3,month_4,month_5,month_6,month_7,month_8,month_9,month_10,month_11,month_12,holiday_元宵_day,holiday_元宵_dist,holiday_端午_day,holiday_端午_dist,holiday_母親節_day,holiday_母親節_dist,holiday_中秋_day,holiday_中秋_dist,holiday_中元_day,holiday_中元_dist,holiday_七夕_day,holiday_七夕_dist,holiday_父親節_day,holiday_父親節_dist,holiday_雙十_day,holiday_雙十_dist,holiday_冬至_day,holiday_冬至_dist,holiday_聖誕_day,holiday_聖誕_dist,holiday_清明_day,holiday_清明_dist,holiday_元旦_day,holiday_元旦_dist,holiday_除夕_day,holiday_除夕_dist,holiday_春節_day,holiday_春節_dist,holiday_周年慶,payday5_day,payday5_dist,segment,avg_temp,avg_humidity,rainfall,rain_flag
2014-01-01,3834,2,0,0,1,0,0,0,0,0.9749279121818236,-0.22252093395631434,1,1,0,0,0,0,0,0,0,0,0,0,0,0,0.0,0,0.0,0,0.0,0,0.0,0,0.0,0,0.0,0,0.0,0,0.0,0,0.0,0,0.0,0,0.0,1,0.0,0,0.0,0,0.0,0,0,-0.3333333333333333,1,17.3,64,0.0,0
2014-01-02,2157,3,0,0,0,1,0,0,0,0.43388373911755823,-0.900968867902419,1,1,0,0,0,0,0,0,0,0,0,0,0,0,0.0,0,0.0,0,0.0,0,0.0,0,0.0,0,0.0,0,0.0,0,0.0,0,0.0,0,0.0,0,0.0,0,0.0625,0,0.0,0,0.0,0,0,-0.25,1,19.7,66,0.0,0
2014-01-03,2244,4,0,0,0,0,1,0,0,-0.433883739117558,-0.9009688679024191,1,1,0,0,0,0,0,0,0,0,0,0,0,0,0.0,0,0.0,0,0.0,0,0.0,0,0.0,0,0.0,0,0.0,0,0.0,0,0.0,0,0.0,0,0.0,0,0.125,0,0.0,0,0.0,0,0,-0.16666666666666666,1,19.1,76,0.0,0
2014-01-04,3716,5,0,0,0,0,0,1,0,-0.9749279121818236,-0.2225209339563146,1,1,0,0,0,0,0,0,0,0,0,0,0,0,0.0,0,0.0,0,0.0,0,0.0,0,0.0,0,0.0,0,0.0,0,0.0,0,0.0,0,0.0,0,0.0,0,0.1875,0,0.0,0,0.0,0,0,-0.08333333333333333,1,16.6,60,0.0,0
2014-01-05,4433,6,0,0,0,0,0,0,1,-0.7818314824680299,0.6234898018587334,1,1,0,0,0,0,0,0,0,0,0,0,0,0,0.0,0,0.0,0,0.0,0,0.0,0,0.0,0,0.0,0,0.0,0,0.0,0,0.0,0,0.0,0,0.0,0,0.25,0,0.0,0,0.0,0,1,0.0,1,15.1,56,0.0,0
2014-01-06,2226,0,1,0,0,0,0,0,0,0.0,1.0,1,1,0,0,0,0,0,0,0,0,0,0,0,0,0.0,0,0.0,0,0.0,0,0.0,0,0.0,0,0.0,0,0.0,0,0.0,0,0.0,0,0.0,0,0.0,0,0.3125,0,0.0,0,0.0,0,0,0.08333333333333333,1,17.5,56,0.0,0
2014-01-07,2401,1,0,1,0,0,0,0,0,0.7818314824680298,0.6234898018587336,1,1,0,0,0,0,0,0,0,0,0,0,0,0,0.0,0,0.0,0,0.0,0,0.0,0,0.0,0,0.0,0,0.0,0,0.0,0,0.0,0,0.0,0,0.0,0,0.375,0,0.0,0,0.0,0,0,0.16666666666666666,1,18.6,63,0.0,0
2014-01-08,1957,2,0,0,1,0,0,0,0,0.9749279121818236,-0.22252093395631434,1,1,0,0,0,0,0,0,0,0,0,0,0,0,0.0,0,0.0,0,0.0,0,0.0,0,0.0,0,0.0,0,0.0,0,0.0,0,0.0,0,0.0,0,0.0,0,0.4375,0,0.0,0,0.0,0,0,0.25,1,16.0,76,3.0,1
2014-01-09,2131,3,0,0,0,1,0,0,0,0.43388373911755823,-0.900968867902419,1,1,0,0,0,0,0,0,0,0,0,0,0,0,0.0,0,0.0,0,0.0,0,0.0,0,0.0,0,0.0,0,0.0,0,0.0,0,0.0,0,0.0,0,0.0,0,0.5,0,0.0,0,0.0,0,0,0.3333333333333333,1,12.0,80,2.5,1
2014-01-10,2625,4,0,0,0,0,1,0,0,-0.433883739117558,-0.9009688679024191,1,1,0,0,0,0,0,0,0,0,0,0,0,0,0.0,0,0.0,0,0.0,0,0.0,0,0.0,0,0.0,0,0.0,0,0.0,0,0.0,0,0.0,0,0.0,0,0.5625,0,0.0,0,0.0,0,0,0.4166666666666667,1,14.5,72,0.0,0
2014-01-11,3826,5,0,0,0,0,0,1,0,-0.9749279121818236,-0.2225209339563146,1,1,0,0,0,0,0,0,0,0,0,0,0,0,0.0,0,0.0,0,0.0,0,0.0,0,0.0,0,0.0,0,0.0,0,0.0,0,0.0,0,0.0,0,0.0,0,0.625,0,0.0,0,0.0,0,0,0.5,1,18.5,67,0.0,0
2014-01-12,4529,6,0,0,0,0,0,0,1,-0.7818314824680299,0.6234898018587334,1,1,0,0,0,0,0,0,0,0,0,0,0,0,0.0,0,0.0,0,0.0,0,0.0,0,0.0,0,0.0,0,0.0,0,0.0,0,0.0,0,0.0,0,0.0,0,0.6875,0,0.0,0,0.0,0,0,0.5833333333333334,1,15.8,81,0.5,1
2014-01-13,2294,0,1,0,0,0,0,0,0,0.0,1.0,1,1,0,0,0,0,0,0,0,0,0,0,0,0,0.0,0,0.0,0,0.0,0,0.0,0,0.0,0,0.0,0,0.0,0,0.0,0,0.0,0,0.0,0,0.0,0,0.75,0,0.0,0,0.0,0,0,0.6666666666666666,1,14.1,83,1.5,1
2014-01-14,2151,1,0,1,0,0,0,0,0,0.7818314824680298,0.6234898018587336,1,1,0,0,0,0,0,0,0,0,0,0,0,0,0.0,0,0.0,0,0.0,0,0.0,0,0.0,0,0.0,0,0.0,0,0.0,0,0.0,0,0.0,0,0.0,0,0.8125,0,-1.0,0,0.0,0,0,0.75,1,12.7,82,16.5,1
2014-01-15,2487,2,0,0,1,0,0,0,0,0.9749279121818236,-0.22252093395631434,1,1,0,0,0,0,0,0,0,0,0,0,0,0,0.0,0,0.0,0,0.0,0,0.0,0,0.0,0,0.0,0,0.0,0,0.0,0,0.0,0,0.0,0,0.0,0,0.875,0,-0.9375,0,-1.0,0,0,0.8333333333333334,1,13.8,56,0.0,0
2014-01-16,2235,3,0,0,0,1,0,0,0,0.43388373911755823,-0.900968867902419,1,1,0,0,0,0,0,0,0,0,0,0,0,0,0.0,0,0.0,0,0.0,0,0.0,0,0.0,0,0.0,0,0.0,0,0.0,0,0.0,0,0.0,0,0.0,0,0.9375,0,-0.875,0,-0.9375,0,0,0.9166666666666666,1,14.7,60,0.0,0
2014-01-17,2694,4,0,0,0,0,1,0,0,-0.433883739117558,-0.9009688679024191,1,1,0,0,0,0,0,0,0,0,0,0,0,0,0.0,0,0.0,0,0.0,0,0.0,0,0.0,0,0.0,0,0.0,0,0.0,0,0.0,0,0.0,0,0.0,0,1.0,0,-0.8125,0,-0.875,0,0,1.0,1,16.0,58,0.0,0
2014-01-18,4332,5,0,0,0,0,0,1,0,-0.9749279121818236,-0.2225209339563146,1,1,0,0,0,0,0,0,0,0,0,0,0,0,0.0,0,0.0,0,0.0,0,0.0,0,0.0,0,0.0,0,0.0,0,0.0,0,0.0,0,0.0,0,0.0,0,0.0,0,-0.75,0,-0.8125,0,0,0.0,1,13.4,56,0.0,0
2014-01-19,5085,6,0,0,0,0,0,0,1,-0.7818314824680299,0.6234898018587334,1,1,0,0,0,0,0,0,0,0,0,0,0,0,0.0,0,0.0,0,0.0,0,0.0,0,0.0,0,0.0,0,0.0,0,0.0,0,0.0,0,0.0,0,0.0,0,0.0,0,-0.6875,0,-0.75,0,0,0.0,1,16.0,49,0.0,0
2014-01-20,2560,0,1,0,0,0,0,0,0,0.0,1.0,1,1,0,0,0,0,0,0,0,0,0,0,0,0,0.0,0,0.0,0,0.0,0,0.0,0,0.0,0,0.0,0,0.0,0,0.0,0,0.0,0,0.0,0,0.0,0,0.0,0,-0.625,0,-0.6875,0,0,0.0,1,15.1,67,0.0,0
2014-01-21,2650,1,0,1,0,0,0,0,0,0.7818314824680298,0.6234898018587336,1,1,0,0,0,0,0,0,0,0,0,0,0,0,0.0,0,0.0,0,0.0,0,0.0,0,0.0,0,0.0,0,0.0,0,0.0,0,0.0,0,0.0,0,0.0,0,0.0,0,-0.5625,0,-0.625,0,0,0.0,1,12.1,51,0.0,0
2014-01-22,2593,2,0,0,1,0,0,0,0,0.9749279121818236,-0.22252093395631434,1,1,0,0,0,0,0,0,0,0,0,0,0,0,0.0,0,0.0,0,0.0,0,0.0,0,0.0,0,0.0,0,0.0,0,0.0,0,0.0,0,0.0,0,0.0,0,0.0,0,-0.5,0,-0.5625,0,0,0.0,1,11.6,51,0.0,0
2014-01-23,2621,3,0,0,0,1,0,0,0,0.43388373911755823,-0.900968867902419,1,1,0,0,0,0,0,0,0,0,0,0,0,0,0.0,0,0.0,0,0.0,0,0.0,0,0.0,0,0.0,0,0.0,0,0.0,0,0.0,0,0.0,0,0.0,0,0.0,0,-0.4375,0,-0.5,0,0,0.0,1,14.8,50,0.0,0
2014-01-24,2683,4,0,0,0,0,1,0,0,-0.433883739117558,-0.9009688679024191,1,1,0,0,0,0,0,0,0,0,0,0,0,0,0.0,0,0.0,0,0.0,0,0.0,0,0.0,0,0.0,0,0.0,0,0.0,0,0.0,0,0.0,0,0.0,0,0.0,0,-0.375,0,-0.4375,0,0,-1.0,1,15.2,55,0.0,0
2014-01-25,4788,5,0,0,0,0,0,1,0,-0.9749279121818236,-0.2225209339563146,1,1,0,0,0,0,0,0,0,0,0,0,0,0,0.0,0,0.0,0,0.0,0,0.0,0,0.0,0,0.0,0,0.0,0,0.0,0,0.0,0,0.0,0,0.0,0,0.0,0,-0.3125,0,-0.375,0,0,-0.9166666666666666,1,16.9,55,0.0,0
2014-01-26,5958,6,0,0,0,0,0,0,1,-0.7818314824680299,0.6234898018587334,1,1,0,0,0,0,0,0,0,0,0,0,0,0,0.0,0,0.0,0,0.0,0,0.0,0,0.0,0,0.0,0,0.0,0,0.0,0,0.0,0,0.0,0,0.0,0,0.0,0,-0.25,0,-0.3125,0,0,-0.8333333333333334,1,15.6,65,0.0,0
2014-01-27,3782,0,1,0,0,0,0,0,0,0.0,1.0,1,1,0,0,0,0,0,0,0,0,0,0,0,0,0.0,0,0.0,0,0.0,0,0.0,0,0.0,0,0.0,0,0.0,0,0.0,0,0.0,0,0.0,0,0.0,0,0.0,0,-0.1875,0,-0.25,0,0,-0.75,1,16.7,60,0.0,0
2014-01-28,4162,1,0,1,0,0,0,0,0,0.7818314824680298,0.6234898018587336,1,1,0,0,0,0,0,0,0,0,0,0,0,0,0.0,0,0.0,0,0.0,0,0.0,0,0.0,0,0.0,0,0.0,0,0.0,0,0.0,0,0.0,0,0.0,0,0.0,0,-0.125,0,-0.1875,0,0,-0.6666666666666666,1,18.9,58,0.0,0
2014-01-29,5684,2,0,0,1,0,0,0,0,0.9749279121818236,-0.22252093395631434,1,1,0,0,0,0,0,0,0,0,0,0,0,0,-1.0,0,0.0,0,0.0,0,0.0,0,0.0,0,0.0,0,0.0,0,0.0,0,0.0,0,0.0,0,0.0,0,0.0,0,-0.0625,0,-0.125,0,0,-0.5833333333333334,1,18.6,67,0.0,0
2014-01-30,3654,3,0,0,0,1,0,0,0,0.43388373911755823,-0.900968867902419,1,1,0,0,0,0,0,0,0,0,0,0,0,0,-0.9375,0,0.0,0,0.0,0,0.0,0,0.0,0,0.0,0,0.0,0,0.0,0,0.0,0,0.0,0,0.0,0,0.0,1,0.0,0,-0.0625,0,0,-0.5,1,18.1,64,0.0,0
2014-01-31,2636,4,0,0,0,0,1,0,0,-0.433883739117558,-0.9009688679024191,1,1,0,0,0,0,0,0,0,0,0,0,0,0,-0.875,0,0.0,0,0.0,0,0.0,0,0.0,0,0.0,0,0.0,0,0.0,0,0.0,0,0.0,0,0.0,0,0.0,0,0.0625,1,0.0,0,0,-0.4166666666666667,1,20.6,61,0.0,0
2014-02-01,2147,5,0,0,0,0,0,1,0,-0.9749279121818236,-0.2225209339563146,2,0,1,0,0,0,0,0,0,0,0,0,0,0,-0.8125,0,0.0,0,0.0,0,0.0,0,0.0,0,0.0,0,0.0,0,0.0,0,0.0,0,0.0,0,0.0,0,0.0,0,0.125,0,0.0625,0,0,-0.3333333333333333,1,19.5,61,0.0,0
2014-02-02,2305,6,0,0,0,0,0,0,1,-0.7818314824680299,0.6234898018587334,2,0,1,0,0,0,0,0,0,0,0,0,0,0,-0.75,0,0.0,0,0.0,0,0.0,0,0.0,0,0.0,0,0.0,0,0.0,0,0.0,0,0.0,0,0.0,0,0.0,0,0.1875,0,0.125,0,0,-0.25,1,20.8,61,0.0,0
2014-02-03,2722,0,1,0,0,0,0,0,0,0.0,1.0,2,0,1,0,0,0,0,0,0,0,0,0,0,0,-0.6875,0,0.0,0,0.0,0,0.0,0,0.0,0,0.0,0,0.0,0,0.0,0,0.0,0,0.0,0,0.0,0,0.0,0,0.25,0,0.1875,0,0,-0.16666666666666666,1,20.8,68,0.0,0
2014-02-04,2996,1,0,1,0,0,0,0,0,0.7818314824680298,0.6234898018587336,2,0,1,0,0,0,0,0,0,0,0,0,0,0,-0.625,0,0.0,0,0.0,0,0.0,0,0.0,0,0.0,0,0.0,0,0.0,0,0.0,0,0.0,0,0.0,0,0.0,0,0.3125,0,0.25,0,0,-0.08333333333333333,1,15.2,76,4.0,1
2014-02-05,2157,2,0,0,1,0,0,0,0,0.9749279121818236,-0.22252093395631434,2,0,1,0,0,0,0,0,0,0,0,0,0,0,-0.5625,0,0.0,0,0.0,0,0.0,0,0.0,0,0.0,0,0.0,0,0.0,0,0.0,0,0.0,0,0.0,0,0.0,0,0.375,0,0.3125,0,1,0.0,1,16.4,85,10.0,1
2014-02-06,2114,3,0,0,0,1,0,0,0,0.43388373911755823,-0.900968867902419,2,0,1,0,0,0,0,0,0,0,0,0,0,0,-0.5,0,0.0,0,0.0,0,0.0,0,0.0,0,0.0,0,0.0,0,0.0,0,0.0,0,0.0,0,0.0,0,0.0,0,0.4375,0,0.375,0,0,0.08333333333333333,1,17.7,86,3.0,1
2014-02-07,2346,4,0,0,0,0,1,0,0,-0.433883739117558,-0.9009688679024191,2,0,1,0,0,0,0,0,0,0,0,0,0,0,-0.4375,0,0.0,0,0.0,0,0.0,0,0.0,0,0.0,0,0.0,0,0.0,0,0.0,0,0.0,0,0.0,0,0.0,0,0.5,0,0.4375,0,0,0.16666666666666666,1,16.5,89,2.0,1
2014-02-08,3455,5,0,0,0,0,0,1,0,-0.9749279121818236,-0.2225209339563146,2,0,1,0,0,0,0,0,0,0,0,0,0,0,-0.375,0,0.0,0,0.0,0,0.0,0,0.0,0,0.0,0,0.0,0,0.0,0,0.0,0,0.0,0,0.0,0,0.0,0,0.5625,0,0.5,0,0,0.25,1,13.5,85,21.0,1
2014-02-09,3339,6,0,0,0,0,0,0,1,-0.7818314824680299,0.6234898018587334,2,0,1,0,0,0,0,0,0,0,0,0,0,0,-0.3125,0,0.0,0,0.0,0,0.0,0,0.0,0,0.0,0,0.0,0,0.0,0,0.0,0,0.0,0,0.0,0,0.0,0,0.625,0,0.5625,0,0,0.3333333333333333,1,12.3,89,101.5,1
2014-02-10,2235,0,1,0,0,0,0,0,0,0.0,1.0,2,0,1,0,0,0,0,0,0,0,0,0,0,0,-0.25,0,0.0,0,0.0,0,0.0,0,0.0,0,0.0,0,0.0,0,0.0,0,0.0,0,0.0,0,0.0,0,0.0,0,0.6875,0,0.625,0,0,0.4166666666666667,1,8.5,84,7.0,1
2014-02-11,2002,1,0,1,0,0,0,0,0,0.7818314824680298,0.6234898018587336,2,0,1,0,0,0,0,0,0,0,0,0,0,0,-0.1875,0,0.0,0,0.0,0,0.0,0,0.0,0,0.0,0,0.0,0,0.0,0,0.0,0,0.0,0,0.0,0,0.0,0,0.75,0,0.6875,0,0,0.5,1,7.9,85,4.5,1
2014-02-12,2515,2,0,0,1,0,0,0,0,0.9749279121818236,-0.22252093395631434,2,0,1,0,0,0,0,0,0,0,0,0,0,0,-0.125,0,0.0,0,0.0,0,0.0,0,0.0,0,0.0,0,0.0,0,0.0,0,0.0,0,0.0,0,0.0,0,0.0,0,0.8125,0,0.75,0,0,0.5833333333333334,1,11.2,90,10.5,1
2014-02-13,2570,3,0,0,0,1,0,0,0,0.43388373911755823,-0.900968867902419,2,0,1,0,0,0,0,0,0,0,0,0,0,0,-0.0625,0,0.0,0,0.0,0,0.0,0,0.0,0,0.0,0,0.0,0,0.0,0,0.0,0,0.0,0,0.0,0,0.0,0,0.875,0,0.8125,0,0,0.6666666666666666,1,12.7,88,7.5,1
2014-02-14,2469,4,0,0,0,0,1,0,0,-0.433883739117558,-0.9009688679024191,2,0,1,0,0,0,0,0,0,0,0,0,0,1,0.0,0,0.0,0,0.0,0,0.0,0,0.0,0,0.0,0,0.0,0,0.0,0,0.0,0,0.0,0,0.0,0,0.0,0,0.9375,0,0.875,0,0,0.75,1,11.0,87,10.5,1
2014-02-15,3795,5,0,0,0,0,0,1,0,-0.9749279121818236,-0.2225209339563146,2,0,1,0,0,0,0,0,0,0,0,0,0,0,0.0625,0,0.0,0,0.0,0,0.0,0,0.0,0,0.0,0,0.0,0,0.0,0,0.0,0,0.0,0,0.0,0,0.0,0,1.0,0,0.9375,0,0,0.8333333333333334,1,13.0,76,0.0,0
2014-02-16,4092,6,0,0,0,0,0,0,1,-0.7818314824680299,0.6234898018587334,2,0,1,0,0,0,0,0,0,0,0,0,0,0,0.125,0,0.0,0,0.0,0,0.0,0,0.0,0,0.0,0,0.0,0,0.0,0,0.0,0,0.0,0,0.0,0,0.0,0,0.0,0,1.0,0,0,0.9166666666666666,1,16.8,75,0.5,1
2014-02-17,2066,0,1,0,0,0,0,0,0,0.0,1.0,2,0,1,0,0,0,0,0,0,0,0,0,0,0,0.1875,0,0.0,0,0.0,0,0.0,0,0.0,0,0.0,0,0.0,0,0.0,0,0.0,0,0.0,0,0.0,0,0.0,0,0.0,0,0.0,0,0,1.0,1,19.4,73,0.0,0
2014-02-18,1770,1,0,1,0,0,0,0,0,0.7818314824680298,0.6234898018587336,2,0,1,0,0,0,0,0,0,0,0,0,0,0,0.25,0,0.0,0,0.0,0,0.0,0,0.0,0,0.0,0,0.0,0,0.0,0,0.0,0,0.0,0,0.0,0,0.0,0,0.0,0,0.0,0,0,0.0,1,16.3,83,4.0,1
2014-02-19,1704,2,0,0,1,0,0,0,0,0.9749279121818236,-0.22252093395631434,2,0,1,0,0,0,0,0,0,0,0,0,0,0,0.3125,0,0.0,0,0.0,0,0.0,0,0.0,0,0.0,0,0.0,0,0.0,0,0.0,0,0.0,0,0.0,0,0.0,0,0.0,0,0.0,0,0,0.0,1,10.9,86,24.0,1
2014-02-20,2130,3,0,0,0,1,0,0,0,0.43388373911755823,-0.900968867902419,2,0,1,0,0,0,0,0,0,0,0,0,0,0,0.375,0,0.0,0,0.0,0,0.0,0,0.0,0,0.0,0,0.0,0,0.0,0,0.0,0,0.0,0,0.0,0,0.0,0,0.0,0,0.0,0,0,0.0,1,11.3,61,0.0,0
2014-02-21,1993,4,0,0,0,0,1,0,0,-0.433883739117558,-0.9009688679024191,2,0,1,0,0,0,0,0,0,0,0,0,0,0,0.4375,0,0.0,0,0.0,0,0.0,0,0.0,0,0.0,0,0.0,0,0.0,0,0.0,0,0.0,0,0.0,0,0.0,0,0.0,0,0.0,0,0,-1.0,1,14.1,57,0.0,0
2014-02-22,3293,5,0,0,0,0,0,1,0,-0.9749279121818236,-0.2225209339563146,2,0,1,0,0,0,0,0,0,0,0,0,0,0,0.5,0,0.0,0,0.0,0,0.0,0,0.0,0,0.0,0,0.0,0,0.0,0,0.0,0,0.0,0,0.0,0,0.0,0,0.0,0,0.0,0,0,-0.9166666666666666,1,17.3,65,0.0,0
2014-02-23,3744,6,0,0,0,0,0,0,1,-0.7818314824680299,0.6234898018587334,2,0,1,0,0,0,0,0,0,0,0,0,0,0,0.5625,0,0.0,0,0.0,0,0.0,0,0.0,0,0.0,0,0.0,0,0.0,0,0.0,0,0.0,0,0.0,0,0.0,0,0.0,0,0.0,0,0,-0.8333333333333334,1,18.7,61,0.0,0
2014-02-24,1893,0,1,0,0,0,0,0,0,0.0,1.0,2,0,1,0,0,0,0,0,0,0,0,0,0,0,0.625,0,0.0,0,0.0,0,0.0,0,0.0,0,0.0,0,0.0,0,0.0,0,0.0,0,0.0,0,0.0,0,0.0,0,0.0,0,0.0,0,0,-0.75,1,18.2,66,0.0,0
2014-02-25,1899,1,0,1,0,0,0,0,0,0.7818314824680298,0.6234898018587336,2,0,1,0,0,0,0,0,0,0,0,0,0,0,0.6875,0,0.0,0,0.0,0,0.0,0,0.0,0,0.0,0,0.0,0,0.0,0,0.0,0,0.0,0,0.0,0,0.0,0,0.0,0,0.0,0,0,-0.6666666666666666,1,18.1,74,0.0,0
2014-02-26,2467,2,0,0,1,0,0,0,0,0.9749279121818236,-0.22252093395631434,2,0,1,0,0,0,0,0,0,0,0,0,0,0,0.75,0,0.0,0,0.0,0,0.0,0,0.0,0,0.0,0,0.0,0,0.0,0,0.0,0,0.0,0,0.0,0,0.0,0,0.0,0,0.0,0,0,-0.5833333333333334,1,19.2,73,0.0,0
2014-02-27,2472,3,0,0,0,1,0,0,0,0.43388373911755823,-0.900968867902419,2,0,1,0,0,0,0,0,0,0,0,0,0,0,0.8125,0,0.0,0,0.0,0,0.0,0,0.0,0,0.0,0,0.0,0,0.0,0,0.0,0,0.0,0,0.0,0,0.0,0,0.0,0,0.0,0,0,-0.5,1,19.2,72,0.0,0
2014-02-28,3327,4,0,0,0,0,1,0,0,-0.433883739117558,-0.9009688679024191,2,0,1,0,0,0,0,0,0,0,0,0,0,0,0.875,0,0.0,0,0.0,0,0.0,0,0.0,0,0.0,0,0.0,0,0.0,0,0.0,0,0.0,0,0.0,0,0.0,0,0.0,0,0.0,0,0,-0.4166666666666667,1,20.4,70,0.0,0
2014-03-01,3460,5,0,0,0,0,0,1,0,-0.9749279121818236,-0.2225209339563146,3,0,0,1,0,0,0,0,0,0,0,0,0,0,0.9375,0,0.0,0,0.0,0,0.0,0,0.0,0,0.0,0,0.0,0,0.0,0,0.0,0,0.0,0,0.0,0,0.0,0,0.0,0,0.0,0,0,-0.3333333333333333,1,19.5,74,0.0,0
2014-03-02,3850,6,0,0,0,0,0,0,1,-0.7818314824680299,0.6234898018587334,3,0,0,1,0,0,0,0,0,0,0,0,0,0,1.0,0,0.0,0,0.0,0,0.0,0,0.0,0,0.0,0,0.0,0,0.0,0,0.0,0,0.0,0,0.0,0,0.0,0,0.0,0,0.0,0,0,-0.25,1,14.3,84,8.5,1
2014-03-03,2079,0,1,0,0,0,0,0,0,0.0,1.0,3,0,0,1,0,0,0,0,0,0,0,0,0,0,0.0,0,0.0,0,0.0,0,0.0,0,0.0,0,0.0,0,0.0,0,0.0,0,0.0,0,0.0,0,0.0,0,0.0,0,0.0,0,0.0,0,0,-0.16666666666666666,1,14.8,80,5.5,1
2014-03-04,1840,1,0,1,0,0,0,0,0,0.7818314824680298,0.6234898018587336,3,0,0,1,0,0,0,0,0,0,0,0,0,0,0.0,0,0.0,0,0.0,0,0.0,0,0.0,0,0.0,0,0.0,0,0.0,0,0.0,0,0.0,0,0.0,0,0.0,0,0.0,0,0.0,0,0,-0.08333333333333333,1,14.8,88,12.5,1
2014-03-05,2264,2,0,0,1,0,0,0,0,0.9749279121818236,-0.22252093395631434,3,0,0,1,0,0,0,0,0,0,0,0,0,0,0.0,0,0.0,0,0.0,0,0.0,0,0.0,0,0.0,0,0.0,0,0.0,0,0.0,0,0.0,0,0.0,0,0.0,0,0.0,0,0.0,0,1,0.0,1,14.0,76,5.0,1
2014-03-06,1721,3,0,0,0,1,0,0,0,0.43388373911755823,-0.900968867902419,3,0,0,1,0,0,0,0,0,0,0,0,0,0,0.0,0,0.0,0,0.0,0,0.0,0,0.0,0,0.0,0,0.0,0,0.0,0,0.0,0,0.0,0,0.0,0,0.0,0,0.0,0,0.0,0,0,0.08333333333333333,1,13.1,86,17.5,1
2014-03-07,2257,4,0,0,0,0,1,0,0,-0.433883739117558,-0.9009688679024191,3,0,0,1,0,0,0,0,0,0,0,0,0,0,0.0,0,0.0,0,0.0,0,0.0,0,0.0,0,0.0,0,0.0,0,0.0,0,0.0,0,0.0,0,0.0,0,0.0,0,0.0,0,0.0,0,0,0.16666666666666666,1,14.5,85,13.0,1
2014-03-08,3611,5,0,0,0,0,0,1,0,-0.9749279121818236,-0.2225209339563146,3,0,0,1,0,0,0,0,0,0,0,0,0,0,0.0,0,0.0,0,0.0,0,0.0,0,0.0,0,0.0,0,0.0,0,0.0,0,0.0,0,0.0,0,0.0,0,0.0,0,0.0,0,0.0,0,0,0.25,1,14.0,90,18.5,1
2014-03-09,4925,6,0,0,0,0,0,0,1,-0.7818314824680299,0.6234898018587334,3,0,0,1,0,0,0,0,0,0,0,0,0,0,0.0,0,0.0,0,0.0,0,0.0,0,0.0,0,0.0,0,0.0,0,0.0,0,0.0,0,0.0,0,0.0,0,0.0,0,0.0,0,0.0,0,0,0.3333333333333333,1,12.7,79,3.5,1
2014-03-10,2224,0,1,0,0,0,0,0,0,0.0,1.0,3,0,0,1,0,0,0,0,0,0,0,0,0,0,0.0,0,0.0,0,0.0,0,0.0,0,0.0,0,0.0,0,0.0,0,0.0,0,0.0,0,0.0,0,0.0,0,0.0,0,0.0,0,0.0,0,0,0.4166666666666667,1,14.6,66,0.0,0
2014-03-11,2327,1,0,1,0,0,0,0,0,0.7818314824680298,0.6234898018587336,3,0,0,1,0,0,0,0,0,0,0,0,0,0,0.0,0,0.0,0,0.0,0,0.0,0,0.0,0,0.0,0,0.0,0,0.0,0,0.0,0,0.0,0,0.0,0,0.0,0,0.0,0,0.0,0,0,0.5,1,17.8,70,0.0,0
2014-03-12,1815,2,0,0,1,0,0,0,0,0.9749279121818236,-0.22252093395631434,3,0,0,1,0,0,0,0,0,0,0,0,0,0,0.0,0,0.0,0,0.0,0,0.0,0,0.0,0,0.0,0,0.0,0,0.0,0,0.0,0,0.0,0,0.0,0,0.0,0,0.0,0,0.0,0,0,0.5833333333333334,1,17.0,85,16.5,1
2014-03-13,1863,3,0,0,0,1,0,0,0,0.43388373911755823,-0.900968867902419,3,0,0,1,0,0,0,0,0,0,0,0,0,0,0.0,0,0.0,0,0.0,0,0.0,0,0.0,0,0.0,0,0.0,0,0.0,0,0.0,0,0.0,0,0.0,0,0.0,0,0.0,0,0.0,0,0,0.6666666666666666,1,15.1,83,9.0,1
2014-03-14,2291,4,0,0,0,0,1,0,0,-0.433883739117558,-0.9009688679024191,3,0,0,1,0,0,0,0,0,0,0,0,0,0,0.0,0,0.0,0,0.0,0,0.0,0,0.0,0,0.0,0,0.0,0,0.0,0,0.0,0,0.0,0,0.0,0,0.0,0,0.0,0,0.0,0,0,0.75,1,14.1,55,0.0,0
2014-03-15,3220,5,0,0,0,0,0,1,0,-0.9749279121818236,-0.2225209339563146,3,0,0,1,0,0,0,0,0,0,0,0,0,0,0.0,0,0.0,0,0.0,0,0.0,0,0.0,0,0.0,0,0.0,0,0.0,0,0.0,0,0.0,0,0.0,0,0.0,0,0.0,0,0.0,0,0,0.8333333333333334,1,17.6,49,0.0,0
2014-03-16,3524,6,0,0,0,0,0,0,1,-0.7818314824680299,0.6234898018587334,3,0,0,1,0,0,0,0,0,0,0,0,0,0,0.0,0,0.0,0,0.0,0,0.0,0,0.0,0,0.0,0,0.0,0,0.0,0,0.0,0,0.0,0,0.0,0,0.0,0,0.0,0,0.0,0,0,0.9166666666666666,1,18.0,67,0.0,0
2014-03-17,1897,0,1,0,0,0,0,0,0,0.0,1.0,3,0,0,1,0,0,0,0,0,0,0,0,0,0,0.0,0,0.0,0,0.0,0,0.0,0,0.0,0,0.0,0,0.0,0,0.0,0,0.0,0,0.0,0,0.0,0,0.0,0,0.0,0,0.0,0,0,1.0,1,20.2,68,0.0,0
2014-03-18,1793,1,0,1,0,0,0,0,0,0.7818314824680298,0.6234898018587336,3,0,0,1,0,0,0,0,0,0,0,0,0,0,0.0,0,0.0,0,0.0,0,0.0,0,0.0,0,0.0,0,0.0,0,0.0,0,0.0,0,0.0,0,0.0,0,0.0,0,0.0,0,0.0,0,0,0.0,1,22.4,68,0.0,0
2014-03-19,1762,2,0,0,1,0,0,0,0,0.9749279121818236,-0.22252093395631434,3,0,0,1,0,0,0,0,0,0,0,0,0,0,0.0,0,0.0,0,0.0,0,0.0,0,0.0,0,0.0,0,0.0,0,0.0,0,0.0,0,0.0,0,0.0,0,0.0,0,0.0,0,0.0,0,0,0.0,1,23.8,69,0.0,0
2014-03-20,1457,3,0,0,0,1,0,0,0,0.43388373911755823,-0.900968867902419,3,0,0,1,0,0,0,0,0,0,0,0,0,0,0.0,0,0.0,0,0.0,0,0.0,0,0.0,0,0.0,0,0.0,0,0.0,0,0.0,0,0.0,0,-1.0,0,0.0,0,0.0,0,0.0,0,0,0.0,1,16.8,80,1.5,1
2014-03-21,2190,4,0,0,0,0,1,0,0,-0.433883739117558,-0.9009688679024191,3,0,0,1,0,0,0,0,0,0,0,0,0,0,0.0,0,0.0,0,0.0,0,0.0,0,0.0,0,0.0,0,0.0,0,0.0,0,0.0,0,0.0,0,-0.9375,0,0.0,0,0.0,0,0.0,0,0,0.0,1,13.3,60,0.5,1
2014-03-22,3525,5,0,0,0,0,0,1,0,-0.9749279121818236,-0.2225209339563146,3,0,0,1,0,0,0,0,0,0,0,0,0,0,0.0,0,0.0,0,0.0,0,0.0,0,0.0,0,0.0,0,0.0,0,0.0,0,0.0,0,0.0,0,-0.875,0,0.0,0,0.0,0,0.0,0,0,0.0,1,16.0,57,0.0,0
2014-03-23,3717,6,0,0,0,0,0,0,1,-0.7818314824680299,0.6234898018587334,3,0,0,1,0,0,0,0,0,0,0,0,0,0,0.0,0,0.0,0,0.0,0,0.0,0,0.0,0,0.0,0,0.0,0,0.0,0,0.0,0,0.0,0,-0.8125,0,0.0,0,0.0,0,0.0,0,0,0.0,1,19.4,55,0.0,0
2014-03-24,1989,0,1,0,0,0,0,0,0,0.0,1.0,3,0,0,1,0,0,0,0,0,0,0,0,0,0,0.0,0,0.0,0,0.0,0,0.0,0,0.0,0,0.0,0,0.0,0,0.0,0,0.0,0,0.0,0,-0.75,0,0.0,0,0.0,0,0.0,0,0,-1.0,1,20.5,60,0.0,0
2014-03-25,1892,1,0,1,0,0,0,0,0,0.7818314824680298,0.6234898018587336,3,0,0,1,0,0,0,0,0,0,0,0,0,0,0.0,0,0.0,0,0.0,0,0.0,0,0.0,0,0.0,0,0.0,0,0.0,0,0.0,0,0.0,0,-0.6875,0,0.0,0,0.0,0,0.0,0,0,-0.9166666666666666,1,21.8,63,0.0,0
2014-03-26,1875,2,0,0,1,0,0,0,0,0.9749279121818236,-0.22252093395631434,3,0,0,1,0,0,0,0,0,0,0,0,0,0,0.0,0,0.0,0,0.0,0,0.0,0,0.0,0,0.0,0,0.0,0,0.0,0,0.0,0,0.0,0,-0.625,0,0.0,0,0.0,0,0.0,0,0,-0.8333333333333334,1,23.8,66,0.0,0
2014-03-27,1954,3,0,0,0,1,0,0,0,0.43388373911755823,-0.900968867902419,3,0,0,1,0,0,0,0,0,0,0,0,0,0,0.0,0,0.0,0,0.0,0,0.0,0,0.0,0,0.0,0,0.0,0,0.0,0,0.0,0,0.0,0,-0.5625,0,0.0,0,0.0,0,0.0,0,0,-0.75,1,24.1,72,0.0,0
2014-03-28,2292,4,0,0,0,0,1,0,0,-0.433883739117558,-0.9009688679024191,3,0,0,1,0,0,0,0,0,0,0,0,0,0,0.0,0,0.0,0,0.0,0,0.0,0,0.0,0,0.0,0,0.0,0,0.0,0,0.0,0,0.0,0,-0.5,0,0.0,0,0.0,0,0.0,0,0,-0.6666666666666666,1,25.0,69,0.0,0
2014-03-29,3322,5,0,0,0,0,0,1,0,-0.9749279121818236,-0.2225209339563146,3,0,0,1,0,0,0,0,0,0,0,0,0,0,0.0,0,0.0,0,0.0,0,0.0,0,0.0,0,0.0,0,0.0,0,0.0,0,0.0,0,0.0,0,-0.4375,0,0.0,0,0.0,0,0.0,0,0,-0.5833333333333334,1,25.5,71,14.0,1
2014-03-30,4139,6,0,0,0,0,0,0,1,-0.7818314824680299,0.6234898018587334,3,0,0,1,0,0,0,0,0,0,0,0,0,0,0.0,0,0.0,0,0.0,0,0.0,0,0.0,0,0.0,0,0.0,0,0.0,0,0.0,0,0.0,0,-0.375,0,0.0,0,0.0,0,0.0,0,0,-0.5,1,22.5,59,0.0,0
2014-03-31,1951,0,1,0,0,0,0,0,0,0.0,1.0,3,0,0,1,0,0,0,0,0,0,0,0,0,0,0.0,0,0.0,0,0.0,0,0.0,0,0.0,0,0.0,0,0.0,0,0.0,0,0.0,0,0.0,0,-0.3125,0,0.0,0,0.0,0,0.0,0,0,-0.4166666666666667,1,21.3,74,20.0,1
2014-04-01,1880,1,0,1,0,0,0,0,0,0.7818314824680298,0.6234898018587336,4,0,0,0,1,0,0,0,0,0,0,0,0,0,0.0,0,0.0,0,0.0,0,0.0,0,0.0,0,0.0,0,0.0,0,0.0,0,0.0,0,0.0,0,-0.25,0,0.0,0,0.0,0,0.0,0,0,-0.3333333333333333,1,17.0,87,14.5,1
2014-04-02,1955,2,0,0,1,0,0,0,0,0.9749279121818236,-0.22252093395631434,4,0,0,0,1,0,0,0,0,0,0,0,0,0,0.0,0,0.0,0,0.0,0,0.0,0,0.0,0,0.0,0,0.0,0,0.0,0,0.0,0,0.0,0,-0.1875,0,0.0,0,0.0,0,0.0,0,0,-0.25,1,18.7,77,0.0,0
2014-04-03,2029,3,0,0,0,1,0,0,0,0.43388373911755823,-0.900968867902419,4,0,0,0,1,0,0,0,0,0,0,0,0,0,0.0,0,0.0,0,0.0,0,0.0,0,0.0,0,0.0,0,0.0,0,0.0,0,0.0,0,0.0,0,-0.125,0,0.0,0,0.0,0,0.0,0,0,-0.16666666666666666,1,18.3,84,3.0,1
2014-04-04,3499,4,0,0,0,0,1,0,0,-0.433883739117558,-0.9009688679024191,4,0,0,0,1,0,0,0,0,0,0,0,0,0,0.0,0,0.0,0,0.0,0,0.0,0,0.0,0,0.0,0,0.0,0,0.0,0,0.0,0,0.0,0,-0.0625,0,0.0,0,0.0,0,0.0,0,0,-0.08333333333333333,1,18.2,61,0.0,0
2014-04-05,2991,5,0,0,0,0,0,1,0,-0.9749279121818236,-0.2225209339563146,4,0,0,0,1,0,0,0,0,0,0,0,0,0,0.0,0,0.0,0,0.0,0,0.0,0,0.0,0,0.0,0,0.0,0,0.0,0,0.0,0,0.0,1,0.0,0,0.0,0,0.0,0,0.0,0,1,0.0,1,21.1,53,0.0,0
2014-04-06,3639,6,0,0,0,0,0,0,1,-0.7818314824680299,0.6234898018587334,4,0,0,0,1,0,0,0,0,0,0,0,0,0,0.0,0,0.0,0,0.0,0,0.0,0,0.0,0,0.0,0,0.0,0,0.0,0,0.0,0,0.0,0,0.0625,0,0.0,0,0.0,0,0.0,0,0,0.08333333333333333,1,20.3,63,0.0,0
2014-04-07,1574,0,1,0,0,0,0,0,0,0.0,1.0,4,0,0,0,1,0,0,0,0,0,0,0,0,0,0.0,0,0.0,0,0.0,0,0.0,0,0.0,0,0.0,0,0.0,0,0.0,0,0.0,0,0.0,0,0.125,0,0.0,0,0.0,0,0.0,0,0,0.16666666666666666,1,18.7,87,13.5,1
2014-04-08,2094,1,0,1,0,0,0,0,0,0.7818314824680298,0.6234898018587336,4,0,0,0,1,0,0,0,0,0,0,0,0,0,0.0,0,0.0,0,0.0,0,0.0,0,0.0,0,0.0,0,0.0,0,0.0,0,0.0,0,0.0,0,0.1875,0,0.0,0,0.0,0,0.0,0,0,0.25,1,22.0,76,0.5,1
2014-04-09,1821,2,0,0,1,0,0,0,0,0.9749279121818236,-0.22252093395631434,4,0,0,0,1,0,0,0,0,0,0,0,0,0,0.0,0,0.0,0,0.0,0,0.0,0,0.0,0,0.0,0,0.0,0,0.0,0,0.0,0,0.0,0,0.25,0,0.0,0,0.0,0,0.0,0,0,0.3333333333333333,1,21.6,77,0.0,0
2014-04-10,1978,3,0,0,0,1,0,0,0,0.43388373911755823,-0.900968867902419,4,0,0,0,1,0,0,0,0,0,0,0,0,0,0.0,0,0.0,0,0.0,0,0.0,0,0.0,0,0.0,0,0.0,0,0.0,0,0.0,0,0.0,0,0.3125,0,0.0,0,0.0,0,0.0,0,0,0.4166666666666667,1,22.9,65,0.0,0
2014-04-11,1882,4,0,0,0,0,1,0,0,-0.433883739117558,-0.9009688679024191,4,0,0,0,1,0,0,0,0,0,0,0,0,0,0.0,0,0.0,0,0.0,0,0.0,0,0.0,0,0.0,0,0.0,0,0.0,0,0.0,0,0.0,0,0.375,0,0.0,0,0.0,0,0.0,0,0,0.5,1,24.1,63,0.0,0
2014-04-12,3340,5,0,0,0,0,0,1,0,-0.9749279121818236,-0.2225209339563146,4,0,0,0,1,0,0,0,0,0,0,0,0,0,0.0,0,0.0,0,0.0,0,0.0,0,0.0,0,0.0,0,0.0,0,0.0,0,0.0,0,0.0,0,0.4375,0,0.0,0,0.0,0,0.0,0,0,0.5833333333333334,1,25.3,64,0.0,0
2014-04-13,3913,6,0,0,0,0,0,0,1,-0.7818314824680299,0.6234898018587334,4,0,0,0,1,0,0,0,0,0,0,0,0,0,0.0,0,0.0,0,0.0,0,0.0,0,0.0,0,0.0,0,0.0,0,0.0,0,0.0,0,0.0,0,0.5,0,0.0,0,0.0,0,0.0,0,0,0.6666666666666666,1,25.1,66,0.0,0
2014-04-14,1830,0,1,0,0,0,0,0,0,0.0,1.0,4,0,0,0,1,0,0,0,0,0,0,0,0,0,0.0,0,0.0,0,0.0,0,0.0,0,0.0,0,0.0,0,0.0,0,0.0,0,0.0,0,0.0,0,0.5625,0,0.0,0,0.0,0,0.0,0,0,0.75,1,19.7,66,0.0,0
2014-04-15,1824,1,0,1,0,0,0,0,0,0.7818314824680298,0.6234898018587336,4,0,0,0,1,0,0,0,0,0,0,0,0,0,0.0,0,0.0,0,0.0,0,0.0,0,0.0,0,0.0,0,0.0,0,0.0,0,0.0,0,0.0,0,0.625,0,0.0,0,0.0,0,0.0,0,0,0.8333333333333334,1,22.4,61,0.0,0
2014-04-16,1781,2,0,0,1,0,0,0,0,0.9749279121818236,-0.22252093395631434,4,0,0,0,1,0,0,0,0,0,0,0,0,0,0.0,0,0.0,0,0.0,0,0.0,0,0.0,0,0.0,0,0.0,0,0.0,0,0.0,0,0.0,0,0.6875,0,0.0,0,0.0,0,0.0,0,0,0.9166666666666666,1,23.9,70,0.0,0
2014-04-17,1743,3,0,0,0,1,0,0,0,0.43388373911755823,-0.900968867902419,4,0,0,0,1,0,0,0,0,0,0,0,0,0,0.0,0,0.0,0,0.0,0,0.0,0,0.0,0,0.0,0,0.0,0,0.0,0,0.0,0,0.0,0,0.75,0,0.0,0,0.0,0,0.0,0,0,1.0,1,25.1,70,0.0,0
2014-04-18,1984,4,0,0,0,0,1,0,0,-0.433883739117558,-0.9009688679024191,4,0,0,0,1,0,0,0,0,0,0,0,0,0,0.0,0,0.0,0,0.0,0,0.0,0,0.0,0,0.0,0,0.0,0,0.0,0,0.0,0,0.0,0,0.8125,0,0.0,0,0.0,0,0.0,0,0,0.0,1,25.5,74,0.0,0
2014-04-19,3173,5,0,0,0,0,0,1,0,-0.9749279121818236,-0.2225209339563146,4,0,0,0,1,0,0,0,0,0,0,0,0,0,0.0,0,0.0,0,0.0,0,0.0,0,0.0,0,0.0,0,0.0,0,0.0,0,0.0,0,0.0,0,0.875,0,0.0,0,0.0,0,0.0,0,0,0.0,1,25.4,76,0.0,0
2014-04-20,3798,6,0,0,0,0,0,0,1,-0.7818314824680299,0.6234898018587334,4,0,0,0,1,0,0,0,0,0,0,0,0,0,0.0,0,0.0,0,0.0,0,0.0,0,0.0,0,0.0,0,0.0,0,0.0,0,0.0,0,0.0,0,0.9375,0,0.0,0,0.0,0,0.0,0,0,0.0,1,23.3,81,0.0,0
2014-04-21,1935,0,1,0,0,0,0,0,0,0.0,1.0,4,0,0,0,1,0,0,0,0,0,0,0,0,0,0.0,0,0.0,0,0.0,0,0.0,0,0.0,0,0.0,0,0.0,0,0.0,0,0.0,0,0.0,0,1.0,0,0.0,0,0.0,0,0.0,0,0,0.0,1,24.0,75,0.0,0
2014-04-22,1586,1,0,1,0,0,0,0,0,0.7818314824680298,0.6234898018587336,4,0,0,0,1,0,0,0,0,0,0,0,0,0,0.0,0,0.0,0,0.0,0,0.0,0,0.0,0,0.0,0,0.0,0,0.0,0,0.0,0,0.0,0,0.0,0,0.0,0,0.0,0,0.0,0,0,0.0,1,21.6,87,1.5,1
2014-04-23,2429,2,0,0,1,0,0,0,0,0.9749279121818236,-0.22252093395631434,4,0,0,0,1,0,0,0,0,0,0,0,0,0,0.0,0,0.0,0,0.0,0,0.0,0,0.0,0,0.0,0,0.0,0,0.0,0,0.0,0,0.0,0,0.0,0,0.0,0,0.0,0,0.0,0,0,-1.0,1,20.4,78,0.0,0
2014-04-24,2152,3,0,0,0,1,0,0,0,0.43388373911755823,-0.900968867902419,4,0,0,0,1,0,0,0,0,0,0,0,0,0,0.0,0,0.0,0,0.0,0,0.0,0,0.0,0,0.0,0,0.0,0,0.0,0,0.0,0,0.0,0,0.0,0,0.0,0,0.0,0,0.0,0,0,-0.9166666666666666,1,21.3,91,33.5,1
2014-04-25,2402,4,0,0,0,0,1,0,0,-0.433883739117558,-0.9009688679024191,4,0,0,0,1,0,0,0,0,0,0,0,0,0,0.0,0,0.0,0,-1.0,0,0.0,0,0.0,0,0.0,0,0.0,0,0.0,0,0.0,0,0.0,0,0.0,0,0.0,0,0.0,0,0.0,0,0,-0.8333333333333334,1,23.2,88,11.0,1
2014-04-26,3516,5,0,0,0,0,0,1,0,-0.9749279121818236,-0.2225209339563146,4,0,0,0,1,0,0,0,0,0,0,0,0,0,0.0,0,0.0,0,-0.9375,0,0.0,0,0.0,0,0.0,0,0.0,0,0.0,0,0.0,0,0.0,0,0.0,0,0.0,0,0.0,0,0.0,0,0,-0.75,1,24.3,88,11.0,1
2014-04-27,4604,6,0,0,0,0,0,0,1,-0.7818314824680299,0.6234898018587334,4,0,0,0,1,0,0,0,0,0,0,0,0,0,0.0,0,0.0,0,-0.875,0,0.0,0,0.0,0,0.0,0,0.0,0,0.0,0,0.0,0,0.0,0,0.0,0,0.0,0,0.0,0,0.0,0,0,-0.6666666666666666,1,24.5,81,0.0,0
2014-04-28,2174,0,1,0,0,0,0,0,0,0.0,1.0,4,0,0,0,1,0,0,0,0,0,0,0,0,0,0.0,0,0.0,0,-0.8125,0,0.0,0,0.0,0,0.0,0,0.0,0,0.0,0,0.0,0,0.0,0,0.0,0,0.0,0,0.0,0,0.0,0,0,-0.5833333333333334,1,22.9,67,0.0,0
2014-04-29,2065,1,0,1,0,0,0,0,0,0.7818314824680298,0.6234898018587336,4,0,0,0,1,0,0,0,0,0,0,0,0,0,0.0,0,0.0,0,-0.75,0,0.0,0,0.0,0,0.0,0,0.0,0,0.0,0,0.0,0,0.0,0,0.0,0,0.0,0,0.0,0,0.0,0,0,-0.5,1,21.6,66,0.0,0
2014-04-30,1878,2,0,0,1,0,0,0,0,0.9749279121818236,-0.22252093395631434,4,0,0,0,1,0,0,0,0,0,0,0,0,0,0.0,0,0.0,0,-0.6875,0,0.0,0,0.0,0,0.0,0,0.0,0,0.0,0,0.0,0,0.0,0,0.0,0,0.0,0,0.0,0,0.0,0,0,-0.4166666666666667,1,21.2,80,3.5,1
2014-05-01,3064,3,0,0,0,1,0,0,0,0.43388373911755823,-0.900968867902419,5,0,0,0,0,1,0,0,0,0,0,0,0,0,0.0,0,0.0,0,-0.625,0,0.0,0,0.0,0,0.0,0,0.0,0,0.0,0,0.0,0,0.0,0,0.0,0,0.0,0,0.0,0,0.0,0,0,-0.3333333333333333,1,20.1,96,25.5,1
2014-05-02,2557,4,0,0,0,0,1,0,0,-0.433883739117558,-0.9009688679024191,5,0,0,0,0,1,0,0,0,0,0,0,0,0,0.0,0,0.0,0,-0.5625,0,0.0,0,0.0,0,0.0,0,0.0,0,0.0,0,0.0,0,0.0,0,0.0,0,0.0,0,0.0,0,0.0,0,0,-0.25,1,23.9,81,0.0,0
2014-05-03,3435,5,0,0,0,0,0,1,0,-0.9749279121818236,-0.2225209339563146,5,0,0,0,0,1,0,0,0,0,0,0,0,0,0.0,0,0.0,0,-0.5,0,0.0,0,0.0,0,0.0,0,0.0,0,0.0,0,0.0,0,0.0,0,0.0,0,0.0,0,0.0,0,0.0,0,0,-0.16666666666666666,1,23.2,68,0.0,0
2014-05-04,4285,6,0,0,0,0,0,0,1,-0.7818314824680299,0.6234898018587334,5,0,0,0,0,1,0,0,0,0,0,0,0,0,0.0,0,0.0,0,-0.4375,0,0.0,0,0.0,0,0.0,0,0.0,0,0.0,0,0.0,0,0.0,0,0.0,0,0.0,0,0.0,0,0.0,0,0,-0.08333333333333333,1,24.0,75,0.5,1
2014-05-05,1804,0,1,0,0,0,0,0,0,0.0,1.0,5,0,0,0,0,1,0,0,0,0,0,0,0,0,0.0,0,0.0,0,-0.375,0,0.0,0,0.0,0,0.0,0,0.0,0,0.0,0,0.0,0,0.0,0,0.0,0,0.0,0,0.0,0,0.0,0,1,0.0,1,18.5,89,47.0,1
2014-05-06,1844,1,0,1,0,0,0,0,0,0.7818314824680298,0.6234898018587336,5,0,0,0,0,1,0,0,0,0,0,0,0,0,0.0,0,0.0,0,-0.3125,0,0.0,0,0.0,0,0.0,0,0.0,0,0.0,0,0.0,0,0.0,0,0.0,0,0.0,0,0.0,0,0.0,0,0,0.08333333333333333,1,17.5,92,4.5,1
2014-05-07,1709,2,0,0,1,0,0,0,0,0.9749279121818236,-0.22252093395631434,5,0,0,0,0,1,0,0,0,0,0,0,0,0,0.0,0,0.0,0,-0.25,0,0.0,0,0.0,0,0.0,0,0.0,0,0.0,0,0.0,0,0.0,0,0.0,0,0.0,0,0.0,0,0.0,0,0,0.16666666666666666,1,20.7,92,3.5,1
2014-05-08,2116,3,0,0,0,1,0,0,0,0.43388373911755823,-0.900968867902419,5,0,0,0,0,1,0,0,0,0,0,0,0,0,0.0,0,0.0,0,-0.1875,0,0.0,0,0.0,0,0.0,0,0.0,0,0.0,0,0.0,0,0.0,0,0.0,0,0.0,0,0.0,0,0.0,0,0,0.25,1,23.7,80,0.5,1
2014-05-09,1968,4,0,0,0,0,1,0,0,-0.433883739117558,-0.9009688679024191,5,0,0,0,0,1,0,0,0,0,0,0,0,0,0.0,0,0.0,0,-0.125,0,0.0,0,0.0,0,0.0,0,0.0,0,0.0,0,0.0,0,0.0,0,0.0,0,0.0,0,0.0,0,0.0,0,0,0.3333333333333333,1,22.8,92,43.5,1
2014-05-10,3462,5,0,0,0,0,0,1,0,-0.9749279121818236,-0.2225209339563146,5,0,0,0,0,1,0,0,0,0,0,0,0,0,0.0,0,0.0,0,-0.0625,0,0.0,0,0.0,0,0.0,0,0.0,0,0.0,0,0.0,0,0.0,0,0.0,0,0.0,0,0.0,0,0.0,0,0,0.4166666666666667,1,24.7,83,0.0,0
2014-05-11,3689,6,0,0,0,0,0,0,1,-0.7818314824680299,0.6234898018587334,5,0,0,0,0,1,0,0,0,0,0,0,0,0,0.0,0,0.0,1,0.0,0,0.0,0,0.0,0,0.0,0,0.0,0,0.0,0,0.0,0,0.0,0,0.0,0,0.0,0,0.0,0,0.0,0,0,0.5,1,26.7,78,1.5,1
2014-05-12,2056,0,1,0,0,0,0,0,0,0.0,1.0,5,0,0,0,0,1,0,0,0,0,0,0,0,0,0.0,0,0.0,0,0.0625,0,0.0,0,0.0,0,0.0,0,0.0,0,0.0,0,0.0,0,0.0,0,0.0,0,0.0,0,0.0,0,0.0,0,0,0.5833333333333334,1,27.4,77,0.5,1
2014-05-13,1927,1,0,1,0,0,0,0,0,0.7818314824680298,0.6234898018587336,5,0,0,0,0,1,0,0,0,0,0,0,0,0,0.0,0,0.0,0,0.125,0,0.0,0,0.0,0,0.0,0,0.0,0,0.0,0,0.0,0,0.0,0,0.0,0,0.0,0,0.0,0,0.0,0,0,0.6666666666666666,1,26.0,83,3.0,1
2014-05-14,2706,2,0,0,1,0,0,0,0,0.9749279121818236,-0.22252093395631434,5,0,0,0,0,1,0,0,0,0,0,0,0,0,0.0,0,0.0,0,0.1875,0,0.0,0,0.0,0,0.0,0,0.0,0,0.0,0,0.0,0,0.0,0,0.0,0,0.0,0,0.0,0,0.0,0,0,0.75,1,29.7,64,0.0,0
2014-05-15,2109,3,0,0,0,1,0,0,0,0.43388373911755823,-0.900968867902419,5,0,0,0,0,1,0,0,0,0,0,0,0,0,0.0,0,0.0,0,0.25,0,0.0,0,0.0,0,0.0,0,0.0,0,0.0,0,0.0,0,0.0,0,0.0,0,0.0,0,0.0,0,0.0,0,0,0.8333333333333334,1,27.0,77,52.0,1
2014-05-16,2577,4,0,0,0,0,1,0,0,-0.433883739117558,-0.9009688679024191,5,0,0,0,0,1,0,0,0,0,0,0,0,0,0.0,0,0.0,0,0.3125,0,0.0,0,0.0,0,0.0,0,0.0,0,0.0,0,0.0,0,0.0,0,0.0,0,0.0,0,0.0,0,0.0,0,0,0.9166666666666666,1,23.9,88,2.5,1
2014-05-17,4368,5,0,0,0,0,0,1,0,-0.9749279121818236,-0.2225209339563146,5,0,0,0,0,1,0,0,0,0,0,0,0,0,0.0,0,-1.0,0,0.375,0,0.0,0,0.0,0,0.0,0,0.0,0,0.0,0,0.0,0,0.0,0,0.0,0,0.0,0,0.0,0,0.0,0,0,1.0,1,27.1,82,0.0,0
2014-05-18,4825,6,0,0,0,0,0,0,1,-0.7818314824680299,0.6234898018587334,5,0,0,0,0,1,0,0,0,0,0,0,0,0,0.0,0,-0.9375,0,0.4375,0,0.0,0,0.0,0,0.0,0,0.0,0,0.0,0,0.0,0,0.0,0,0.0,0,0.0,0,0.0,0,0.0,0,0,0.0,1,27.9,75,1.0,1
2014-05-19,2074,0,1,0,0,0,0,0,0,0.0,1.0,5,0,0,0,0,1,0,0,0,0,0,0,0,0,0.0,0,-0.875,0,0.5,0,0.0,0,0.0,0,0.0,0,0.0,0,0.0,0,0.0,0,0.0,0,0.0,0,0.0,0,0.0,0,0.0,0,0,0.0,1,25.7,88,25.0,1
2014-05-20,2143,1,0,1,0,0,0,0,0,0.7818314824680298,0.6234898018587336,5,0,0,0,0,1,0,0,0,0,0,0,0,0,0.0,0,-0.8125,0,0.5625,0,0.0,0,0.0,0,0.0,0,0.0,0,0.0,0,0.0,0,0.0,0,0.0,0,0.0,0,0.0,0,0.0,0,0,0.0,1,24.8,92,70.5,1
2014-05-21,1956,2,0,0,1,0,0,0,0,0.9749279121818236,-0.22252093395631434,5,0,0,0,0,1,0,0,0,0,0,0,0,0,0.0,0,-0.75,0,0.625,0,0.0,0,0.0,0,0.0,0,0.0,0,0.0,0,0.0,0,0.0,0,0.0,0,0.0,0,0.0,0,0.0,0,0,0.0,1,19.1,97,241.0,1
2014-05-22,2401,3,0,0,0,1,0,0,0,0.43388373911755823,-0.900968867902419,5,0,0,0,0,1,0,0,0,0,0,0,0,0,0.0,0,-0.6875,0,0.6875,0,0.0,0,0.0,0,0.0,0,0.0,0,0.0,0,0.0,0,0.0,0,0.0,0,0.0,0,0.0,0,0.0,0,0,0.0,1,23.3,93,12.0,1
2014-05-23,2529,4,0,0,0,0,1,0,0,-0.433883739117558,-0.9009688679024191,5,0,0,0,0,1,0,0,0,0,0,0,0,0,0.0,0,-0.625,0,0.75,0,0.0,0,0.0,0,0.0,0,0.0,0,0.0,0,0.0,0,0.0,0,0.0,0,0.0,0,0.0,0,0.0,0,0,0.0,1,23.9,93,2.5,1
2014-05-24,4125,5,0,0,0,0,0,1,0,-0.9749279121818236,-0.2225209339563146,5,0,0,0,0,1,0,0,0,0,0,0,0,0,0.0,0,-0.5625,0,0.8125,0,0.0,0,0.0,0,0.0,0,0.0,0,0.0,0,0.0,0,0.0,0,0.0,0,0.0,0,0.0,0,0.0,0,0,-1.0,1,27.3,77,0.0,0
2014-05-25,4854,6,0,0,0,0,0,0,1,-0.7818314824680299,0.6234898018587334,5,0,0,0,0,1,0,0,0,0,0,0,0,0,0.0,0,-0.5,0,0.875,0,0.0,0,0.0,0,0.0,0,0.0,0,0.0,0,0.0,0,0.0,0,0.0,0,0.0,0,0.0,0,0.0,0,0,-0.9166666666666666,1,28.3,75,0.0,0
2014-05-26,2338,0,1,0,0,0,0,0,0,0.0,1.0,5,0,0,0,0,1,0,0,0,0,0,0,0,0,0.0,0,-0.4375,0,0.9375,0,0.0,0,0.0,0,0.0,0,0.0,0,0.0,0,0.0,0,0.0,0,0.0,0,0.0,0,0.0,0,0.0,0,0,-0.8333333333333334,1,28.8,76,4.5,1
2014-05-27,2397,1,0,1,0,0,0,0,0,0.7818314824680298,0.6234898018587336,5,0,0,0,0,1,0,0,0,0,0,0,0,0,0.0,0,-0.375,0,1.0,0,0.0,0,0.0,0,0.0,0,0.0,0,0.0,0,0.0,0,0.0,0,0.0,0,0.0,0,0.0,0,0.0,0,0,-0.75,1,26.8,88,7.0,1
2014-05-28,2260,2,0,0,1,0,0,0,0,0.9749279121818236,-0.22252093395631434,5,0,0,0,0,1,0,0,0,0,0,0,0,0,0.0,0,-0.3125,0,0.0,0,0.0,0,0.0,0,0.0,0,0.0,0,0.0,0,0.0,0,0.0,0,0.0,0,0.0,0,0.0,0,0.0,0,0,-0.6666666666666666,1,27.8,84,0.0,0
2014-05-29,1969,3,0,0,0,1,0,0,0,0.43388373911755823,-0.900968867902419,5,0,0,0,0,1,0,0,0,0,0,0,0,0,0.0,0,-0.25,0,0.0,0,0.0,0,0.0,0,0.0,0,0.0,0,0.0,0,0.0,0,0.0,0,0.0,0,0.0,0,0.0,0,0.0,0,0,-0.5833333333333334,1,25.7,94,75.0,1
2014-05-30,2340,4,0,0,0,0,1,0,0,-0.433883739117558,-0.9009688679024191,5,0,0,0,0,1,0,0,0,0,0,0,0,0,0.0,0,-0.1875,0,0.0,0,0.0,0,0.0,0,0.0,0,0.0,0,0.0,0,0.0,0,0.0,0,0.0,0,0.0,0,0.0,0,0.0,0,0,-0.5,1,26.7,90,2.0,1
2014-05-31,3822,5,0,0,0,0,0,1,0,-0.9749279121818236,-0.2225209339563146,5,0,0,0,0,1,0,0,0,0,0,0,0,0,0.0,0,-0.125,0,0.0,0,0.0,0,0.0,0,0.0,0,0.0,0,0.0,0,0.0,0,0.0,0,0.0,0,0.0,0,0.0,0,0.0,0,0,-0.4166666666666667,1,27.7,83,0.0,0
2014-06-01,4273,6,0,0,0,0,0,0,1,-0.7818314824680299,0.6234898018587334,6,0,0,0,0,0,1,0,0,0,0,0,0,0,0.0,0,-0.0625,0,0.0,0,0.0,0,0.0,0,0.0,0,0.0,0,0.0,0,0.0,0,0.0,0,0.0,0,0.0,0,0.0,0,0.0,0,0,-0.3333333333333333,1,28.3,78,0.0,0
2014-06-02,3808,0,1,0,0,0,0,0,0,0.0,1.0,6,0,0,0,0,0,1,0,0,0,0,0,0,0,0.0,1,0.0,0,0.0,0,0.0,0,0.0,0,0.0,0,0.0,0,0.0,0,0.0,0,0.0,0,0.0,0,0.0,0,0.0,0,0.0,0,0,-0.25,1,30.0,69,0.0,0
2014-06-03,2226,1,0,1,0,0,0,0,0,0.7818314824680298,0.6234898018587336,6,0,0,0,0,0,1,0,0,0,0,0,0,0,0.0,0,0.0625,0,0.0,0,0.0,0,0.0,0,0.0,0,0.0,0,0.0,0,0.0,0,0.0,0,0.0,0,0.0,0,0.0,0,0.0,0,0,-0.16666666666666666,1,27.5,79,1.5,1
2014-06-04,2252,2,0,0,1,0,0,0,0,0.9749279121818236,-0.22252093395631434,6,0,0,0,0,0,1,0,0,0,0,0,0,0,0.0,0,0.125,0,0.0,0,0.0,0,0.0,0,0.0,0,0.0,0,0.0,0,0.0,0,0.0,0,0.0,0,0.0,0,0.0,0,0.0,0,0,-0.08333333333333333,1,27.7,78,0.0,0
2014-06-05,1989,3,0,0,0,1,0,0,0,0.43388373911755823,-0.900968867902419,6,0,0,0,0,0,1,0,0,0,0,0,0,0,0.0,0,0.1875,0,0.0,0,0.0,0,0.0,0,0.0,0,0.0,0,0.0,0,0.0,0,0.0,0,0.0,0,0.0,0,0.0,0,0.0,0,1,0.0,1,27.7,86,52.5,1
2014-06-06,1972,4,0,0,0,0,1,0,0,-0.433883739117558,-0.9009688679024191,6,0,0,0,0,0,1,0,0,0,0,0,0,0,0.0,0,0.25,0,0.0,0,0.0,0,0.0,0,0.0,0,0.0,0,0.0,0,0.0,0,0.0,0,0.0,0,0.0,0,0.0,0,0.0,0,0,0.08333333333333333,1,25.2,90,94.0,1
2014-06-07,3644,5,0,0,0,0,0,1,0,-0.9749279121818236,-0.2225209339563146,6,0,0,0,0,0,1,0,0,0,0,0,0,0,0.0,0,0.3125,0,0.0,0,0.0,0,0.0,0,0.0,0,0.0,0,0.0,0,0.0,0,0.0,0,0.0,0,0.0,0,0.0,0,0.0,0,0,0.16666666666666666,1,25.9,91,27.0,1
2014-06-08,4022,6,0,0,0,0,0,0,1,-0.7818314824680299,0.6234898018587334,6,0,0,0,0,0,1,0,0,0,0,0,0,0,0.0,0,0.375,0,0.0,0,0.0,0,0.0,0,0.0,0,0.0,0,0.0,0,0.0,0,0.0,0,0.0,0,0.0,0,0.0,0,0.0,0,0,0.25,1,25.5,94,22.0,1
2014-06-09,1959,0,1,0,0,0,0,0,0,0.0,1.0,6,0,0,0,0,0,1,0,0,0,0,0,0,0,0.0,0,0.4375,0,0.0,0,0.0,0,0.0,0,0.0,0,0.0,0,0.0,0,0.0,0,0.0,0,0.0,0,0.0,0,0.0,0,0.0,0,0,0.3333333333333333,1,25.8,94,5.5,1
2014-06-10,1984,1,0,1,0,0,0,0,0,0.7818314824680298,0.6234898018587336,6,0,0,0,0,0,1,0,0,0,0,0,0,0,0.0,0,0.5,0,0.0,0,0.0,0,0.0,0,0.0,0,0.0,0,0.0,0,0.0,0,0.0,0,0.0,0,0.0,0,0.0,0,0.0,0,0,0.4166666666666667,1,25.6,91,0.5,1
2014-06-11,2125,2,0,0,1,0,0,0,0,0.9749279121818236,-0.22252093395631434,6,0,0,0,0,0,1,0,0,0,0,0,0,0,0.0,0,0.5625,0,0.0,0,0.0,0,0.0,0,0.0,0,0.0,0,0.0,0,0.0,0,0.0,0,0.0,0,0.0,0,0.0,0,0.0,0,0,0.5,1,24.9,87,1.0,1
2014-06-12,2013,3,0,0,0,1,0,0,0,0.43388373911755823,-0.900968867902419,6,0,0,0,0,0,1,0,0,0,0,0,0,0,0.0,0,0.625,0,0.0,0,0.0,0,0.0,0,0.0,0,0.0,0,0.0,0,0.0,0,0.0,0,0.0,0,0.0,0,0.0,0,0.0,0,0,0.5833333333333334,1,25.9,72,0.0,0
2014-06-13,2069,4,0,0,0,0,1,0,0,-0.433883739117558,-0.9009688679024191,6,0,0,0,0,0,1,0,0,0,0,0,0,0,0.0,0,0.6875,0,0.0,0,0.0,0,0.0,0,0.0,0,0.0,0,0.0,0,0.0,0,0.0,0,0.0,0,0.0,0,0.0,0,0.0,0,0,0.6666666666666666,1,27.2,66,0.0,0
2014-06-14,3455,5,0,0,0,0,0,1,0,-0.9749279121818236,-0.2225209339563146,6,0,0,0,0,0,1,0,0,0,0,0,0,0,0.0,0,0.75,0,0.0,0,0.0,0,0.0,0,0.0,0,0.0,0,0.0,0,0.0,0,0.0,0,0.0,0,0.0,0,0.0,0,0.0,0,0,0.75,1,27.5,81,0.0,0
2014-06-15,4039,6,0,0,0,0,0,0,1,-0.7818314824680299,0.6234898018587334,6,0,0,0,0,0,1,0,0,0,0,0,0,0,0.0,0,0.8125,0,0.0,0,0.0,0,0.0,0,0.0,0,0.0,0,0.0,0,0.0,0,0.0,0,0.0,0,0.0,0,0.0,0,0.0,0,0,0.8333333333333334,1,26.8,90,2.0,1
2014-06-16,1904,0,1,0,0,0,0,0,0,0.0,1.0,6,0,0,0,0,0,1,0,0,0,0,0,0,0,0.0,0,0.875,0,0.0,0,0.0,0,0.0,0,0.0,0,0.0,0,0.0,0,0.0,0,0.0,0,0.0,0,0.0,0,0.0,0,0.0,0,0,0.9166666666666666,1,27.4,86,13.5,1
2014-06-17,2020,1,0,1,0,0,0,0,0,0.7818314824680298,0.6234898018587336,6,0,0,0,0,0,1,0,0,0,0,0,0,0,0.0,0,0.9375,0,0.0,0,0.0,0,0.0,0,0.0,0,0.0,0,0.0,0,0.0,0,0.0,0,0.0,0,0.0,0,0.0,0,0.0,0,0,1.0,1,29.8,73,0.0,0
2014-06-18,2244,2,0,0,1,0,0,0,0,0.9749279121818236,-0.22252093395631434,6,0,0,0,0,0,1,0,0,0,0,0,0,0,0.0,0,1.0,0,0.0,0,0.0,0,0.0,0,0.0,0,0.0,0,0.0,0,0.0,0,0.0,0,0.0,0,0.0,0,0.0,0,0.0,0,0,0.0,1,30.4,70,0.0,0
2014-06-19,2150,3,0,0,0,1,0,0,0,0.43388373911755823,-0.900968867902419,6,0,0,0,0,0,1,0,0,0,0,0,0,0,0.0,0,0.0,0,0.0,0,0.0,0,0.0,0,0.0,0,0.0,0,0.0,0,0.0,0,0.0,0,0.0,0,0.0,0,0.0,0,0.0,0,0,0.0,1,29.6,76,0.0,0
2014-06-20,2261,4,0,0,0,0,1,0,0,-0.433883739117558,-0.9009688679024191,6,0,0,0,0,0,1,0,0,0,0,0,0,0,0.0,0,0.0,0,0.0,0,0.0,0,0.0,0,0.0,0,0.0,0,0.0,0,0.0,0,0.0,0,0.0,0,0.0,0,0.0,0,0.0,0,0,0.0,1,28.9,82,2.0,1
2014-06-21,3489,5,0,0,0,0,0,1,0,-0.9749279121818236,-0.2225209339563146,6,0,0,0,0,0,1,0,0,0,0,0,0,0,0.0,0,0.0,0,0.0,0,0.0,0,0.0,0,0.0,0,0.0,0,0.0,0,0.0,0,0.0,0,0.0,0,0.0,0,0.0,0,0.0,0,0,0.0,1,29.0,81,0.5,1
2014-06-22,4447,6,0,0,0,0,0,0,1,-0.7818314824680299,0.6234898018587334,6,0,0,0,0,0,1,0,0,0,0,0,0,0,0.0,0,0.0,0,0.0,0,0.0,0,0.0,0,0.0,0,0.0,0,0.0,0,0.0,0,0.0,0,0.0,0,0.0,0,0.0,0,0.0,0,0,0.0,1,28.9,82,1.0,1
2014-06-23,2159,0,1,0,0,0,0,0,0,0.0,1.0,6,0,0,0,0,0,1,0,0,0,0,0,0,0,0.0,0,0.0,0,0.0,0,0.0,0,0.0,0,0.0,0,0.0,0,0.0,0,0.0,0,0.0,0,0.0,0,0.0,0,0.0,0,0.0,0,0,-1.0,1,29.2,79,0.5,1
2014-06-24,2131,1,0,1,0,0,0,0,0,0.7818314824680298,0.6234898018587336,6,0,0,0,0,0,1,0,0,0,0,0,0,0,0.0,0,0.0,0,0.0,0,0.0,0,0.0,0,0.0,0,0.0,0,0.0,0,0.0,0,0.0,0,0.0,0,0.0,0,0.0,0,0.0,0,0,-0.9166666666666666,1,28.5,78,0.0,0
2014-06-25,2130,2,0,0,1,0,0,0,0,0.9749279121818236,-0.22252093395631434,6,0,0,0,0,0,1,0,0,0,0,0,0,0,0.0,0,0.0,0,0.0,0,0.0,0,0.0,0,0.0,0,0.0,0,0.0,0,0.0,0,0.0,0,0.0,0,0.0,0,0.0,0,0.0,0,0,-0.8333333333333334,1,29.6,77,0.0,0
2014-06-26,2111,3,0,0,0,1,0,0,0,0.43388373911755823,-0.900968867902419,6,0,0,0,0,0,1,0,0,0,0,0,0,0,0.0,0,0.0,0,0.0,0,0.0,0,0.0,0,0.0,0,0.0,0,0.0,0,0.0,0,0.0,0,0.0,0,0.0,0,0.0,0,0.0,0,0,-0.75,1,30.6,71,0.0,0
2014-06-27,2201,4,0,0,0,0,1,0,0,-0.433883739117558,-0.9009688679024191,6,0,0,0,0,0,1,0,0,0,0,0,0,0,0.0,0,0.0,0,0.0,0,0.0,0,0.0,0,0.0,0,0.0,0,0.0,0,0.0,0,0.0,0,0.0,0,0.0,0,0.0,0,0.0,0,0,-0.6666666666666666,1,30.6,73,0.0,0
2014-06-28,3625,5,0,0,0,0,0,1,0,-0.9749279121818236,-0.2225209339563146,6,0,0,0,0,0,1,0,0,0,0,0,0,0,0.0,0,0.0,0,0.0,0,0.0,0,0.0,0,0.0,0,0.0,0,0.0,0,0.0,0,0.0,0,0.0,0,0.0,0,0.0,0,0.0,0,0,-0.5833333333333334,1,30.6,74,0.0,0
2014-06-29,4213,6,0,0,0,0,0,0,1,-0.7818314824680299,0.6234898018587334,6,0,0,0,0,0,1,0,0,0,0,0,0,0,0.0,0,0.0,0,0.0,0,0.0,0,0.0,0,0.0,0,0.0,0,0.0,0,0.0,0,0.0,0,0.0,0,0.0,0,0.0,0,0.0,0,0,-0.5,1,30.1,75,2.0,1
2014-06-30,2187,0,1,0,0,0,0,0,0,0.0,1.0,6,0,0,0,0,0,1,0,0,0,0,0,0,0,0.0,0,0.0,0,0.0,0,0.0,0,0.0,0,0.0,0,0.0,0,0.0,0,0.0,0,0.0,0,0.0,0,0.0,0,0.0,0,0.0,0,0,-0.4166666666666667,1,28.1,83,14.0,1
2014-07-01,2145,1,0,1,0,0,0,0,0,0.7818314824680298,0.6234898018587336,7,0,0,0,0,0,0,1,0,0,0,0,0,0,0.0,0,0.0,0,0.0,0,0.0,0,0.0,0,0.0,0,0.0,0,0.0,0,0.0,0,0.0,0,0.0,0,0.0,0,0.0,0,0.0,0,0,-0.3333333333333333,1,29.2,78,0.0,0
2014-07-02,3181,2,0,0,1,0,0,0,0,0.9749279121818236,-0.22252093395631434,7,0,0,0,0,0,0,1,0,0,0,0,0,0,0.0,0,0.0,0,0.0,0,0.0,0,0.0,0,0.0,0,0.0,0,0.0,0,0.0,0,0.0,0,0.0,0,0.0,0,0.0,0,0.0,0,0,-0.25,1,30.6,70,0.0,0
2014-07-03,2851,3,0,0,0,1,0,0,0,0.43388373911755823,-0.900968867902419,7,0,0,0,0,0,0,1,0,0,0,0,0,0,0.0,0,0.0,0,0.0,0,0.0,0,0.0,0,0.0,0,0.0,0,0.0,0,0.0,0,0.0,0,0.0,0,0.0,0,0.0,0,0.0,0,0,-0.16666666666666666,1,31.5,68,0.0,0
2014-07-04,2751,4,0,0,0,0,1,0,0,-0.433883739117558,-0.9009688679024191,7,0,0,0,0,0,0,1,0,0,0,0,0,0,0.0,0,0.0,0,0.0,0,0.0,0,0.0,0,0.0,0,0.0,0,0.0,0,0.0,0,0.0,0,0.0,0,0.0,0,0.0,0,0.0,0,0,-0.08333333333333333,1,30.0,77,1.0,1
2014-07-05,4122,5,0,0,0,0,0,1,0,-0.9749279121818236,-0.2225209339563146,7,0,0,0,0,0,0,1,0,0,0,0,0,0,0.0,0,0.0,0,0.0,0,0.0,0,0.0,0,0.0,0,0.0,0,0.0,0,0.0,0,0.0,0,0.0,0,0.0,0,0.0,0,0.0,0,1,0.0,1,30.8,70,0.0,0
2014-07-06,4806,6,0,0,0,0,0,0,1,-0.7818314824680299,0.6234898018587334,7,0,0,0,0,0,0,1,0,0,0,0,0,0,0.0,0,0.0,0,0.0,0,0.0,0,0.0,0,0.0,0,0.0,0,0.0,0,0.0,0,0.0,0,0.0,0,0.0,0,0.0,0,0.0,0,0,0.08333333333333333,1,32.1,68,0.0,0
2014-07-07,2643,0,1,0,0,0,0,0,0,0.0,1.0,7,0,0,0,0,0,0,1,0,0,0,0,0,0,0.0,0,0.0,0,0.0,0,0.0,0,0.0,0,0.0,0,0.0,0,0.0,0,0.0,0,0.0,0,0.0,0,0.0,0,0.0,0,0.0,0,0,0.16666666666666666,1,32.2,67,0.0,0
2014-07-08,2444,1,0,1,0,0,0,0,0,0.7818314824680298,0.6234898018587336,7,0,0,0,0,0,0,1,0,0,0,0,0,0,0.0,0,0.0,0,0.0,0,0.0,0,0.0,0,0.0,0,0.0,0,0.0,0,0.0,0,0.0,0,0.0,0,0.0,0,0.0,0,0.0,0,0,0.25,1,28.3,83,11.5,1
2014-07-09,2779,2,0,0,1,0,0,0,0,0.9749279121818236,-0.22252093395631434,7,0,0,0,0,0,0,1,0,0,0,0,0,0,0.0,0,0.0,0,0.0,0,0.0,0,0.0,0,0.0,0,0.0,0,0.0,0,0.0,0,0.0,0,0.0,0,0.0,0,0.0,0,0.0,0,0,0.3333333333333333,1,32.2,66,0.0,0
2014-07-10,2689,3,0,0,0,1,0,0,0,0.43388373911755823,-0.900968867902419,7,0,0,0,0,0,0,1,0,0,0,0,0,0,0.0,0,0.0,0,0.0,0,0.0,0,0.0,0,0.0,0,0.0,0,0.0,0,0.0,0,0.0,0,0.0,0,0.0,0,0.0,0,0.0,0,0,0.4166666666666667,1,31.1,72,0.0,0
2014-07-11,2465,4,0,0,0,0,1,0,0,-0.433883739117558,-0.9009688679024191,7,0,0,0,0,0,0,1,0,0,0,0,0,0,0.0,0,0.0,0,0.0,0,0.0,0,0.0,0,0.0,0,0.0,0,0.0,0,0.0,0,0.0,0,0.0,0,0.0,0,0.0,0,0.0,0,0,0.5,1,30.5,75,1.0,1
2014-07-12,3844,5,0,0,0,0,0,1,0,-0.9749279121818236,-0.2225209339563146,7,0,0,0,0,0,0,1,0,0,0,0,0,0,0.0,0,0.0,0,0.0,0,0.0,0,0.0,0,0.0,0,0.0,0,0.0,0,0.0,0,0.0,0,0.0,0,0.0,0,0.0,0,0.0,0,0,0.5833333333333334,1,30.8,72,0.0,0
2014-07-13,4474,6,0,0,0,0,0,0,1,-0.7818314824680299,0.6234898018587334,7,0,0,0,0,0,0,1,0,0,0,0,0,0,0.0,0,0.0,0,0.0,0,0.0,0,0.0,0,0.0,0,0.0,0,0.0,0,0.0,0,0.0,0,0.0,0,0.0,0,0.0,0,0.0,0,0,0.6666666666666666,1,32.1,64,0.0,0
2014-07-14,2389,0,1,0,0,0,0,0,0,0.0,1.0,7,0,0,0,0,0,0,1,0,0,0,0,0,0,0.0,0,0.0,0,0.0,0,0.0,0,0.0,0,0.0,0,0.0,0,0.0,0,0.0,0,0.0,0,0.0,0,0.0,0,0.0,0,0.0,0,0,0.75,1,30.2,74,14.5,1
2014-07-15,2324,1,0,1,0,0,0,0,0,0.7818314824680298,0.6234898018587336,7,0,0,0,0,0,0,1,0,0,0,0,0,0,0.0,0,0.0,0,0.0,0,0.0,0,0.0,0,0.0,0,0.0,0,0.0,0,0.0,0,0.0,0,0.0,0,0.0,0,0.0,0,0.0,0,0,0.8333333333333334,1,30.0,75,0.0,0
2014-07-16,2296,2,0,0,1,0,0,0,0,0.9749279121818236,-0.22252093395631434,7,0,0,0,0,0,0,1,0,0,0,0,0,0,0.0,0,0.0,0,0.0,0,0.0,0,0.0,0,0.0,0,0.0,0,0.0,0,0.0,0,0.0,0,0.0,0,0.0,0,0.0,0,0.0,0,0,0.9166666666666666,1,30.0,71,0.0,0
2014-07-17,2294,3,0,0,0,1,0,0,0,0.43388373911755823,-0.900968867902419,7,0,0,0,0,0,0,1,0,0,0,0,0,0,0.0,0,0.0,0,0.0,0,0.0,0,0.0,0,-1.0,0,0.0,0,0.0,0,0.0,0,0.0,0,0.0,0,0.0,0,0.0,0,0.0,0,0,1.0,1,31.2,68,0.0,0
2014-07-18,2235,4,0,0,0,0,1,0,0,-0.433883739117558,-0.9009688679024191,7,0,0,0,0,0,0,1,0,0,0,0,0,0,0.0,0,0.0,0,0.0,0,0.0,0,0.0,0,-0.9375,0,0.0,0,0.0,0,0.0,0,0.0,0,0.0,0,0.0,0,0.0,0,0.0,0,0,0.0,1,30.2,72,6.0,1
2014-07-19,3767,5,0,0,0,0,0,1,0,-0.9749279121818236,-0.2225209339563146,7,0,0,0,0,0,0,1,0,0,0,0,0,0,0.0,0,0.0,0,0.0,0,0.0,0,0.0,0,-0.875,0,0.0,0,0.0,0,0.0,0,0.0,0,0.0,0,0.0,0,0.0,0,0.0,0,0,0.0,1,31.0,67,0.0,0
2014-07-20,4411,6,0,0,0,0,0,0,1,-0.7818314824680299,0.6234898018587334,7,0,0,0,0,0,0,1,0,0,0,0,0,0,0.0,0,0.0,0,0.0,0,0.0,0,0.0,0,-0.8125,0,0.0,0,0.0,0,0.0,0,0.0,0,0.0,0,0.0,0,0.0,0,0.0,0,0,0.0,1,31.8,60,0.0,0
2014-07-21,2856,0,1,0,0,0,0,0,0,0.0,1.0,7,0,0,0,0,0,0,1,0,0,0,0,0,0,0.0,0,0.0,0,0.0,0,0.0,0,0.0,0,-0.75,0,0.0,0,0.0,0,0.0,0,0.0,0,0.0,0,0.0,0,0.0,0,0.0,0,0,0.0,1,31.7,59,0.0,0
2014-07-22,3269,1,0,1,0,0,0,0,0,0.7818314824680298,0.6234898018587336,7,0,0,0,0,0,0,1,0,0,0,0,0,0,0.0,0,0.0,0,0.0,0,0.0,0,0.0,0,-0.6875,0,0.0,0,0.0,0,0.0,0,0.0,0,0.0,0,0.0,0,0.0,0,0.0,0,0,0.0,1,29.1,78,19.5,1
2014-07-23,3662,2,0,0,1,0,0,0,0,0.9749279121818236,-0.22252093395631434,7,0,0,0,0,0,0,1,0,0,0,0,0,0,0.0,0,0.0,0,0.0,0,0.0,0,0.0,0,-0.625,0,-1.0,0,0.0,0,0.0,0,0.0,0,0.0,0,0.0,0,0.0,0,0.0,0,0,0.0,1,26.6,90,31.0,1
2014-07-24,2354,3,0,0,0,1,0,0,0,0.43388373911755823,-0.900968867902419,7,0,0,0,0,0,0,1,0,0,0,0,0,0,0.0,0,0.0,0,0.0,0,0.0,0,0.0,0,-0.5625,0,-0.9375,0,0.0,0,0.0,0,0.0,0,0.0,0,0.0,0,0.0,0,0.0,0,0,-1.0,1,29.6,76,0.5,1
2014-07-25,1946,4,0,0,0,0,1,0,0,-0.433883739117558,-0.9009688679024191,7,0,0,0,0,0,0,1,0,0,0,0,0,0,0.0,0,0.0,0,0.0,0,0.0,0,-1.0,0,-0.5,0,-0.875,0,0.0,0,0.0,0,0.0,0,0.0,0,0.0,0,0.0,0,0.0,0,0,-0.9166666666666666,1,27.8,86,46.0,1
2014-07-26,4337,5,0,0,0,0,0,1,0,-0.9749279121818236,-0.2225209339563146,7,0,0,0,0,0,0,1,0,0,0,0,0,0,0.0,0,0.0,0,0.0,0,0.0,0,-0.9375,0,-0.4375,0,-0.8125,0,0.0,0,0.0,0,0.0,0,0.0,0,0.0,0,0.0,0,0.0,0,0,-0.8333333333333334,1,28.8,78,0.0,0
2014-07-27,4868,6,0,0,0,0,0,0,1,-0.7818314824680299,0.6234898018587334,7,0,0,0,0,0,0,1,0,0,0,0,0,0,0.0,0,0.0,0,0.0,0,0.0,0,-0.875,0,-0.375,0,-0.75,0,0.0,0,0.0,0,0.0,0,0.0,0,0.0,0,0.0,0,0.0,0,0,-0.75,1,30.4,69,0.0,0
2014-07-28,2337,0,1,0,0,0,0,0,0,0.0,1.0,7,0,0,0,0,0,0,1,0,0,0,0,0,0,0.0,0,0.0,0,0.0,0,0.0,0,-0.8125,0,-0.3125,0,-0.6875,0,0.0,0,0.0,0,0.0,0,0.0,0,0.0,0,0.0,0,0.0,0,0,-0.6666666666666666,1,30.7,66,0.0,0
2014-07-29,2259,1,0,1,0,0,0,0,0,0.7818314824680298,0.6234898018587336,7,0,0,0,0,0,0,1,0,0,0,0,0,0,0.0,0,0.0,0,0.0,0,0.0,0,-0.75,0,-0.25,0,-0.625,0,0.0,0,0.0,0,0.0,0,0.0,0,0.0,0,0.0,0,0.0,0,0,-0.5833333333333334,1,31.1,66,0.0,0
2014-07-30,2276,2,0,0,1,0,0,0,0,0.9749279121818236,-0.22252093395631434,7,0,0,0,0,0,0,1,0,0,0,0,0,0,0.0,0,0.0,0,0.0,0,0.0,0,-0.6875,0,-0.1875,0,-0.5625,0,0.0,0,0.0,0,0.0,0,0.0,0,0.0,0,0.0,0,0.0,0,0,-0.5,1,30.6,75,2.0,1
2014-07-31,2338,3,0,0,0,1,0,0,0,0.43388373911755823,-0.900968867902419,7,0,0,0,0,0,0,1,0,0,0,0,0,0,0.0,0,0.0,0,0.0,0,0.0,0,-0.625,0,-0.125,0,-0.5,0,0.0,0,0.0,0,0.0,0,0.0,0,0.0,0,0.0,0,0.0,0,0,-0.4166666666666667,1,29.2,84,37.5,1
2014-08-01,2408,4,0,0,0,0,1,0,0,-0.433883739117558,-0.9009688679024191,8,0,0,0,0,0,0,0,1,0,0,0,0,0,0.0,0,0.0,0,0.0,0,0.0,0,-0.5625,0,-0.0625,0,-0.4375,0,0.0,0,0.0,0,0.0,0,0.0,0,0.0,0,0.0,0,0.0,0,0,-0.3333333333333333,1,31.4,70,0.0,0
2014-08-02,4674,5,0,0,0,0,0,1,0,-0.9749279121818236,-0.2225209339563146,8,0,0,0,0,0,0,0,1,0,0,0,0,0,0.0,0,0.0,0,0.0,0,0.0,0,-0.5,1,0.0,0,-0.375,0,0.0,0,0.0,0,0.0,0,0.0,0,0.0,0,0.0,0,0.0,0,0,-0.25,1,31.7,66,0.0,0
2014-08-03,5310,6,0,0,0,0,0,0,1,-0.7818314824680299,0.6234898018587334,8,0,0,0,0,0,0,0,1,0,0,0,0,0,0.0,0,0.0,0,0.0,0,0.0,0,-0.4375,0,0.0625,0,-0.3125,0,0.0,0,0.0,0,0.0,0,0.0,0,0.0,0,0.0,0,0.0,0,0,-0.16666666666666666,1,30.2,71,0.0,0
2014-08-04,2656,0,1,0,0,0,0,0,0,0.0,1.0,8,0,0,0,0,0,0,0,1,0,0,0,0,0,0.0,0,0.0,0,0.0,0,0.0,0,-0.375,0,0.125,0,-0.25,0,0.0,0,0.0,0,0.0,0,0.0,0,0.0,0,0.0,0,0.0,0,0,-0.08333333333333333,1,29.6,77,0.0,0
2014-08-05,2701,1,0,1,0,0,0,0,0,0.7818314824680298,0.6234898018587336,8,0,0,0,0,0,0,0,1,0,0,0,0,0,0.0,0,0.0,0,0.0,0,0.0,0,-0.3125,0,0.1875,0,-0.1875,0,0.0,0,0.0,0,0.0,0,0.0,0,0.0,0,0.0,0,0.0,0,1,0.0,1,29.5,78,3.5,1
2014-08-06,2935,2,0,0,1,0,0,0,0,0.9749279121818236,-0.22252093395631434,8,0,0,0,0,0,0,0,1,0,0,0,0,0,0.0,0,0.0,0,0.0,0,0.0,0,-0.25,0,0.25,0,-0.125,0,0.0,0,0.0,0,0.0,0,0.0,0,0.0,0,0.0,0,0.0,0,0,0.08333333333333333,1,30.1,72,0.0,0
2014-08-07,3456,3,0,0,0,1,0,0,0,0.43388373911755823,-0.900968867902419,8,0,0,0,0,0,0,0,1,0,0,0,0,0,0.0,0,0.0,0,0.0,0,0.0,0,-0.1875,0,0.3125,0,-0.0625,0,0.0,0,0.0,0,0.0,0,0.0,0,0.0,0,0.0,0,0.0,0,0,0.16666666666666666,1,30.7,71,0.0,0
2014-08-08,4135,4,0,0,0,0,1,0,0,-0.433883739117558,-0.9009688679024191,8,0,0,0,0,0,0,0,1,0,0,0,0,0,0.0,0,0.0,0,0.0,0,0.0,0,-0.125,0,0.375,1,0.0,0,0.0,0,0.0,0,0.0,0,0.0,0,0.0,0,0.0,0,0.0,0,0,0.25,1,31.1,71,0.0,0
2014-08-09,5749,5,0,0,0,0,0,1,0,-0.9749279121818236,-0.2225209339563146,8,0,0,0,0,0,0,0,1,0,0,0,0,0,0.0,0,0.0,0,0.0,0,0.0,0,-0.0625,0,0.4375,0,0.0625,0,0.0,0,0.0,0,0.0,0,0.0,0,0.0,0,0.0,0,0.0,0,0,0.3333333333333333,1,31.1,71,0.0,0
2014-08-10,3932,6,0,0,0,0,0,0,1,-0.7818314824680299,0.6234898018587334,8,0,0,0,0,0,0,0,1,0,0,0,0,0,0.0,0,0.0,0,0.0,0,0.0,1,0.0,0,0.5,0,0.125,0,0.0,0,0.0,0,0.0,0,0.0,0,0.0,0,0.0,0,0.0,0,0,0.4166666666666667,1,30.9,68,0.0,0
2014-08-11,1990,0,1,0,0,0,0,0,0,0.0,1.0,8,0,0,0,0,0,0,0,1,0,0,0,0,0,0.0,0,0.0,0,0.0,0,0.0,0,0.0625,0,0.5625,0,0.1875,0,0.0,0,0.0,0,0.0,0,0.0,0,0.0,0,0.0,0,0.0,0,0,0.5,1,30.2,72,0.5,1
2014-08-12,1932,1,0,1,0,0,0,0,0,0.7818314824680298,0.6234898018587336,8,0,0,0,0,0,0,0,1,0,0,0,0,0,0.0,0,0.0,0,0.0,0,0.0,0,0.125,0,0.625,0,0.25,0,0.0,0,0.0,0,0.0,0,0.0,0,0.0,0,0.0,0,0.0,0,0,0.5833333333333334,1,29.5,78,3.0,1
2014-08-13,2044,2,0,0,1,0,0,0,0,0.9749279121818236,-0.22252093395631434,8,0,0,0,0,0,0,0,1,0,0,0,0,0,0.0,0,0.0,0,0.0,0,0.0,0,0.1875,0,0.6875,0,0.3125,0,0.0,0,0.0,0,0.0,0,0.0,0,0.0,0,0.0,0,0.0,0,0,0.6666666666666666,1,28.9,77,0.0,0
2014-08-14,2097,3,0,0,0,1,0,0,0,0.43388373911755823,-0.900968867902419,8,0,0,0,0,0,0,0,1,0,0,0,0,0,0.0,0,0.0,0,0.0,0,0.0,0,0.25,0,0.75,0,0.375,0,0.0,0,0.0,0,0.0,0,0.0,0,0.0,0,0.0,0,0.0,0,0,0.75,1,30.7,67,0.0,0
2014-08-15,2216,4,0,0,0,0,1,0,0,-0.433883739117558,-0.9009688679024191,8,0,0,0,0,0,0,0,1,0,0,0,0,0,0.0,0,0.0,0,0.0,0,0.0,0,0.3125,0,0.8125,0,0.4375,0,0.0,0,0.0,0,0.0,0,0.0,0,0.0,0,0.0,0,0.0,0,0,0.8333333333333334,1,30.8,70,0.0,0
2014-08-16,3254,5,0,0,0,0,0,1,0,-0.9749279121818236,-0.2225209339563146,8,0,0,0,0,0,0,0,1,0,0,0,0,0,0.0,0,0.0,0,0.0,0,0.0,0,0.375,0,0.875,0,0.5,0,0.0,0,0.0,0,0.0,0,0.0,0,0.0,0,0.0,0,0.0,0,0,0.9166666666666666,1,30.5,74,1.5,1
2014-08-17,3742,6,0,0,0,0,0,0,1,-0.7818314824680299,0.6234898018587334,8,0,0,0,0,0,0,0,1,0,0,0,0,0,0.0,0,0.0,0,0.0,0,0.0,0,0.4375,0,0.9375,0,0.5625,0,0.0,0,0.0,0,0.0,0,0.0,0,0.0,0,0.0,0,0.0,0,0,1.0,1,30.1,75,0.0,0
2014-08-18,1877,0,1,0,0,0,0,0,0,0.0,1.0,8,0,0,0,0,0,0,0,1,0,0,0,0,0,0.0,0,0.0,0,0.0,0,0.0,0,0.5,0,1.0,0,0.625,0,0.0,0,0.0,0,0.0,0,0.0,0,0.0,0,0.0,0,0.0,0,0,0.0,1,28.1,82,24.0,1
2014-08-19,1867,1,0,1,0,0,0,0,0,0.7818314824680298,0.6234898018587336,8,0,0,0,0,0,0,0,1,0,0,0,0,0,0.0,0,0.0,0,0.0,0,0.0,0,0.5625,0,0.0,0,0.6875,0,0.0,0,0.0,0,0.0,0,0.0,0,0.0,0,0.0,0,0.0,0,0,0.0,1,26.4,87,49.5,1
2014-08-20,2127,2,0,0,1,0,0,0,0,0.9749279121818236,-0.22252093395631434,8,0,0,0,0,0,0,0,1,0,0,0,0,0,0.0,0,0.0,0,0.0,0,0.0,0,0.625,0,0.0,0,0.75,0,0.0,0,0.0,0,0.0,0,0.0,0,0.0,0,0.0,0,0.0,0,0,0.0,1,28.8,75,0.0,0
2014-08-21,2126,3,0,0,0,1,0,0,0,0.43388373911755823,-0.900968867902419,8,0,0,0,0,0,0,0,1,0,0,0,0,0,0.0,0,0.0,0,0.0,0,0.0,0,0.6875,0,0.0,0,0.8125,0,0.0,0,0.0,0,0.0,0,0.0,0,0.0,0,0.0,0,0.0,0,0,0.0,1,29.5,71,0.0,0
2014-08-22,2283,4,0,0,0,0,1,0,0,-0.433883739117558,-0.9009688679024191,8,0,0,0,0,0,0,0,1,0,0,0,0,0,0.0,0,0.0,0,0.0,0,0.0,0,0.75,0,0.0,0,0.875,0,0.0,0,0.0,0,0.0,0,0.0,0,0.0,0,0.0,0,0.0,0,0,0.0,1,29.8,71,0.0,0
2014-08-23,3569,5,0,0,0,0,0,1,0,-0.9749279121818236,-0.2225209339563146,8,0,0,0,0,0,0,0,1,0,0,0,0,0,0.0,0,0.0,0,0.0,0,-1.0,0,0.8125,0,0.0,0,0.9375,0,0.0,0,0.0,0,0.0,0,0.0,0,0.0,0,0.0,0,0.0,0,0,0.0,1,29.6,67,0.0,0
2014-08-24,3986,6,0,0,0,0,0,0,1,-0.7818314824680299,0.6234898018587334,8,0,0,0,0,0,0,0,1,0,0,0,0,0,0.0,0,0.0,0,0.0,0,-0.9375,0,0.875,0,0.0,0,1.0,0,0.0,0,0.0,0,0.0,0,0.0,0,0.0,0,0.0,0,0.0,0,0,-1.0,1,30.0,69,0.0,0
2014-08-25,2121,0,1,0,0,0,0,0,0,0.0,1.0,8,0,0,0,0,0,0,0,1,0,0,0,0,0,0.0,0,0.0,0,0.0,0,-0.875,0,0.9375,0,0.0,0,0.0,0,0.0,0,0.0,0,0.0,0,0.0,0,0.0,0,0.0,0,0.0,0,0,-0.9166666666666666,1,30.1,71,0.0,0
2014-08-26,2124,1,0,1,0,0,0,0,0,0.7818314824680298,0.6234898018587336,8,0,0,0,0,0,0,0,1,0,0,0,0,0,0.0,0,0.0,0,0.0,0,-0.8125,0,1.0,0,0.0,0,0.0,0,0.0,0,0.0,0,0.0,0,0.0,0,0.0,0,0.0,0,0.0,0,0,-0.8333333333333334,1,30.6,68,0.0,0
2014-08-27,2135,2,0,0,1,0,0,0,0,0.9749279121818236,-0.22252093395631434,8,0,0,0,0,0,0,0,1,0,0,0,0,0,0.0,0,0.0,0,0.0,0,-0.75,0,0.0,0,0.0,0,0.0,0,0.0,0,0.0,0,0.0,0,0.0,0,0.0,0,0.0,0,0.0,0,0,-0.75,1,30.0,68,0.0,0
2014-08-28,2148,3,0,0,0,1,0,0,0,0.43388373911755823,-0.900968867902419,8,0,0,0,0,0,0,0,1,0,0,0,0,0,0.0,0,0.0,0,0.0,0,-0.6875,0,0.0,0,0.0,0,0.0,0,0.0,0,0.0,0,0.0,0,0.0,0,0.0,0,0.0,0,0.0,0,0,-0.6666666666666666,1,29.8,71,0.0,0
2014-08-29,2138,4,0,0,0,0,1,0,0,-0.433883739117558,-0.9009688679024191,8,0,0,0,0,0,0,0,1,0,0,0,0,0,0.0,0,0.0,0,0.0,0,-0.625,0,0.0,0,0.0,0,0.0,0,0.0,0,0.0,0,0.0,0,0.0,0,0.0,0,0.0,0,0.0,0,0,-0.5833333333333334,1,31.5,66,0.0,0
2014-08-30,3407,5,0,0,0,0,0,1,0,-0.9749279121818236,-0.2225209339563146,8,0,0,0,0,0,0,0,1,0,0,0,0,0,0.0,0,0.0,0,0.0,0,-0.5625,0,0.0,0,0.0,0,0.0,0,0.0,0,0.0,0,0.0,0,0.0,0,0.0,0,0.0,0,0.0,0,0,-0.5,1,30.5,72,0.0,0
2014-08-31,4085,6,0,0,0,0,0,0,1,-0.7818314824680299,0.6234898018587334,8,0,0,0,0,0,0,0,1,0,0,0,0,0,0.0,0,0.0,0,0.0,0,-0.5,0,0.0,0,0.0,0,0.0,0,0.0,0,0.0,0,0.0,0,0.0,0,0.0,0,0.0,0,0.0,0,0,-0.4166666666666667,1,30.3,67,0.0,0
2014-09-01,2130,0,1,0,0,0,0,0,0,0.0,1.0,9,0,0,0,0,0,0,0,0,1,0,0,0,0,0.0,0,0.0,0,0.0,0,-0.4375,0,0.0,0,0.0,0,0.0,0,0.0,0,0.0,0,0.0,0,0.0,0,0.0,0,0.0,0,0.0,0,0,-0.3333333333333333,1,30.8,65,0.0,0
2014-09-02,2125,1,0,1,0,0,0,0,0,0.7818314824680298,0.6234898018587336,9,0,0,0,0,0,0,0,0,1,0,0,0,0,0.0,0,0.0,0,0.0,0,-0.375,0,0.0,0,0.0,0,0.0,0,0.0,0,0.0,0,0.0,0,0.0,0,0.0,0,0.0,0,0.0,0,0,-0.25,1,30.6,66,0.0,0
2014-09-03,2162,2,0,0,1,0,0,0,0,0.9749279121818236,-0.22252093395631434,9,0,0,0,0,0,0,0,0,1,0,0,0,0,0.0,0,0.0,0,0.0,0,-0.3125,0,0.0,0,0.0,0,0.0,0,0.0,0,0.0,0,0.0,0,0.0,0,0.0,0,0.0,0,0.0,0,0,-0.16666666666666666,1,30.9,66,0.0,0
2014-09-04,2321,3,0,0,0,1,0,0,0,0.43388373911755823,-0.900968867902419,9,0,0,0,0,0,0,0,0,1,0,0,0,0,0.0,0,0.0,0,0.0,0,-0.25,0,0.0,0,0.0,0,0.0,0,0.0,0,0.0,0,0.0,0,0.0,0,0.0,0,0.0,0,0.0,0,0,-0.08333333333333333,1,30.1,71,0.0,0
2014-09-05,2661,4,0,0,0,0,1,0,0,-0.433883739117558,-0.9009688679024191,9,0,0,0,0,0,0,0,0,1,0,0,0,0,0.0,0,0.0,0,0.0,0,-0.1875,0,0.0,0,0.0,0,0.0,0,0.0,0,0.0,0,0.0,0,0.0,0,0.0,0,0.0,0,0.0,0,1,0.0,1,31.2,63,0.0,0
2014-09-06,4232,5,0,0,0,0,0,1,0,-0.9749279121818236,-0.2225209339563146,9,0,0,0,0,0,0,0,0,1,0,0,0,0,0.0,0,0.0,0,0.0,0,-0.125,0,0.0,0,0.0,0,0.0,0,0.0,0,0.0,0,0.0,0,0.0,0,0.0,0,0.0,0,0.0,0,0,0.08333333333333333,1,31.2,66,0.0,0
2014-09-07,4238,6,0,0,0,0,0,0,1,-0.7818314824680299,0.6234898018587334,9,0,0,0,0,0,0,0,0,1,0,0,0,0,0.0,0,0.0,0,0.0,0,-0.0625,0,0.0,0,0.0,0,0.0,0,0.0,0,0.0,0,0.0,0,0.0,0,0.0,0,0.0,0,0.0,0,0,0.16666666666666666,1,30.0,72,0.0,0
2014-09-08,3679,0,1,0,0,0,0,0,0,0.0,1.0,9,0,0,0,0,0,0,0,0,1,0,0,0,0,0.0,0,0.0,0,0.0,1,0.0,0,0.0,0,0.0,0,0.0,0,0.0,0,0.0,0,0.0,0,0.0,0,0.0,0,0.0,0,0.0,0,0,0.25,1,30.6,69,0.0,0
2014-09-09,1978,1,0,1,0,0,0,0,0,0.7818314824680298,0.6234898018587336,9,0,0,0,0,0,0,0,0,1,0,0,0,0,0.0,0,0.0,0,0.0,0,0.0625,0,0.0,0,0.0,0,0.0,0,0.0,0,0.0,0,0.0,0,0.0,0,0.0,0,0.0,0,0.0,0,0,0.3333333333333333,1,30.6,69,0.0,0
2014-09-10,2067,2,0,0,1,0,0,0,0,0.9749279121818236,-0.22252093395631434,9,0,0,0,0,0,0,0,0,1,0,0,0,0,0.0,0,0.0,0,0.0,0,0.125,0,0.0,0,0.0,0,0.0,0,0.0,0,0.0,0,0.0,0,0.0,0,0.0,0,0.0,0,0.0,0,0,0.4166666666666667,1,29.8,73,0.0,0
2014-09-11,1996,3,0,0,0,1,0,0,0,0.43388373911755823,-0.900968867902419,9,0,0,0,0,0,0,0,0,1,0,0,0,0,0.0,0,0.0,0,0.0,0,0.1875,0,0.0,0,0.0,0,0.0,0,0.0,0,0.0,0,0.0,0,0.0,0,0.0,0,0.0,0,0.0,0,0,0.5,1,30.3,70,0.0,0
2014-09-12,2146,4,0,0,0,0,1,0,0,-0.433883739117558,-0.9009688679024191,9,0,0,0,0,0,0,0,0,1,0,0,0,0,0.0,0,0.0,0,0.0,0,0.25,0,0.0,0,0.0,0,0.0,0,0.0,0,0.0,0,0.0,0,0.0,0,0.0,0,0.0,0,0.0,0,0,0.5833333333333334,1,30.5,68,0.0,0
2014-09-13,3522,5,0,0,0,0,0,1,0,-0.9749279121818236,-0.2225209339563146,9,0,0,0,0,0,0,0,0,1,0,0,0,0,0.0,0,0.0,0,0.0,0,0.3125,0,0.0,0,0.0,0,0.0,0,0.0,0,0.0,0,0.0,0,0.0,0,0.0,0,0.0,0,0.0,0,0,0.6666666666666666,1,30.4,68,0.0,0
2014-09-14,4097,6,0,0,0,0,0,0,1,-0.7818314824680299,0.6234898018587334,9,0,0,0,0,0,0,0,0,1,0,0,0,0,0.0,0,0.0,0,0.0,0,0.375,0,0.0,0,0.0,0,0.0,0,0.0,0,0.0,0,0.0,0,0.0,0,0.0,0,0.0,0,0.0,0,0,0.75,1,30.4,70,0.0,0
2014-09-15,2098,0,1,0,0,0,0,0,0,0.0,1.0,9,0,0,0,0,0,0,0,0,1,0,0,0,0,0.0,0,0.0,0,0.0,0,0.4375,0,0.0,0,0.0,0,0.0,0,0.0,0,0.0,0,0.0,0,0.0,0,0.0,0,0.0,0,0.0,0,0,0.8333333333333334,1,32.2,61,0.0,0
2014-09-16,2078,1,0,1,0,0,0,0,0,0.7818314824680298,0.6234898018587336,9,0,0,0,0,0,0,0,0,1,0,0,0,0,0.0,0,0.0,0,0.0,0,0.5,0,0.0,0,0.0,0,0.0,0,0.0,0,0.0,0,0.0,0,0.0,0,0.0,0,0.0,0,0.0,0,0,0.9166666666666666,1,31.4,67,0.0,0
2014-09-17,1946,2,0,0,1,0,0,0,0,0.9749279121818236,-0.22252093395631434,9,0,0,0,0,0,0,0,0,1,0,0,0,0,0.0,0,0.0,0,0.0,0,0.5625,0,0.0,0,0.0,0,0.0,0,0.0,0,0.0,0,0.0,0,0.0,0,0.0,0,0.0,0,0.0,0,0,1.0,1,31.0,70,0.0,0
2014-09-18,2099,3,0,0,0,1,0,0,0,0.43388373911755823,-0.900968867902419,9,0,0,0,0,0,0,0,0,1,0,0,0,0,0.0,0,0.0,0,0.0,0,0.625,0,0.0,0,0.0,0,0.0,0,0.0,0,0.0,0,0.0,0,0.0,0,0.0,0,0.0,0,0.0,0,0,0.0,1,31.0,65,0.0,0
2014-09-19,2323,4,0,0,0,0,1,0,0,-0.433883739117558,-0.9009688679024191,9,0,0,0,0,0,0,0,0,1,0,0,0,0,0.0,0,0.0,0,0.0,0,0.6875,0,0.0,0,0.0,0,0.0,0,0.0,0,0.0,0,0.0,0,0.0,0,0.0,0,0.0,0,0.0,0,0,0.0,1,31.0,63,0.0,0
2014-09-20,4152,5,0,0,0,0,0,1,0,-0.9749279121818236,-0.2225209339563146,9,0,0,0,0,0,0,0,0,1,0,0,0,0,0.0,0,0.0,0,0.0,0,0.75,0,0.0,0,0.0,0,0.0,0,0.0,0,0.0,0,0.0,0,0.0,0,0.0,0,0.0,0,0.0,0,0,0.0,1,31.4,61,0.0,0
2014-09-21,4082,6,0,0,0,0,0,0,1,-0.7818314824680299,0.6234898018587334,9,0,0,0,0,0,0,0,0,1,0,0,0,0,0.0,0,0.0,0,0.0,0,0.8125,0,0.0,0,0.0,0,0.0,0,0.0,0,0.0,0,0.0,0,0.0,0,0.0,0,0.0,0,0.0,0,0,0.0,1,29.0,70,15.5,1
2014-09-22,1942,0,1,0,0,0,0,0,0,0.0,1.0,9,0,0,0,0,0,0,0,0,1,0,0,0,0,0.0,0,0.0,0,0.0,0,0.875,0,0.0,0,0.0,0,0.0,0,0.0,0,0.0,0,0.0,0,0.0,0,0.0,0,0.0,0,0.0,0,0,0.0,1,26.3,86,107.0,1
2014-09-23,2046,1,0,1,0,0,0,0,0,0.7818314824680298,0.6234898018587336,9,0,0,0,0,0,0,0,0,1,0,0,0,0,0.0,0,0.0,0,0.0,0,0.9375,0,0.0,0,0.0,0,0.0,0,0.0,0,0.0,0,0.0,0,0.0,0,0.0,0,0.0,0,0.0,0,0,-1.0,1,28.2,79,0.0,0
2014-09-24,2678,2,0,0,1,0,0,0,0,0.9749279121818236,-0.22252093395631434,9,0,0,0,0,0,0,0,0,1,0,0,0,0,0.0,0,0.0,0,0.0,0,1.0,0,0.0,0,0.0,0,0.0,0,-1.0,0,0.0,0,0.0,0,0.0,0,0.0,0,0.0,0,0.0,1,0,-0.9166666666666666,1,27.7,83,0.5,1
2014-09-25,2374,3,0,0,0,1,0,0,0,0.43388373911755823,-0.900968867902419,9,0,0,0,0,0,0,0,0,1,0,0,0,0,0.0,0,0.0,0,0.0,0,0.0,0,0.0,0,0.0,0,0.0,0,-0.9375,0,0.0,0,0.0,0,0.0,0,0.0,0,0.0,0,0.0,1,0,-0.8333333333333334,1,27.9,79,0.5,1
2014-09-26,2367,4,0,0,0,0,1,0,0,-0.433883739117558,-0.9009688679024191,9,0,0,0,0,0,0,0,0,1,0,0,0,0,0.0,0,0.0,0,0.0,0,0.0,0,0.0,0,0.0,0,0.0,0,-0.875,0,0.0,0,0.0,0,0.0,0,0.0,0,0.0,0,0.0,1,0,-0.75,1,28.2,74,0.0,0
2014-09-27,3732,5,0,0,0,0,0,1,0,-0.9749279121818236,-0.2225209339563146,9,0,0,0,0,0,0,0,0,1,0,0,0,0,0.0,0,0.0,0,0.0,0,0.0,0,0.0,0,0.0,0,0.0,0,-0.8125,0,0.0,0,0.0,0,0.0,0,0.0,0,0.0,0,0.0,1,0,-0.6666666666666666,1,27.8,70,0.0,0
2014-09-28,4285,6,0,0,0,0,0,0,1,-0.7818314824680299,0.6234898018587334,9,0,0,0,0,0,0,0,0,1,0,0,0,0,0.0,0,0.0,0,0.0,0,0.0,0,0.0,0,0.0,0,0.0,0,-0.75,0,0.0,0,0.0,0,0.0,0,0.0,0,0.0,0,0.0,1,0,-0.5833333333333334,1,27.9,69,0.0,0
2014-09-29,2275,0,1,0,0,0,0,0,0,0.0,1.0,9,0,0,0,0,0,0,0,0,1,0,0,0,0,0.0,0,0.0,0,0.0,0,0.0,0,0.0,0,0.0,0,0.0,0,-0.6875,0,0.0,0,0.0,0,0.0,0,0.0,0,0.0,0,0.0,1,0,-0.5,1,28.1,68,0.0,0
2014-09-30,2237,1,0,1,0,0,0,0,0,0.7818314824680298,0.6234898018587336,9,0,0,0,0,0,0,0,0,1,0,0,0,0,0.0,0,0.0,0,0.0,0,0.0,0,0.0,0,0.0,0,0.0,0,-0.625,0,0.0,0,0.0,0,0.0,0,0.0,0,0.0,0,0.0,1,0,-0.4166666666666667,1,28.5,70,0.0,0
2014-10-01,2466,2,0,0,1,0,0,0,0,0.9749279121818236,-0.22252093395631434,10,0,0,0,0,0,0,0,0,0,1,0,0,0,0.0,0,0.0,0,0.0,0,0.0,0,0.0,0,0.0,0,0.0,0,-0.5625,0,0.0,0,0.0,0,0.0,0,0.0,0,0.0,0,0.0,1,0,-0.3333333333333333,1,26.4,82,0.5,1
2014-10-02,2204,3,0,0,0,1,0,0,0,0.43388373911755823,-0.900968867902419,10,0,0,0,0,0,0,0,0,0,1,0,0,0,0.0,0,0.0,0,0.0,0,0.0,0,0.0,0,0.0,0,0.0,0,-0.5,0,0.0,0,0.0,0,0.0,0,0.0,0,0.0,0,0.0,1,0,-0.25,1,27.2,73,0.0,0
2014-10-03,2388,4,0,0,0,0,1,0,0,-0.433883739117558,-0.9009688679024191,10,0,0,0,0,0,0,0,0,0,1,0,0,0,0.0,0,0.0,0,0.0,0,0.0,0,0.0,0,0.0,0,0.0,0,-0.4375,0,0.0,0,0.0,0,0.0,0,0.0,0,0.0,0,0.0,1,0,-0.16666666666666666,1,25.8,66,0.0,0
2014-10-04,3786,5,0,0,0,0,0,1,0,-0.9749279121818236,-0.2225209339563146,10,0,0,0,0,0,0,0,0,0,1,0,0,0,0.0,0,0.0,0,0.0,0,0.0,0,0.0,0,0.0,0,0.0,0,-0.375,0,0.0,0,0.0,0,0.0,0,0.0,0,0.0,0,0.0,1,0,-0.08333333333333333,1,24.5,63,0.0,0
2014-10-05,4398,6,0,0,0,0,0,0,1,-0.7818314824680299,0.6234898018587334,10,0,0,0,0,0,0,0,0,0,1,0,0,0,0.0,0,0.0,0,0.0,0,0.0,0,0.0,0,0.0,0,0.0,0,-0.3125,0,0.0,0,0.0,0,0.0,0,0.0,0,0.0,0,0.0,1,1,0.0,1,25.3,65,0.0,0
2014-10-06,2178,0,1,0,0,0,0,0,0,0.0,1.0,10,0,0,0,0,0,0,0,0,0,1,0,0,0,0.0,0,0.0,0,0.0,0,0.0,0,0.0,0,0.0,0,0.0,0,-0.25,0,0.0,0,0.0,0,0.0,0,0.0,0,0.0,0,0.0,1,0,0.08333333333333333,1,24.5,62,0.0,0
2014-10-07,2298,1,0,1,0,0,0,0,0,0.7818314824680298,0.6234898018587336,10,0,0,0,0,0,0,0,0,0,1,0,0,0,0.0,0,0.0,0,0.0,0,0.0,0,0.0,0,0.0,0,0.0,0,-0.1875,0,0.0,0,0.0,0,0.0,0,0.0,0,0.0,0,0.0,1,0,0.16666666666666666,1,23.8,64,0.0,0
2014-10-08,2043,2,0,0,1,0,0,0,0,0.9749279121818236,-0.22252093395631434,10,0,0,0,0,0,0,0,0,0,1,0,0,0,0.0,0,0.0,0,0.0,0,0.0,0,0.0,0,0.0,0,0.0,0,-0.125,0,0.0,0,0.0,0,0.0,0,0.0,0,0.0,0,0.0,1,0,0.25,1,24.5,68,0.0,0
2014-10-09,2062,3,0,0,0,1,0,0,0,0.43388373911755823,-0.900968867902419,10,0,0,0,0,0,0,0,0,0,1,0,0,0,0.0,0,0.0,0,0.0,0,0.0,0,0.0,0,0.0,0,0.0,0,-0.0625,0,0.0,0,0.0,0,0.0,0,0.0,0,0.0,0,0.0,1,0,0.3333333333333333,1,23.6,89,9.5,1
2014-10-10,3179,4,0,0,0,0,1,0,0,-0.433883739117558,-0.9009688679024191,10,0,0,0,0,0,0,0,0,0,1,0,0,0,0.0,0,0.0,0,0.0,0,0.0,0,0.0,0,0.0,0,0.0,1,0.0,0,0.0,0,0.0,0,0.0,0,0.0,0,0.0,0,0.0,1,0,0.4166666666666667,1,24.0,93,50.5,1
2014-10-11,3735,5,0,0,0,0,0,1,0,-0.9749279121818236,-0.2225209339563146,10,0,0,0,0,0,0,0,0,0,1,0,0,0,0.0,0,0.0,0,0.0,0,0.0,0,0.0,0,0.0,0,0.0,0,0.0625,0,0.0,0,0.0,0,0.0,0,0.0,0,0.0,0,0.0,1,0,0.5,1,23.4,88,16.5,1
2014-10-12,3968,6,0,0,0,0,0,0,1,-0.7818314824680299,0.6234898018587334,10,0,0,0,0,0,0,0,0,0,1,0,0,0,0.0,0,0.0,0,0.0,0,0.0,0,0.0,0,0.0,0,0.0,0,0.125,0,0.0,0,0.0,0,0.0,0,0.0,0,0.0,0,0.0,1,0,0.5833333333333334,1,23.0,77,1.0,1
2014-10-13,2205,0,1,0,0,0,0,0,0,0.0,1.0,10,0,0,0,0,0,0,0,0,0,1,0,0,0,0.0,0,0.0,0,0.0,0,0.0,0,0.0,0,0.0,0,0.0,0,0.1875,0,0.0,0,0.0,0,0.0,0,0.0,0,0.0,0,0.0,1,0,0.6666666666666666,1,22.4,69,0.0,0
2014-10-14,2105,1,0,1,0,0,0,0,0,0.7818314824680298,0.6234898018587336,10,0,0,0,0,0,0,0,0,0,1,0,0,0,0.0,0,0.0,0,0.0,0,0.0,0,0.0,0,0.0,0,0.0,0,0.25,0,0.0,0,0.0,0,0.0,0,0.0,0,0.0,0,0.0,1,0,0.75,1,21.5,64,0.0,0
2014-10-15,2192,2,0,0,1,0,0,0,0,0.9749279121818236,-0.22252093395631434,10,0,0,0,0,0,0,0,0,0,1,0,0,0,0.0,0,0.0,0,0.0,0,0.0,0,0.0,0,0.0,0,0.0,0,0.3125,0,0.0,0,0.0,0,0.0,0,0.0,0,0.0,0,0.0,0,0,0.8333333333333334,1,21.5,60,0.0,0
2014-10-16,1966,3,0,0,0,1,0,0,0,0.43388373911755823,-0.900968867902419,10,0,0,0,0,0,0,0,0,0,1,0,0,0,0.0,0,0.0,0,0.0,0,0.0,0,0.0,0,0.0,0,0.0,0,0.375,0,0.0,0,0.0,0,0.0,0,0.0,0,0.0,0,0.0,0,0,0.9166666666666666,1,21.9,59,0.0,0
2014-10-17,2151,4,0,0,0,0,1,0,0,-0.433883739117558,-0.9009688679024191,10,0,0,0,0,0,0,0,0,0,1,0,0,0,0.0,0,0.0,0,0.0,0,0.0,0,0.0,0,0.0,0,0.0,0,0.4375,0,0.0,0,0.0,0,0.0,0,0.0,0,0.0,0,0.0,0,0,1.0,1,23.3,69,0.0,0
2014-10-18,3264,5,0,0,0,0,0,1,0,-0.9749279121818236,-0.2225209339563146,10,0,0,0,0,0,0,0,0,0,1,0,0,0,0.0,0,0.0,0,0.0,0,0.0,0,0.0,0,0.0,0,0.0,0,0.5,0,0.0,0,0.0,0,0.0,0,0.0,0,0.0,0,0.0,0,0,0.0,1,25.0,64,0.0,0
2014-10-19,3843,6,0,0,0,0,0,0,1,-0.7818314824680299,0.6234898018587334,10,0,0,0,0,0,0,0,0,0,1,0,0,0,0.0,0,0.0,0,0.0,0,0.0,0,0.0,0,0.0,0,0.0,0,0.5625,0,0.0,0,0.0,0,0.0,0,0.0,0,0.0,0,0.0,0,0,0.0,1,25.9,68,0.0,0
2014-10-20,2069,0,1,0,0,0,0,0,0,0.0,1.0,10,0,0,0,0,0,0,0,0,0,1,0,0,0,0.0,0,0.0,0,0.0,0,0.0,0,0.0,0,0.0,0,0.0,0,0.625,0,0.0,0,0.0,0,0.0,0,0.0,0,0.0,0,0.0,0,0,0.0,1,26.2,72,0.0,0
2014-10-21,2017,1,0,1,0,0,0,0,0,0.7818314824680298,0.6234898018587336,10,0,0,0,0,0,0,0,0,0,1,0,0,0,0.0,0,0.0,0,0.0,0,0.0,0,0.0,0,0.0,0,0.0,0,0.6875,0,0.0,0,0.0,0,0.0,0,0.0,0,0.0,0,0.0,0,0,0.0,1,27.1,71,0.0,0
2014-10-22,1860,2,0,0,1,0,0,0,0,0.9749279121818236,-0.22252093395631434,10,0,0,0,0,0,0,0,0,0,1,0,0,0,0.0,0,0.0,0,0.0,0,0.0,0,0.0,0,0.0,0,0.0,0,0.75,0,0.0,0,0.0,0,0.0,0,0.0,0,0.0,0,0.0,0,0,0.0,1,23.4,80,0.0,0
2014-10-23,2116,3,0,0,0,1,0,0,0,0.43388373911755823,-0.900968867902419,10,0,0,0,0,0,0,0,0,0,1,0,0,0,0.0,0,0.0,0,0.0,0,0.0,0,0.0,0,0.0,0,0.0,0,0.8125,0,0.0,0,0.0,0,0.0,0,0.0,0,0.0,0,0.0,0,0,0.0,1,23.3,65,0.0,0
2014-10-24,2008,4,0,0,0,0,1,0,0,-0.433883739117558,-0.9009688679024191,10,0,0,0,0,0,0,0,0,0,1,0,0,0,0.0,0,0.0,0,0.0,0,0.0,0,0.0,0,0.0,0,0.0,0,0.875,0,0.0,0,0.0,0,0.0,0,0.0,0,0.0,0,0.0,0,0,-1.0,1,24.1,71,0.0,0
2014-10-25,3140,5,0,0,0,0,0,1,0,-0.9749279121818236,-0.2225209339563146,10,0,0,0,0,0,0,0,0,0,1,0,0,0,0.0,0,0.0,0,0.0,0,0.0,0,0.0,0,0.0,0,0.0,0,0.9375,0,0.0,0,0.0,0,0.0,0,0.0,0,0.0,0,0.0,0,0,-0.9166666666666666,1,24.5,78,0.0,0
2014-10-26,3471,6,0,0,0,0,0,0,1,-0.7818314824680299,0.6234898018587334,10,0,0,0,0,0,0,0,0,0,1,0,0,0,0.0,0,0.0,0,0.0,0,0.0,0,0.0,0,0.0,0,0.0,0,1.0,0,0.0,0,0.0,0,0.0,0,0.0,0,0.0,0,0.0,0,0,-0.8333333333333334,1,25.4,79,0.0,0
2014-10-27,2098,0,1,0,0,0,0,0,0,0.0,1.0,10,0,0,0,0,0,0,0,0,0,1,0,0,0,0.0,0,0.0,0,0.0,0,0.0,0,0.0,0,0.0,0,0.0,0,0.0,0,0.0,0,0.0,0,0.0,0,0.0,0,0.0,0,0.0,0,0,-0.75,1,25.3,69,0.0,0
2014-10-28,2097,1,0,1,0,0,0,0,0,0.7818314824680298,0.6234898018587336,10,0,0,0,0,0,0,0,0,0,1,0,0,0,0.0,0,0.0,0,0.0,0,0.0,0,0.0,0,0.0,0,0.0,0,0.0,0,0.0,0,0.0,0,0.0,0,0.0,0,0.0,0,0.0,0,0,-0.6666666666666666,1,23.5,67,0.0,0
2014-10-29,2276,2,0,0,1,0,0,0,0,0.9749279121818236,-0.22252093395631434,10,0,0,0,0,0,0,0,0,0,1,0,0,0,0.0,0,0.0,0,0.0,0,0.0,0,0.0,0,0.0,0,0.0,0,0.0,0,0.0,0,0.0,0,0.0,0,0.0,0,0.0,0,0.0,0,0,-0.5833333333333334,1,25.9,66,0.0,0
2014-10-30,2133,3,0,0,0,1,0,0,0,0.43388373911755823,-0.900968867902419,10,0,0,0,0,0,0,0,0,0,1,0,0,0,0.0,0,0.0,0,0.0,0,0.0,0,0.0,0,0.0,0,0.0,0,0.0,0,0.0,0,0.0,0,0.0,0,0.0,0,0.0,0,0.0,0,0,-0.5,1,26.6,63,0.0,0
2014-10-31,2292,4,0,0,0,0,1,0,0,-0.433883739117558,-0.9009688679024191,10,0,0,0,0,0,0,0,0,0,1,0,0,0,0.0,0,0.0,0,0.0,0,0.0,0,0.0,0,0.0,0,0.0,0,0.0,0,0.0,0,0.0,0,0.0,0,0.0,0,0.0,0,0.0,0,0,-0.4166666666666667,1,25.6,68,0.0,0
2014-11-01,3440,5,0,0,0,0,0,1,0,-0.9749279121818236,-0.2225209339563146,11,0,0,0,0,0,0,0,0,0,0,1,0,0,0.0,0,0.0,0,0.0,0,0.0,0,0.0,0,0.0,0,0.0,0,0.0,0,0.0,0,0.0,0,0.0,0,0.0,0,0.0,0,0.0,0,0,-0.3333333333333333,1,25.6,76,0.0,0
2014-11-02,4296,6,0,0,0,0,0,0,1,-0.7818314824680299,0.6234898018587334,11,0,0,0,0,0,0,0,0,0,0,1,0,0,0.0,0,0.0,0,0.0,0,0.0,0,0.0,0,0.0,0,0.0,0,0.0,0,0.0,0,0.0,0,0.0,0,0.0,0,0.0,0,0.0,0,0,-0.25,1,22.1,87,6.0,1
2014-11-03,2085,0,1,0,0,0,0,0,0,0.0,1.0,11,0,0,0,0,0,0,0,0,0,0,1,0,0,0.0,0,0.0,0,0.0,0,0.0,0,0.0,0,0.0,0,0.0,0,0.0,0,0.0,0,0.0,0,0.0,0,0.0,0,0.0,0,0.0,0,0,-0.16666666666666666,1,20.1,65,0.0,0
2014-11-04,1980,1,0,1,0,0,0,0,0,0.7818314824680298,0.6234898018587336,11,0,0,0,0,0,0,0,0,0,0,1,0,0,0.0,0,0.0,0,0.0,0,0.0,0,0.0,0,0.0,0,0.0,0,0.0,0,0.0,0,0.0,0,0.0,0,0.0,0,0.0,0,0.0,0,0,-0.08333333333333333,1,20.5,64,0.0,0
2014-11-05,2622,2,0,0,1,0,0,0,0,0.9749279121818236,-0.22252093395631434,11,0,0,0,0,0,0,0,0,0,0,1,0,0,0.0,0,0.0,0,0.0,0,0.0,0,0.0,0,0.0,0,0.0,0,0.0,0,0.0,0,0.0,0,0.0,0,0.0,0,0.0,0,0.0,0,1,0.0,1,21.4,62,0.0,0
2014-11-06,2213,3,0,0,0,1,0,0,0,0.43388373911755823,-0.900968867902419,11,0,0,0,0,0,0,0,0,0,0,1,0,0,0.0,0,0.0,0,0.0,0,0.0,0,0.0,0,0.0,0,0.0,0,0.0,0,0.0,0,0.0,0,0.0,0,0.0,0,0.0,0,0.0,0,0,0.08333333333333333,1,21.8,68,0.0,0
2014-11-07,2230,4,0,0,0,0,1,0,0,-0.433883739117558,-0.9009688679024191,11,0,0,0,0,0,0,0,0,0,0,1,0,0,0.0,0,0.0,0,0.0,0,0.0,0,0.0,0,0.0,0,0.0,0,0.0,0,0.0,0,0.0,0,0.0,0,0.0,0,0.0,0,0.0,0,0,0.16666666666666666,1,22.0,65,0.0,0
2014-11-08,3319,5,0,0,0,0,0,1,0,-0.9749279121818236,-0.2225209339563146,11,0,0,0,0,0,0,0,0,0,0,1,0,0,0.0,0,0.0,0,0.0,0,0.0,0,0.0,0,0.0,0,0.0,0,0.0,0,0.0,0,0.0,0,0.0,0,0.0,0,0.0,0,0.0,0,0,0.25,1,23.8,72,0.0,0
2014-11-09,3983,6,0,0,0,0,0,0,1,-0.7818314824680299,0.6234898018587334,11,0,0,0,0,0,0,0,0,0,0,1,0,0,0.0,0,0.0,0,0.0,0,0.0,0,0.0,0,0.0,0,0.0,0,0.0,0,0.0,0,0.0,0,0.0,0,0.0,0,0.0,0,0.0,0,0,0.3333333333333333,1,21.0,91,12.5,1
2014-11-10,2169,0,1,0,0,0,0,0,0,0.0,1.0,11,0,0,0,0,0,0,0,0,0,0,1,0,0,0.0,0,0.0,0,0.0,0,0.0,0,0.0,0,0.0,0,0.0,0,0.0,0,0.0,0,0.0,0,0.0,0,0.0,0,0.0,0,0.0,0,0,0.4166666666666667,1,21.8,73,0.0,0
2014-11-11,2003,1,0,1,0,0,0,0,0,0.7818314824680298,0.6234898018587336,11,0,0,0,0,0,0,0,0,0,0,1,0,0,0.0,0,0.0,0,0.0,0,0.0,0,0.0,0,0.0,0,0.0,0,0.0,0,0.0,0,0.0,0,0.0,0,0.0,0,0.0,0,0.0,0,0,0.5,1,22.0,71,0.0,0
2014-11-12,1996,2,0,0,1,0,0,0,0,0.9749279121818236,-0.22252093395631434,11,0,0,0,0,0,0,0,0,0,0,1,0,0,0.0,0,0.0,0,0.0,0,0.0,0,0.0,0,0.0,0,0.0,0,0.0,0,0.0,0,0.0,0,0.0,0,0.0,0,0.0,0,0.0,0,0,0.5833333333333334,1,20.1,84,2.0,1
2014-11-13,1998,3,0,0,0,1,0,0,0,0.43388373911755823,-0.900968867902419,11,0,0,0,0,0,0,0,0,0,0,1,0,0,0.0,0,0.0,0,0.0,0,0.0,0,0.0,0,0.0,0,0.0,0,0.0,0,0.0,0,0.0,0,0.0,0,0.0,0,0.0,0,0.0,0,0,0.6666666666666666,1,17.5,85,12.0,1
2014-11-14,2183,4,0,0,0,0,1,0,0,-0.433883739117558,-0.9009688679024191,11,0,0,0,0,0,0,0,0,0,0,1,0,0,0.0,0,0.0,0,0.0,0,0.0,0,0.0,0,0.0,0,0.0,0,0.0,0,0.0,0,0.0,0,0.0,0,0.0,0,0.0,0,0.0,0,0,0.75,1,18.8,77,0.5,1
2014-11-15,3541,5,0,0,0,0,0,1,0,-0.9749279121818236,-0.2225209339563146,11,0,0,0,0,0,0,0,0,0,0,1,0,0,0.0,0,0.0,0,0.0,0,0.0,0,0.0,0,0.0,0,0.0,0,0.0,0,0.0,0,0.0,0,0.0,0,0.0,0,0.0,0,0.0,0,0,0.8333333333333334,1,20.3,81,2.5,1
2014-11-16,3905,6,0,0,0,0,0,0,1,-0.7818314824680299,0.6234898018587334,11,0,0,0,0,0,0,0,0,0,0,1,0,0,0.0,0,0.0,0,0.0,0,0.0,0,0.0,0,0.0,0,0.0,0,0.0,0,0.0,0,0.0,0,0.0,0,0.0,0,0.0,0,0.0,0,0,0.9166666666666666,1,21.7,85,1.5,1
2014-11-17,1774,0,1,0,0,0,0,0,0,0.0,1.0,11,0,0,0,0,0,0,0,0,0,0,1,0,0,0.0,0,0.0,0,0.0,0,0.0,0,0.0,0,0.0,0,0.0,0,0.0,0,0.0,0,0.0,0,0.0,0,0.0,0,0.0,0,0.0,0,0,1.0,1,18.6,92,23.0,1
2014-11-18,2080,1,0,1,0,0,0,0,0,0.7818314824680298,0.6234898018587336,11,0,0,0,0,0,0,0,0,0,0,1,0,0,0.0,0,0.0,0,0.0,0,0.0,0,0.0,0,0.0,0,0.0,0,0.0,0,0.0,0,0.0,0,0.0,0,0.0,0,0.0,0,0.0,0,0,0.0,1,17.7,80,1.5,1
2014-11-19,1919,2,0,0,1,0,0,0,0,0.9749279121818236,-0.22252093395631434,11,0,0,0,0,0,0,0,0,0,0,1,0,0,0.0,0,0.0,0,0.0,0,0.0,0,0.0,0,0.0,0,0.0,0,0.0,0,0.0,0,0.0,0,0.0,0,0.0,0,0.0,0,0.0,0,0,0.0,1,19.7,72,0.0,0
2014-11-20,1903,3,0,0,0,1,0,0,0,0.43388373911755823,-0.900968867902419,11,0,0,0,0,0,0,0,0,0,0,1,0,0,0.0,0,0.0,0,0.0,0,0.0,0,0.0,0,0.0,0,0.0,0,0.0,0,0.0,0,0.0,0,0.0,0,0.0,0,0.0,0,0.0,0,0,0.0,1,21.4,79,0.0,0
2014-11-21,2572,4,0,0,0,0,1,0,0,-0.433883739117558,-0.9009688679024191,11,0,0,0,0,0,0,0,0,0,0,1,0,0,0.0,0,0.0,0,0.0,0,0.0,0,0.0,0,0.0,0,0.0,0,0.0,0,0.0,0,0.0,0,0.0,0,0.0,0,0.0,0,0.0,0,0,0.0,1,22.3,78,0.0,0
2014-11-22,3379,5,0,0,0,0,0,1,0,-0.9749279121818236,-0.2225209339563146,11,0,0,0,0,0,0,0,0,0,0,1,0,0,0.0,0,0.0,0,0.0,0,0.0,0,0.0,0,0.0,0,0.0,0,0.0,0,0.0,0,0.0,0,0.0,0,0.0,0,0.0,0,0.0,0,0,0.0,1,23.8,72,0.0,0
2014-11-23,3719,6,0,0,0,0,0,0,1,-0.7818314824680299,0.6234898018587334,11,0,0,0,0,0,0,0,0,0,0,1,0,0,0.0,0,0.0,0,0.0,0,0.0,0,0.0,0,0.0,0,0.0,0,0.0,0,0.0,0,0.0,0,0.0,0,0.0,0,0.0,0,0.0,0,0,-1.0,1,24.5,68,0.0,0
2014-11-24,2022,0,1,0,0,0,0,0,0,0.0,1.0,11,0,0,0,0,0,0,0,0,0,0,1,0,0,0.0,0,0.0,0,0.0,0,0.0,0,0.0,0,0.0,0,0.0,0,0.0,0,0.0,0,0.0,0,0.0,0,0.0,0,0.0,0,0.0,0,0,-0.9166666666666666,1,22.8,76,0.0,0
2014-11-25,1944,1,0,1,0,0,0,0,0,0.7818314824680298,0.6234898018587336,11,0,0,0,0,0,0,0,0,0,0,1,0,0,0.0,0,0.0,0,0.0,0,0.0,0,0.0,0,0.0,0,0.0,0,0.0,0,0.0,0,0.0,0,0.0,0,0.0,0,0.0,0,0.0,0,0,-0.8333333333333334,1,22.0,81,0.0,0
2014-11-26,1776,2,0,0,1,0,0,0,0,0.9749279121818236,-0.22252093395631434,11,0,0,0,0,0,0,0,0,0,0,1,0,0,0.0,0,0.0,0,0.0,0,0.0,0,0.0,0,0.0,0,0.0,0,0.0,0,0.0,0,0.0,0,0.0,0,0.0,0,0.0,0,0.0,0,0,-0.75,1,22.2,78,0.0,0
2014-11-27,1847,3,0,0,0,1,0,0,0,0.43388373911755823,-0.900968867902419,11,0,0,0,0,0,0,0,0,0,0,1,0,0,0.0,0,0.0,0,0.0,0,0.0,0,0.0,0,0.0,0,0.0,0,0.0,0,0.0,0,0.0,0,0.0,0,0.0,0,0.0,0,0.0,0,0,-0.6666666666666666,1,23.1,83,0.0,0
2014-11-28,2102,4,0,0,0,0,1,0,0,-0.433883739117558,-0.9009688679024191,11,0,0,0,0,0,0,0,0,0,0,1,0,0,0.0,0,0.0,0,0.0,0,0.0,0,0.0,0,0.0,0,0.0,0,0.0,0,0.0,0,0.0,0,0.0,0,0.0,0,0.0,0,0.0,0,0,-0.5833333333333334,1,23.4,85,0.0,0
2014-11-29,2996,5,0,0,0,0,0,1,0,-0.9749279121818236,-0.2225209339563146,11,0,0,0,0,0,0,0,0,0,0,1,0,0,0.0,0,0.0,0,0.0,0,0.0,0,0.0,0,0.0,0,0.0,0,0.0,0,0.0,0,0.0,0,0.0,0,0.0,0,0.0,0,0.0,0,0,-0.5,1,24.7,84,0.0,0
2014-11-30,3933,6,0,0,0,0,0,0,1,-0.7818314824680299,0.6234898018587334,11,0,0,0,0,0,0,0,0,0,0,1,0,0,0.0,0,0.0,0,0.0,0,0.0,0,0.0,0,0.0,0,0.0,0,0.0,0,0.0,0,0.0,0,0.0,0,0.0,0,0.0,0,0.0,0,0,-0.4166666666666667,1,24.4,84,0.0,0
2014-12-01,1896,0,1,0,0,0,0,0,0,0.0,1.0,12,0,0,0,0,0,0,0,0,0,0,0,1,0,0.0,0,0.0,0,0.0,0,0.0,0,0.0,0,0.0,0,0.0,0,0.0,0,0.0,0,0.0,0,0.0,0,0.0,0,0.0,0,0.0,0,0,-0.3333333333333333,1,17.2,81,9.0,1
2014-12-02,1994,1,0,1,0,0,0,0,0,0.7818314824680298,0.6234898018587336,12,0,0,0,0,0,0,0,0,0,0,0,1,0,0.0,0,0.0,0,0.0,0,0.0,0,0.0,0,0.0,0,0.0,0,0.0,0,0.0,0,0.0,0,0.0,0,0.0,0,0.0,0,0.0,0,0,-0.25,1,15.4,75,3.0,1
2014-12-03,2029,2,0,0,1,0,0,0,0,0.9749279121818236,-0.22252093395631434,12,0,0,0,0,0,0,0,0,0,0,0,1,0,0.0,0,0.0,0,0.0,0,0.0,0,0.0,0,0.0,0,0.0,0,0.0,0,0.0,0,0.0,0,0.0,0,0.0,0,0.0,0,0.0,0,0,-0.16666666666666666,1,20.4,72,3.5,1
2014-12-04,1946,3,0,0,0,1,0,0,0,0.43388373911755823,-0.900968867902419,12,0,0,0,0,0,0,0,0,0,0,0,1,0,0.0,0,0.0,0,0.0,0,0.0,0,0.0,0,0.0,0,0.0,0,0.0,0,0.0,0,0.0,0,0.0,0,0.0,0,0.0,0,0.0,0,0,-0.08333333333333333,1,13.9,85,27.0,1
2014-12-05,2382,4,0,0,0,0,1,0,0,-0.433883739117558,-0.9009688679024191,12,0,0,0,0,0,0,0,0,0,0,0,1,0,0.0,0,0.0,0,0.0,0,0.0,0,0.0,0,0.0,0,0.0,0,0.0,0,0.0,0,0.0,0,0.0,0,0.0,0,0.0,0,0.0,0,1,0.0,1,14.1,60,0.0,0
2014-12-06,3601,5,0,0,0,0,0,1,0,-0.9749279121818236,-0.2225209339563146,12,0,0,0,0,0,0,0,0,0,0,0,1,0,0.0,0,0.0,0,0.0,0,0.0,0,0.0,0,0.0,0,0.0,0,0.0,0,-1.0,0,0.0,0,0.0,0,0.0,0,0.0,0,0.0,0,0,0.08333333333333333,1,15.8,60,0.0,0
2014-12-07,4104,6,0,0,0,0,0,0,1,-0.7818314824680299,0.6234898018587334,12,0,0,0,0,0,0,0,0,0,0,0,1,0,0.0,0,0.0,0,0.0,0,0.0,0,0.0,0,0.0,0,0.0,0,0.0,0,-0.9375,0,0.0,0,0.0,0,0.0,0,0.0,0,0.0,0,0,0.16666666666666666,1,19.6,63,0.0,0
2014-12-08,1902,0,1,0,0,0,0,0,0,0.0,1.0,12,0,0,0,0,0,0,0,0,0,0,0,1,0,0.0,0,0.0,0,0.0,0,0.0,0,0.0,0,0.0,0,0.0,0,0.0,0,-0.875,0,0.0,0,0.0,0,0.0,0,0.0,0,0.0,0,0,0.25,1,16.6,88,6.0,1
2014-12-09,2025,1,0,1,0,0,0,0,0,0.7818314824680298,0.6234898018587336,12,0,0,0,0,0,0,0,0,0,0,0,1,0,0.0,0,0.0,0,0.0,0,0.0,0,0.0,0,0.0,0,0.0,0,0.0,0,-0.8125,0,-1.0,0,0.0,0,0.0,0,0.0,0,0.0,0,0,0.3333333333333333,1,17.7,88,4.0,1
2014-12-10,2135,2,0,0,1,0,0,0,0,0.9749279121818236,-0.22252093395631434,12,0,0,0,0,0,0,0,0,0,0,0,1,0,0.0,0,0.0,0,0.0,0,0.0,0,0.0,0,0.0,0,0.0,0,0.0,0,-0.75,0,-0.9375,0,0.0,0,0.0,0,0.0,0,0.0,0,0,0.4166666666666667,1,19.8,90,0.0,0
2014-12-11,1972,3,0,0,0,1,0,0,0,0.43388373911755823,-0.900968867902419,12,0,0,0,0,0,0,0,0,0,0,0,1,0,0.0,0,0.0,0,0.0,0,0.0,0,0.0,0,0.0,0,0.0,0,0.0,0,-0.6875,0,-0.875,0,0.0,0,0.0,0,0.0,0,0.0,0,0,0.5,1,16.4,91,3.5,1
2014-12-12,2091,4,0,0,0,0,1,0,0,-0.433883739117558,-0.9009688679024191,12,0,0,0,0,0,0,0,0,0,0,0,1,0,0.0,0,0.0,0,0.0,0,0.0,0,0.0,0,0.0,0,0.0,0,0.0,0,-0.625,0,-0.8125,0,0.0,0,0.0,0,0.0,0,0.0,0,0,0.5833333333333334,1,12.8,83,5.5,1
2014-12-13,3651,5,0,0,0,0,0,1,0,-0.9749279121818236,-0.2225209339563146,12,0,0,0,0,0,0,0,0,0,0,0,1,0,0.0,0,0.0,0,0.0,0,0.0,0,0.0,0,0.0,0,0.0,0,0.0,0,-0.5625,0,-0.75,0,0.0,0,0.0,0,0.0,0,0.0,0,0,0.6666666666666666,1,13.5,62,0.0,0
2014-12-14,4157,6,0,0,0,0,0,0,1,-0.7818314824680299,0.6234898018587334,12,0,0,0,0,0,0,0,0,0,0,0,1,0,0.0,0,0.0,0,0.0,0,0.0,0,0.0,0,0.0,0,0.0,0,0.0,0,-0.5,0,-0.6875,0,0.0,0,0.0,0,0.0,0,0.0,0,0,0.75,1,15.8,72,0.0,0
2014-12-15,2199,0,1,0,0,0,0,0,0,0.0,1.0,12,0,0,0,0,0,0,0,0,0,0,0,1,0,0.0,0,0.0,0,0.0,0,0.0,0,0.0,0,0.0,0,0.0,0,0.0,0,-0.4375,0,-0.625,0,0.0,0,0.0,0,0.0,0,0.0,0,0,0.8333333333333334,1,17.6,83,0.0,0
2014-12-16,1992,1,0,1,0,0,0,0,0,0.7818314824680298,0.6234898018587336,12,0,0,0,0,0,0,0,0,0,0,0,1,0,0.0,0,0.0,0,0.0,0,0.0,0,0.0,0,0.0,0,0.0,0,0.0,0,-0.375,0,-0.5625,0,0.0,0,-1.0,0,0.0,0,0.0,0,0,0.9166666666666666,1,14.1,66,0.0,0
2014-12-17,2059,2,0,0,1,0,0,0,0,0.9749279121818236,-0.22252093395631434,12,0,0,0,0,0,0,0,0,0,0,0,1,0,0.0,0,0.0,0,0.0,0,0.0,0,0.0,0,0.0,0,0.0,0,0.0,0,-0.3125,0,-0.5,0,0.0,0,-0.9375,0,0.0,0,0.0,0,0,1.0,1,11.1,55,0.0,0
2014-12-18,1991,3,0,0,0,1,0,0,0,0.43388373911755823,-0.900968867902419,12,0,0,0,0,0,0,0,0,0,0,0,1,0,0.0,0,0.0,0,0.0,0,0.0,0,0.0,0,0.0,0,0.0,0,0.0,0,-0.25,0,-0.4375,0,0.0,0,-0.875,0,0.0,0,0.0,0,0,0.0,1,14.7,61,0.0,0
2014-12-19,1963,4,0,0,0,0,1,0,0,-0.433883739117558,-0.9009688679024191,12,0,0,0,0,0,0,0,0,0,0,0,1,0,0.0,0,0.0,0,0.0,0,0.0,0,0.0,0,0.0,0,0.0,0,0.0,0,-0.1875,0,-0.375,0,0.0,0,-0.8125,0,0.0,0,0.0,0,0,0.0,1,15.9,81,2.5,1
2014-12-20,3765,5,0,0,0,0,0,1,0,-0.9749279121818236,-0.2225209339563146,12,0,0,0,0,0,0,0,0,0,0,0,1,0,0.0,0,0.0,0,0.0,0,0.0,0,0.0,0,0.0,0,0.0,0,0.0,0,-0.125,0,-0.3125,0,0.0,0,-0.75,0,0.0,0,0.0,0,0,0.0,1,15.0,73,0.5,1
2014-12-21,4131,6,0,0,0,0,0,0,1,-0.7818314824680299,0.6234898018587334,12,0,0,0,0,0,0,0,0,0,0,0,1,0,0.0,0,0.0,0,0.0,0,0.0,0,0.0,0,0.0,0,0.0,0,0.0,0,-0.0625,0,-0.25,0,0.0,0,-0.6875,0,0.0,0,0.0,0,0,0.0,1,14.3,74,1.0,1
2014-12-22,2109,0,1,0,0,0,0,0,0,0.0,1.0,12,0,0,0,0,0,0,0,0,0,0,0,1,0,0.0,0,0.0,0,0.0,0,0.0,0,0.0,0,0.0,0,0.0,0,0.0,1,0.0,0,-0.1875,0,0.0,0,-0.625,0,0.0,0,0.0,0,0,0.0,1,13.1,58,0.0,0
2014-12-23,2221,1,0,1,0,0,0,0,0,0.7818314824680298,0.6234898018587336,12,0,0,0,0,0,0,0,0,0,0,0,1,0,0.0,0,0.0,0,0.0,0,0.0,0,0.0,0,0.0,0,0.0,0,0.0,0,0.0625,0,-0.125,0,0.0,0,-0.5625,0,0.0,0,0.0,0,0,0.0,1,17.0,60,0.0,0
2014-12-24,2129,2,0,0,1,0,0,0,0,0.9749279121818236,-0.22252093395631434,12,0,0,0,0,0,0,0,0,0,0,0,1,0,0.0,0,0.0,0,0.0,0,0.0,0,0.0,0,0.0,0,0.0,0,0.0,0,0.125,0,-0.0625,0,0.0,0,-0.5,0,0.0,0,0.0,0,0,-1.0,1,18.4,74,0.0,0
2014-12-25,1761,3,0,0,0,1,0,0,0,0.43388373911755823,-0.900968867902419,12,0,0,0,0,0,0,0,0,0,0,0,1,0,0.0,0,0.0,0,0.0,0,0.0,0,0.0,0,0.0,0,0.0,0,0.0,0,0.1875,1,0.0,0,0.0,0,-0.4375,0,0.0,0,0.0,0,0,-0.9166666666666666,1,16.2,76,7.5,1
2014-12-26,2330,4,0,0,0,0,1,0,0,-0.433883739117558,-0.9009688679024191,12,0,0,0,0,0,0,0,0,0,0,0,1,0,0.0,0,0.0,0,0.0,0,0.0,0,0.0,0,0.0,0,0.0,0,0.0,0,0.25,0,0.0625,0,0.0,0,-0.375,0,0.0,0,0.0,0,0,-0.8333333333333334,1,16.0,75,0.5,1
2014-12-27,2832,5,0,0,0,0,0,1,0,-0.9749279121818236,-0.2225209339563146,12,0,0,0,0,0,0,0,0,0,0,0,1,0,0.0,0,0.0,0,0.0,0,0.0,0,0.0,0,0.0,0,0.0,0,0.0,0,0.3125,0,0.125,0,0.0,0,-0.3125,0,0.0,0,0.0,0,0,-0.75,1,15.6,88,18.0,1
2014-12-28,4478,6,0,0,0,0,0,0,1,-0.7818314824680299,0.6234898018587334,12,0,0,0,0,0,0,0,0,0,0,0,1,0,0.0,0,0.0,0,0.0,0,0.0,0,0.0,0,0.0,0,0.0,0,0.0,0,0.375,0,0.1875,0,0.0,0,-0.25,0,0.0,0,0.0,0,0,-0.6666666666666666,1,13.7,92,3.0,1
2014-12-29,2442,0,1,0,0,0,0,0,0,0.0,1.0,12,0,0,0,0,0,0,0,0,0,0,0,1,0,0.0,0,0.0,0,0.0,0,0.0,0,0.0,0,0.0,0,0.0,0,0.0,0,0.4375,0,0.25,0,0.0,0,-0.1875,0,0.0,0,0.0,0,0,-0.5833333333333334,1,13.4,66,0.0,0
2014-12-30,2247,1,0,1,0,0,0,0,0,0.7818314824680298,0.6234898018587336,12,0,0,0,0,0,0,0,0,0,0,0,1,0,0.0,0,0.0,0,0.0,0,0.0,0,0.0,0,0.0,0,0.0,0,0.0,0,0.5,0,0.3125,0,0.0,0,-0.125,0,0.0,0,0.0,0,0,-0.5,1,15.2,63,0.0,0
2014-12-31,2524,2,0,0,1,0,0,0,0,0.9749279121818236,-0.22252093395631434,12,0,0,0,0,0,0,0,0,0,0,0,1,0,0.0,0,0.0,0,0.0,0,0.0,0,0.0,0,0.0,0,0.0,0,0.0,0,0.5625,0,0.375,0,0.0,0,-0.0625,0,0.0,0,0.0,0,0,-0.4166666666666667,1,16.1,65,0.0,0
2015-01-01,3299,3,0,0,0,1,0,0,0,0.43388373911755823,-0.900968867902419,1,1,0,0,0,0,0,0,0,0,0,0,0,0,0.0,0,0.0,0,0.0,0,0.0,0,0.0,0,0.0,0,0.0,0,0.0,0,0.625,0,0.4375,0,0.0,1,0.0,0,0.0,0,0.0,0,0,-0.3333333333333333,1,13.3,58,0.0,0
2015-01-02,2864,4,0,0,0,0,1,0,0,-0.433883739117558,-0.9009688679024191,1,1,0,0,0,0,0,0,0,0,0,0,0,0,0.0,0,0.0,0,0.0,0,0.0,0,0.0,0,0.0,0,0.0,0,0.0,0,0.6875,0,0.5,0,0.0,0,0.0625,0,0.0,0,0.0,0,0,-0.25,1,13.5,59,0.0,0
2015-01-03,3012,5,0,0,0,0,0,1,0,-0.9749279121818236,-0.2225209339563146,1,1,0,0,0,0,0,0,0,0,0,0,0,0,0.0,0,0.0,0,0.0,0,0.0,0,0.0,0,0.0,0,0.0,0,0.0,0,0.75,0,0.5625,0,0.0,0,0.125,0,0.0,0,0.0,0,0,-0.16666666666666666,1,16.0,61,0.0,0
2015-01-04,3526,6,0,0,0,0,0,0,1,-0.7818314824680299,0.6234898018587334,1,1,0,0,0,0,0,0,0,0,0,0,0,0,0.0,0,0.0,0,0.0,0,0.0,0,0.0,0,0.0,0,0.0,0,0.0,0,0.8125,0,0.625,0,0.0,0,0.1875,0,0.0,0,0.0,0,0,-0.08333333333333333,1,16.1,75,0.0,0
2015-01-05,1980,0,1,0,0,0,0,0,0,0.0,1.0,1,1,0,0,0,0,0,0,0,0,0,0,0,0,0.0,0,0.0,0,0.0,0,0.0,0,0.0,0,0.0,0,0.0,0,0.0,0,0.875,0,0.6875,0,0.0,0,0.25,0,0.0,0,0.0,0,1,0.0,1,17.6,80,0.0,0
2015-01-06,1895,1,0,1,0,0,0,0,0,0.7818314824680298,0.6234898018587336,1,1,0,0,0,0,0,0,0,0,0,0,0,0,0.0,0,0.0,0,0.0,0,0.0,0,0.0,0,0.0,0,0.0,0,0.0,0,0.9375,0,0.75,0,0.0,0,0.3125,0,0.0,0,0.0,0,0,0.08333333333333333,1,18.6,79,0.0,0
2015-01-07,1978,2,0,0,1,0,0,0,0,0.9749279121818236,-0.22252093395631434,1,1,0,0,0,0,0,0,0,0,0,0,0,0,0.0,0,0.0,0,0.0,0,0.0,0,0.0,0,0.0,0,0.0,0,0.0,0,1.0,0,0.8125,0,0.0,0,0.375,0,0.0,0,0.0,0,0,0.16666666666666666,1,14.4,84,1.0,1
2015-01-08,2134,3,0,0,0,1,0,0,0,0.43388373911755823,-0.900968867902419,1,1,0,0,0,0,0,0,0,0,0,0,0,0,0.0,0,0.0,0,0.0,0,0.0,0,0.0,0,0.0,0,0.0,0,0.0,0,0.0,0,0.875,0,0.0,0,0.4375,0,0.0,0,0.0,0,0,0.25,1,12.8,62,0.0,0
2015-01-09,2131,4,0,0,0,0,1,0,0,-0.433883739117558,-0.9009688679024191,1,1,0,0,0,0,0,0,0,0,0,0,0,0,0.0,0,0.0,0,0.0,0,0.0,0,0.0,0,0.0,0,0.0,0,0.0,0,0.0,0,0.9375,0,0.0,0,0.5,0,0.0,0,0.0,0,0,0.3333333333333333,1,14.7,64,0.0,0
2015-01-10,3486,5,0,0,0,0,0,1,0,-0.9749279121818236,-0.2225209339563146,1,1,0,0,0,0,0,0,0,0,0,0,0,0,0.0,0,0.0,0,0.0,0,0.0,0,0.0,0,0.0,0,0.0,0,0.0,0,0.0,0,1.0,0,0.0,0,0.5625,0,0.0,0,0.0,0,0,0.4166666666666667,1,16.2,61,0.0,0
2015-01-11,4437,6,0,0,0,0,0,0,1,-0.7818314824680299,0.6234898018587334,1,1,0,0,0,0,0,0,0,0,0,0,0,0,0.0,0,0.0,0,0.0,0,0.0,0,0.0,0,0.0,0,0.0,0,0.0,0,0.0,0,0.0,0,0.0,0,0.625,0,0.0,0,0.0,0,0,0.5,1,16.7,64,0.0,0
2015-01-12,1965,0,1,0,0,0,0,0,0,0.0,1.0,1,1,0,0,0,0,0,0,0,0,0,0,0,0,0.0,0,0.0,0,0.0,0,0.0,0,0.0,0,0.0,0,0.0,0,0.0,0,0.0,0,0.0,0,0.0,0,0.6875,0,0.0,0,0.0,0,0,0.5833333333333334,1,16.9,68,0.0,0
2015-01-13,1964,1,0,1,0,0,0,0,0,0.7818314824680298,0.6234898018587336,1,1,0,0,0,0,0,0,0,0,0,0,0,0,0.0,0,0.0,0,0.0,0,0.0,0,0.0,0,0.0,0,0.0,0,0.0,0,0.0,0,0.0,0,0.0,0,0.75,0,0.0,0,0.0,0,0,0.6666666666666666,1,20.1,67,6.5,1
2015-01-14,1812,2,0,0,1,0,0,0,0,0.9749279121818236,-0.22252093395631434,1,1,0,0,0,0,0,0,0,0,0,0,0,0,0.0,0,0.0,0,0.0,0,0.0,0,0.0,0,0.0,0,0.0,0,0.0,0,0.0,0,0.0,0,0.0,0,0.8125,0,0.0,0,0.0,0,0,0.75,1,15.0,87,7.5,1
2015-01-15,1943,3,0,0,0,1,0,0,0,0.43388373911755823,-0.900968867902419,1,1,0,0,0,0,0,0,0,0,0,0,0,0,0.0,0,0.0,0,0.0,0,0.0,0,0.0,0,0.0,0,0.0,0,0.0,0,0.0,0,0.0,0,0.0,0,0.875,0,0.0,0,0.0,0,0,0.8333333333333334,1,14.8,73,0.0,0
2015-01-16,1926,4,0,0,0,0,1,0,0,-0.433883739117558,-0.9009688679024191,1,1,0,0,0,0,0,0,0,0,0,0,0,0,0.0,0,0.0,0,0.0,0,0.0,0,0.0,0,0.0,0,0.0,0,0.0,0,0.0,0,0.0,0,0.0,0,0.9375,0,0.0,0,0.0,0,0,0.9166666666666666,1,16.9,70,0.0,0
2015-01-17,3334,5,0,0,0,0,0,1,0,-0.9749279121818236,-0.2225209339563146,1,1,0,0,0,0,0,0,0,0,0,0,0,0,0.0,0,0.0,0,0.0,0,0.0,0,0.0,0,0.0,0,0.0,0,0.0,0,0.0,0,0.0,0,0.0,0,1.0,0,0.0,0,0.0,0,0,1.0,1,14.8,61,0.0,0
2015-01-18,3795,6,0,0,0,0,0,0,1,-0.7818314824680299,0.6234898018587334,1,1,0,0,0,0,0,0,0,0,0,0,0,0,0.0,0,0.0,0,0.0,0,0.0,0,0.0,0,0.0,0,0.0,0,0.0,0,0.0,0,0.0,0,0.0,0,0.0,0,0.0,0,0.0,0,0,0.0,1,16.4,65,0.0,0
2015-01-19,2066,0,1,0,0,0,0,0,0,0.0,1.0,1,1,0,0,0,0,0,0,0,0,0,0,0,0,0.0,0,0.0,0,0.0,0,0.0,0,0.0,0,0.0,0,0.0,0,0.0,0,0.0,0,0.0,0,0.0,0,0.0,0,0.0,0,0.0,0,0,0.0,1,15.3,60,0.0,0
2015-01-20,2047,1,0,1,0,0,0,0,0,0.7818314824680298,0.6234898018587336,1,1,0,0,0,0,0,0,0,0,0,0,0,0,0.0,0,0.0,0,0.0,0,0.0,0,0.0,0,0.0,0,0.0,0,0.0,0,0.0,0,0.0,0,0.0,0,0.0,0,0.0,0,0.0,0,0,0.0,1,17.9,64,0.0,0
2015-01-21,2437,2,0,0,1,0,0,0,0,0.9749279121818236,-0.22252093395631434,1,1,0,0,0,0,0,0,0,0,0,0,0,0,0.0,0,0.0,0,0.0,0,0.0,0,0.0,0,0.0,0,0.0,0,0.0,0,0.0,0,0.0,0,0.0,0,0.0,0,0.0,0,0.0,0,0,0.0,1,16.2,84,1.0,1
2015-01-22,2195,3,0,0,0,1,0,0,0,0.43388373911755823,-0.900968867902419,1,1,0,0,0,0,0,0,0,0,0,0,0,0,0.0,0,0.0,0,0.0,0,0.0,0,0.0,0,0.0,0,0.0,0,0.0,0,0.0,0,0.0,0,0.0,0,0.0,0,0.0,0,0.0,0,0,0.0,1,13.9,69,0.0,0
2015-01-23,2192,4,0,0,0,0,1,0,0,-0.433883739117558,-0.9009688679024191,1,1,0,0,0,0,0,0,0,0,0,0,0,0,0.0,0,0.0,0,0.0,0,0.0,0,0.0,0,0.0,0,0.0,0,0.0,0,0.0,0,0.0,0,0.0,0,0.0,0,0.0,0,0.0,0,0,0.0,1,14.9,59,0.0,0
2015-01-24,3617,5,0,0,0,0,0,1,0,-0.9749279121818236,-0.2225209339563146,1,1,0,0,0,0,0,0,0,0,0,0,0,0,0.0,0,0.0,0,0.0,0,0.0,0,0.0,0,0.0,0,0.0,0,0.0,0,0.0,0,0.0,0,0.0,0,0.0,0,0.0,0,0.0,0,0,-1.0,1,16.5,65,0.0,0
2015-01-25,4276,6,0,0,0,0,0,0,1,-0.7818314824680299,0.6234898018587334,1,1,0,0,0,0,0,0,0,0,0,0,0,0,0.0,0,0.0,0,0.0,0,0.0,0,0.0,0,0.0,0,0.0,0,0.0,0,0.0,0,0.0,0,0.0,0,0.0,0,0.0,0,0.0,0,0,-0.9166666666666666,1,18.3,70,0.0,0
2015-01-26,1956,0,1,0,0,0,0,0,0,0.0,1.0,1,1,0,0,0,0,0,0,0,0,0,0,0,0,0.0,0,0.0,0,0.0,0,0.0,0,0.0,0,0.0,0,0.0,0,0.0,0,0.0,0,0.0,0,0.0,0,0.0,0,0.0,0,0.0,0,0,-0.8333333333333334,1,18.0,82,1.0,1
2015-01-27,1936,1,0,1,0,0,0,0,0,0.7818314824680298,0.6234898018587336,1,1,0,0,0,0,0,0,0,0,0,0,0,0,0.0,0,0.0,0,0.0,0,0.0,0,0.0,0,0.0,0,0.0,0,0.0,0,0.0,0,0.0,0,0.0,0,0.0,0,0.0,0,0.0,0,0,-0.75,1,16.6,90,14.0,1
2015-01-28,2239,2,0,0,1,0,0,0,0,0.9749279121818236,-0.22252093395631434,1,1,0,0,0,0,0,0,0,0,0,0,0,0,0.0,0,0.0,0,0.0,0,0.0,0,0.0,0,0.0,0,0.0,0,0.0,0,0.0,0,0.0,0,0.0,0,0.0,0,0.0,0,0.0,0,0,-0.6666666666666666,1,15.0,83,0.0,0
2015-01-29,2076,3,0,0,0,1,0,0,0,0.43388373911755823,-0.900968867902419,1,1,0,0,0,0,0,0,0,0,0,0,0,0,0.0,0,0.0,0,0.0,0,0.0,0,0.0,0,0.0,0,0.0,0,0.0,0,0.0,0,0.0,0,0.0,0,0.0,0,0.0,0,0.0,0,0,-0.5833333333333334,1,18.0,80,0.0,0
2015-01-30,2117,4,0,0,0,0,1,0,0,-0.433883739117558,-0.9009688679024191,1,1,0,0,0,0,0,0,0,0,0,0,0,0,0.0,0,0.0,0,0.0,0,0.0,0,0.0,0,0.0,0,0.0,0,0.0,0,0.0,0,0.0,0,0.0,0,0.0,0,0.0,0,0.0,0,0,-0.5,1,14.8,86,0.0,0
2015-01-31,3914,5,0,0,0,0,0,1,0,-0.9749279121818236,-0.2225209339563146,1,1,0,0,0,0,0,0,0,0,0,0,0,0,0.0,0,0.0,0,0.0,0,0.0,0,0.0,0,0.0,0,0.0,0,0.0,0,0.0,0,0.0,0,0.0,0,0.0,0,0.0,0,0.0,0,0,-0.4166666666666667,1,13.7,80,0.0,0
2015-02-01,4278,6,0,0,0,0,0,0,1,-0.7818314824680299,0.6234898018587334,2,0,1,0,0,0,0,0,0,0,0,0,0,0,0.0,0,0.0,0,0.0,0,0.0,0,0.0,0,0.0,0,0.0,0,0.0,0,0.0,0,0.0,0,0.0,0,0.0,0,0.0,0,0.0,0,0,-0.3333333333333333,1,15.3,76,0.0,0
2015-02-02,2404,0,1,0,0,0,0,0,0,0.0,1.0,2,0,1,0,0,0,0,0,0,0,0,0,0,0,0.0,0,0.0,0,0.0,0,0.0,0,0.0,0,0.0,0,0.0,0,0.0,0,0.0,0,0.0,0,0.0,0,0.0,0,-1.0,0,0.0,0,0,-0.25,1,17.7,76,0.0,0
2015-02-03,2082,1,0,1,0,0,0,0,0,0.7818314824680298,0.6234898018587336,2,0,1,0,0,0,0,0,0,0,0,0,0,0,0.0,0,0.0,0,0.0,0,0.0,0,0.0,0,0.0,0,0.0,0,0.0,0,0.0,0,0.0,0,0.0,0,0.0,0,-0.9375,0,-1.0,0,0,-0.16666666666666666,1,16.5,91,4.0,1
2015-02-04,2295,2,0,0,1,0,0,0,0,0.9749279121818236,-0.22252093395631434,2,0,1,0,0,0,0,0,0,0,0,0,0,0,0.0,0,0.0,0,0.0,0,0.0,0,0.0,0,0.0,0,0.0,0,0.0,0,0.0,0,0.0,0,0.0,0,0.0,0,-0.875,0,-0.9375,0,0,-0.08333333333333333,1,14.2,89,2.5,1
2015-02-05,2132,3,0,0,0,1,0,0,0,0.43388373911755823,-0.900968867902419,2,0,1,0,0,0,0,0,0,0,0,0,0,0,0.0,0,0.0,0,0.0,0,0.0,0,0.0,0,0.0,0,0.0,0,0.0,0,0.0,0,0.0,0,0.0,0,0.0,0,-0.8125,0,-0.875,0,1,0.0,1,11.0,77,4.0,1
2015-02-06,2240,4,0,0,0,0,1,0,0,-0.433883739117558,-0.9009688679024191,2,0,1,0,0,0,0,0,0,0,0,0,0,0,0.0,0,0.0,0,0.0,0,0.0,0,0.0,0,0.0,0,0.0,0,0.0,0,0.0,0,0.0,0,0.0,0,0.0,0,-0.75,0,-0.8125,0,0,0.08333333333333333,1,11.4,85,1.0,1
2015-02-07,4173,5,0,0,0,0,0,1,0,-0.9749279121818236,-0.2225209339563146,2,0,1,0,0,0,0,0,0,0,0,0,0,0,0.0,0,0.0,0,0.0,0,0.0,0,0.0,0,0.0,0,0.0,0,0.0,0,0.0,0,0.0,0,0.0,0,0.0,0,-0.6875,0,-0.75,0,0,0.16666666666666666,1,15.9,85,0.5,1
2015-02-08,4653,6,0,0,0,0,0,0,1,-0.7818314824680299,0.6234898018587334,2,0,1,0,0,0,0,0,0,0,0,0,0,0,0.0,0,0.0,0,0.0,0,0.0,0,0.0,0,0.0,0,0.0,0,0.0,0,0.0,0,0.0,0,0.0,0,0.0,0,-0.625,0,-0.6875,0,0,0.25,1,12.3,75,3.0,1
2015-02-09,2519,0,1,0,0,0,0,0,0,0.0,1.0,2,0,1,0,0,0,0,0,0,0,0,0,0,0,0.0,0,0.0,0,0.0,0,0.0,0,0.0,0,0.0,0,0.0,0,0.0,0,0.0,0,0.0,0,0.0,0,0.0,0,-0.5625,0,-0.625,0,0,0.3333333333333333,1,10.5,75,0.0,0
2015-02-10,2547,1,0,1,0,0,0,0,0,0.7818314824680298,0.6234898018587336,2,0,1,0,0,0,0,0,0,0,0,0,0,0,0.0,0,0.0,0,0.0,0,0.0,0,0.0,0,0.0,0,0.0,0,0.0,0,0.0,0,0.0,0,0.0,0,0.0,0,-0.5,0,-0.5625,0,0,0.4166666666666667,1,13.1,69,0.0,0
2015-02-11,2603,2,0,0,1,0,0,0,0,0.9749279121818236,-0.22252093395631434,2,0,1,0,0,0,0,0,0,0,0,0,0,0,0.0,0,0.0,0,0.0,0,0.0,0,0.0,0,0.0,0,0.0,0,0.0,0,0.0,0,0.0,0,0.0,0,0.0,0,-0.4375,0,-0.5,0,0,0.5,1,14.4,78,0.0,0
2015-02-12,2559,3,0,0,0,1,0,0,0,0.43388373911755823,-0.900968867902419,2,0,1,0,0,0,0,0,0,0,0,0,0,0,0.0,0,0.0,0,0.0,0,0.0,0,0.0,0,0.0,0,0.0,0,0.0,0,0.0,0,0.0,0,0.0,0,0.0,0,-0.375,0,-0.4375,0,0,0.5833333333333334,1,15.1,58,0.0,0
2015-02-13,2738,4,0,0,0,0,1,0,0,-0.433883739117558,-0.9009688679024191,2,0,1,0,0,0,0,0,0,0,0,0,0,0,0.0,0,0.0,0,0.0,0,0.0,0,0.0,0,0.0,0,0.0,0,0.0,0,0.0,0,0.0,0,0.0,0,0.0,0,-0.3125,0,-0.375,0,0,0.6666666666666666,1,17.1,52,0.0,0
2015-02-14,4723,5,0,0,0,0,0,1,0,-0.9749279121818236,-0.2225209339563146,2,0,1,0,0,0,0,0,0,0,0,0,0,0,0.0,0,0.0,0,0.0,0,0.0,0,0.0,0,0.0,0,0.0,0,0.0,0,0.0,0,0.0,0,0.0,0,0.0,0,-0.25,0,-0.3125,0,0,0.75,1,19.5,54,0.0,0
2015-02-15,5498,6,0,0,0,0,0,0,1,-0.7818314824680299,0.6234898018587334,2,0,1,0,0,0,0,0,0,0,0,0,0,0,0.0,0,0.0,0,0.0,0,0.0,0,0.0,0,0.0,0,0.0,0,0.0,0,0.0,0,0.0,0,0.0,0,0.0,0,-0.1875,0,-0.25,0,0,0.8333333333333334,1,19.0,68,7.0,1
2015-02-16,4138,0,1,0,0,0,0,0,0,0.0,1.0,2,0,1,0,0,0,0,0,0,0,0,0,0,0,0.0,0,0.0,0,0.0,0,0.0,0,0.0,0,0.0,0,0.0,0,0.0,0,0.0,0,0.0,0,0.0,0,0.0,0,-0.125,0,-0.1875,0,0,0.9166666666666666,1,19.1,82,11.0,1
2015-02-17,5339,1,0,1,0,0,0,0,0,0.7818314824680298,0.6234898018587336,2,0,1,0,0,0,0,0,0,0,0,0,0,0,-1.0,0,0.0,0,0.0,0,0.0,0,0.0,0,0.0,0,0.0,0,0.0,0,0.0,0,0.0,0,0.0,0,0.0,0,-0.0625,0,-0.125,0,0,1.0,1,19.2,72,0.0,0
2015-02-18,3323,2,0,0,1,0,0,0,0,0.9749279121818236,-0.22252093395631434,2,0,1,0,0,0,0,0,0,0,0,0,0,0,-0.9375,0,0.0,0,0.0,0,0.0,0,0.0,0,0.0,0,0.0,0,0.0,0,0.0,0,0.0,0,0.0,0,0.0,1,0.0,0,-0.0625,0,0,0.0,1,17.4,67,0.0,0
2015-02-19,2736,3,0,0,0,1,0,0,0,0.43388373911755823,-0.900968867902419,2,0,1,0,0,0,0,0,0,0,0,0,0,0,-0.875,0,0.0,0,0.0,0,0.0,0,0.0,0,0.0,0,0.0,0,0.0,0,0.0,0,0.0,0,0.0,0,0.0,0,0.0625,1,0.0,0,0,0.0,1,16.2,68,0.0,0
2015-02-20,2201,4,0,0,0,0,1,0,0,-0.433883739117558,-0.9009688679024191,2,0,1,0,0,0,0,0,0,0,0,0,0,0,-0.8125,0,0.0,0,0.0,0,0.0,0,0.0,0,0.0,0,0.0,0,0.0,0,0.0,0,0.0,0,0.0,0,0.0,0,0.125,0,0.0625,0,0,0.0,1,17.8,75,0.0,0
2015-02-21,2393,5,0,0,0,0,0,1,0,-0.9749279121818236,-0.2225209339563146,2,0,1,0,0,0,0,0,0,0,0,0,0,0,-0.75,0,0.0,0,0.0,0,0.0,0,0.0,0,0.0,0,0.0,0,0.0,0,0.0,0,0.0,0,0.0,0,0.0,0,0.1875,0,0.125,0,0,-1.0,1,19.7,76,0.5,1
2015-02-22,2957,6,0,0,0,0,0,0,1,-0.7818314824680299,0.6234898018587334,2,0,1,0,0,0,0,0,0,0,0,0,0,0,-0.6875,0,0.0,0,0.0,0,0.0,0,0.0,0,0.0,0,0.0,0,0.0,0,0.0,0,0.0,0,0.0,0,0.0,0,0.25,0,0.1875,0,0,-0.9166666666666666,1,19.1,87,0.0,0
2015-02-23,3062,0,1,0,0,0,0,0,0,0.0,1.0,2,0,1,0,0,0,0,0,0,0,0,0,0,0,-0.625,0,0.0,0,0.0,0,0.0,0,0.0,0,0.0,0,0.0,0,0.0,0,0.0,0,0.0,0,0.0,0,0.0,0,0.3125,0,0.25,0,0,-0.8333333333333334,1,17.7,92,0.0,0
2015-02-24,1965,1,0,1,0,0,0,0,0,0.7818314824680298,0.6234898018587336,2,0,1,0,0,0,0,0,0,0,0,0,0,0,-0.5625,0,0.0,0,0.0,0,0.0,0,0.0,0,0.0,0,0.0,0,0.0,0,0.0,0,0.0,0,0.0,0,0.0,0,0.375,0,0.3125,0,0,-0.75,1,17.1,90,52.5,1
2015-02-25,2077,2,0,0,1,0,0,0,0,0.9749279121818236,-0.22252093395631434,2,0,1,0,0,0,0,0,0,0,0,0,0,0,-0.5,0,0.0,0,0.0,0,0.0,0,0.0,0,0.0,0,0.0,0,0.0,0,0.0,0,0.0,0,0.0,0,0.0,0,0.4375,0,0.375,0,0,-0.6666666666666666,1,18.9,88,0.0,0
2015-02-26,2023,3,0,0,0,1,0,0,0,0.43388373911755823,-0.900968867902419,2,0,1,0,0,0,0,0,0,0,0,0,0,0,-0.4375,0,0.0,0,0.0,0,0.0,0,0.0,0,0.0,0,0.0,0,0.0,0,0.0,0,0.0,0,0.0,0,0.0,0,0.5,0,0.4375,0,0,-0.5833333333333334,1,18.2,92,0.5,1
2015-02-27,2857,4,0,0,0,0,1,0,0,-0.433883739117558,-0.9009688679024191,2,0,1,0,0,0,0,0,0,0,0,0,0,0,-0.375,0,0.0,0,0.0,0,0.0,0,0.0,0,0.0,0,0.0,0,0.0,0,0.0,0,0.0,0,0.0,0,0.0,0,0.5625,0,0.5,0,0,-0.5,1,18.9,87,0.0,0
2015-02-28,3218,5,0,0,0,0,0,1,0,-0.9749279121818236,-0.2225209339563146,2,0,1,0,0,0,0,0,0,0,0,0,0,0,-0.3125,0,0.0,0,0.0,0,0.0,0,0.0,0,0.0,0,0.0,0,0.0,0,0.0,0,0.0,0,0.0,0,0.0,0,0.625,0,0.5625,0,0,-0.4166666666666667,1,17.3,89,0.0,0
2015-03-01,3582,6,0,0,0,0,0,0,1,-0.7818314824680299,0.6234898018587334,3,0,0,1,0,0,0,0,0,0,0,0,0,0,-0.25,0,0.0,0,0.0,0,0.0,0,0.0,0,0.0,0,0.0,0,0.0,0,0.0,0,0.0,0,0.0,0,0.0,0,0.6875,0,0.625,0,0,-0.3333333333333333,1,13.3,81,0.0,0
2015-03-02,1841,0,1,0,0,0,0,0,0,0.0,1.0,3,0,0,1,0,0,0,0,0,0,0,0,0,0,-0.1875,0,0.0,0,0.0,0,0.0,0,0.0,0,0.0,0,0.0,0,0.0,0,0.0,0,0.0,0,0.0,0,0.0,0,0.75,0,0.6875,0,0,-0.25,1,14.6,82,0.0,0
2015-03-03,1917,1,0,1,0,0,0,0,0,0.7818314824680298,0.6234898018587336,3,0,0,1,0,0,0,0,0,0,0,0,0,0,-0.125,0,0.0,0,0.0,0,0.0,0,0.0,0,0.0,0,0.0,0,0.0,0,0.0,0,0.0,0,0.0,0,0.0,0,0.8125,0,0.75,0,0,-0.16666666666666666,1,18.5,80,0.0,0
2015-03-04,1854,2,0,0,1,0,0,0,0,0.9749279121818236,-0.22252093395631434,3,0,0,1,0,0,0,0,0,0,0,0,0,0,-0.0625,0,0.0,0,0.0,0,0.0,0,0.0,0,0.0,0,0.0,0,0.0,0,0.0,0,0.0,0,0.0,0,0.0,0,0.875,0,0.8125,0,0,-0.08333333333333333,1,14.2,84,2.0,1
2015-03-05,1831,3,0,0,0,1,0,0,0,0.43388373911755823,-0.900968867902419,3,0,0,1,0,0,0,0,0,0,0,0,0,1,0.0,0,0.0,0,0.0,0,0.0,0,0.0,0,0.0,0,0.0,0,0.0,0,0.0,0,0.0,0,0.0,0,0.0,0,0.9375,0,0.875,0,1,0.0,1,15.7,90,1.5,1
2015-03-06,1794,4,0,0,0,0,1,0,0,-0.433883739117558,-0.9009688679024191,3,0,0,1,0,0,0,0,0,0,0,0,0,0,0.0625,0,0.0,0,0.0,0,0.0,0,0.0,0,0.0,0,0.0,0,0.0,0,0.0,0,0.0,0,0.0,0,0.0,0,1.0,0,0.9375,0,0,0.08333333333333333,1,15.2,91,10.5,1
2015-03-07,3137,5,0,0,0,0,0,1,0,-0.9749279121818236,-0.2225209339563146,3,0,0,1,0,0,0,0,0,0,0,0,0,0,0.125,0,0.0,0,0.0,0,0.0,0,0.0,0,0.0,0,0.0,0,0.0,0,0.0,0,0.0,0,0.0,0,0.0,0,0.0,0,1.0,0,0,0.16666666666666666,1,16.2,87,0.5,1
2015-03-08,3530,6,0,0,0,0,0,0,1,-0.7818314824680299,0.6234898018587334,3,0,0,1,0,0,0,0,0,0,0,0,0,0,0.1875,0,0.0,0,0.0,0,0.0,0,0.0,0,0.0,0,0.0,0,0.0,0,0.0,0,0.0,0,0.0,0,0.0,0,0.0,0,0.0,0,0,0.25,1,18.0,89,0.5,1
2015-03-09,1872,0,1,0,0,0,0,0,0,0.0,1.0,3,0,0,1,0,0,0,0,0,0,0,0,0,0,0.25,0,0.0,0,0.0,0,0.0,0,0.0,0,0.0,0,0.0,0,0.0,0,0.0,0,0.0,0,0.0,0,0.0,0,0.0,0,0.0,0,0,0.3333333333333333,1,16.4,79,0.0,0
2015-03-10,1614,1,0,1,0,0,0,0,0,0.7818314824680298,0.6234898018587336,3,0,0,1,0,0,0,0,0,0,0,0,0,0,0.3125,0,0.0,0,0.0,0,0.0,0,0.0,0,0.0,0,0.0,0,0.0,0,0.0,0,0.0,0,0.0,0,0.0,0,0.0,0,0.0,0,0,0.4166666666666667,1,12.9,83,14.0,1
2015-03-11,1793,2,0,0,1,0,0,0,0,0.9749279121818236,-0.22252093395631434,3,0,0,1,0,0,0,0,0,0,0,0,0,0,0.375,0,0.0,0,0.0,0,0.0,0,0.0,0,0.0,0,0.0,0,0.0,0,0.0,0,0.0,0,0.0,0,0.0,0,0.0,0,0.0,0,0,0.5,1,12.0,95,46.0,1
2015-03-12,2324,3,0,0,0,1,0,0,0,0.43388373911755823,-0.900968867902419,3,0,0,1,0,0,0,0,0,0,0,0,0,0,0.4375,0,0.0,0,0.0,0,0.0,0,0.0,0,0.0,0,0.0,0,0.0,0,0.0,0,0.0,0,0.0,0,0.0,0,0.0,0,0.0,0,0,0.5833333333333334,1,13.4,91,11.5,1
2015-03-13,2208,4,0,0,0,0,1,0,0,-0.433883739117558,-0.9009688679024191,3,0,0,1,0,0,0,0,0,0,0,0,0,0,0.5,0,0.0,0,0.0,0,0.0,0,0.0,0,0.0,0,0.0,0,0.0,0,0.0,0,0.0,0,0.0,0,0.0,0,0.0,0,0.0,0,0,0.6666666666666666,1,17.9,82,0.0,0
2015-03-14,3352,5,0,0,0,0,0,1,0,-0.9749279121818236,-0.2225209339563146,3,0,0,1,0,0,0,0,0,0,0,0,0,0,0.5625,0,0.0,0,0.0,0,0.0,0,0.0,0,0.0,0,0.0,0,0.0,0,0.0,0,0.0,0,0.0,0,0.0,0,0.0,0,0.0,0,0,0.75,1,19.7,82,0.0,0
2015-03-15,3659,6,0,0,0,0,0,0,1,-0.7818314824680299,0.6234898018587334,3,0,0,1,0,0,0,0,0,0,0,0,0,0,0.625,0,0.0,0,0.0,0,0.0,0,0.0,0,0.0,0,0.0,0,0.0,0,0.0,0,0.0,0,0.0,0,0.0,0,0.0,0,0.0,0,0,0.8333333333333334,1,21.6,80,0.0,0
2015-03-16,1893,0,1,0,0,0,0,0,0,0.0,1.0,3,0,0,1,0,0,0,0,0,0,0,0,0,0,0.6875,0,0.0,0,0.0,0,0.0,0,0.0,0,0.0,0,0.0,0,0.0,0,0.0,0,0.0,0,0.0,0,0.0,0,0.0,0,0.0,0,0,0.9166666666666666,1,22.3,84,0.0,0
2015-03-17,1823,1,0,1,0,0,0,0,0,0.7818314824680298,0.6234898018587336,3,0,0,1,0,0,0,0,0,0,0,0,0,0,0.75,0,0.0,0,0.0,0,0.0,0,0.0,0,0.0,0,0.0,0,0.0,0,0.0,0,0.0,0,0.0,0,0.0,0,0.0,0,0.0,0,0,1.0,1,23.7,84,0.0,0
2015-03-18,2188,2,0,0,1,0,0,0,0,0.9749279121818236,-0.22252093395631434,3,0,0,1,0,0,0,0,0,0,0,0,0,0,0.8125,0,0.0,0,0.0,0,0.0,0,0.0,0,0.0,0,0.0,0,0.0,0,0.0,0,0.0,0,0.0,0,0.0,0,0.0,0,0.0,0,0,0.0,1,25.1,74,0.0,0
2015-03-19,2099,3,0,0,0,1,0,0,0,0.43388373911755823,-0.900968867902419,3,0,0,1,0,0,0,0,0,0,0,0,0,0,0.875,0,0.0,0,0.0,0,0.0,0,0.0,0,0.0,0,0.0,0,0.0,0,0.0,0,0.0,0,0.0,0,0.0,0,0.0,0,0.0,0,0,0.0,1,24.9,74,0.0,0
2015-03-20,2136,4,0,0,0,0,1,0,0,-0.433883739117558,-0.9009688679024191,3,0,0,1,0,0,0,0,0,0,0,0,0,0,0.9375,0,0.0,0,0.0,0,0.0,0,0.0,0,0.0,0,0.0,0,0.0,0,0.0,0,0.0,0,-1.0,0,0.0,0,0.0,0,0.0,0,0,0.0,1,22.4,84,0.0,0
2015-03-21,3207,5,0,0,0,0,0,1,0,-0.9749279121818236,-0.2225209339563146,3,0,0,1,0,0,0,0,0,0,0,0,0,0,1.0,0,0.0,0,0.0,0,0.0,0,0.0,0,0.0,0,0.0,0,0.0,0,0.0,0,0.0,0,-0.9375,0,0.0,0,0.0,0,0.0,0,0,0.0,1,19.7,86,0.0,0
2015-03-22,3865,6,0,0,0,0,0,0,1,-0.7818314824680299,0.6234898018587334,3,0,0,1,0,0,0,0,0,0,0,0,0,0,0.0,0,0.0,0,0.0,0,0.0,0,0.0,0,0.0,0,0.0,0,0.0,0,0.0,0,0.0,0,-0.875,0,0.0,0,0.0,0,0.0,0,0,0.0,1,19.0,71,0.0,0
2015-03-23,1535,0,1,0,0,0,0,0,0,0.0,1.0,3,0,0,1,0,0,0,0,0,0,0,0,0,0,0.0,0,0.0,0,0.0,0,0.0,0,0.0,0,0.0,0,0.0,0,0.0,0,0.0,0,0.0,0,-0.8125,0,0.0,0,0.0,0,0.0,0,0,0.0,1,16.4,88,43.0,1
2015-03-24,1912,1,0,1,0,0,0,0,0,0.7818314824680298,0.6234898018587336,3,0,0,1,0,0,0,0,0,0,0,0,0,0,0.0,0,0.0,0,0.0,0,0.0,0,0.0,0,0.0,0,0.0,0,0.0,0,0.0,0,0.0,0,-0.75,0,0.0,0,0.0,0,0.0,0,0,-1.0,1,15.5,85,3.5,1
2015-03-25,1820,2,0,0,1,0,0,0,0,0.9749279121818236,-0.22252093395631434,3,0,0,1,0,0,0,0,0,0,0,0,0,0,0.0,0,0.0,0,0.0,0,0.0,0,0.0,0,0.0,0,0.0,0,0.0,0,0.0,0,0.0,0,-0.6875,0,0.0,0,0.0,0,0.0,0,0,-0.9166666666666666,1,14.3,93,28.0,1
2015-03-26,1804,3,0,0,0,1,0,0,0,0.43388373911755823,-0.900968867902419,3,0,0,1,0,0,0,0,0,0,0,0,0,0,0.0,0,0.0,0,0.0,0,0.0,0,0.0,0,0.0,0,0.0,0,0.0,0,0.0,0,0.0,0,-0.625,0,0.0,0,0.0,0,0.0,0,0,-0.8333333333333334,1,18.0,93,22.0,1
2015-03-27,2247,4,0,0,0,0,1,0,0,-0.433883739117558,-0.9009688679024191,3,0,0,1,0,0,0,0,0,0,0,0,0,0,0.0,0,0.0,0,0.0,0,0.0,0,0.0,0,0.0,0,0.0,0,0.0,0,0.0,0,0.0,0,-0.5625,0,0.0,0,0.0,0,0.0,0,0,-0.75,1,16.7,94,19.0,1
2015-03-28,3520,5,0,0,0,0,0,1,0,-0.9749279121818236,-0.2225209339563146,3,0,0,1,0,0,0,0,0,0,0,0,0,0,0.0,0,0.0,0,0.0,0,0.0,0,0.0,0,0.0,0,0.0,0,0.0,0,0.0,0,0.0,0,-0.5,0,0.0,0,0.0,0,0.0,0,0,-0.6666666666666666,1,17.9,71,0.0,0
2015-03-29,3849,6,0,0,0,0,0,0,1,-0.7818314824680299,0.6234898018587334,3,0,0,1,0,0,0,0,0,0,0,0,0,0,0.0,0,0.0,0,0.0,0,0.0,0,0.0,0,0.0,0,0.0,0,0.0,0,0.0,0,0.0,0,-0.4375,0,0.0,0,0.0,0,0.0,0,0,-0.5833333333333334,1,22.0,64,0.0,0
2015-03-30,2011,0,1,0,0,0,0,0,0,0.0,1.0,3,0,0,1,0,0,0,0,0,0,0,0,0,0,0.0,0,0.0,0,0.0,0,0.0,0,0.0,0,0.0,0,0.0,0,0.0,0,0.0,0,0.0,0,-0.375,0,0.0,0,0.0,0,0.0,0,0,-0.5,1,23.6,70,0.0,0
2015-03-31,1837,1,0,1,0,0,0,0,0,0.7818314824680298,0.6234898018587336,3,0,0,1,0,0,0,0,0,0,0,0,0,0,0.0,0,0.0,0,0.0,0,0.0,0,0.0,0,0.0,0,0.0,0,0.0,0,0.0,0,0.0,0,-0.3125,0,0.0,0,0.0,0,0.0,0,0,-0.4166666666666667,1,24.1,79,0.0,0
2015-04-01,2056,2,0,0,1,0,0,0,0,0.9749279121818236,-0.22252093395631434,4,0,0,0,1,0,0,0,0,0,0,0,0,0,0.0,0,0.0,0,0.0,0,0.0,0,0.0,0,0.0,0,0.0,0,0.0,0,0.0,0,0.0,0,-0.25,0,0.0,0,0.0,0,0.0,0,0,-0.3333333333333333,1,25.8,79,0.0,0
2015-04-02,2238,3,0,0,0,1,0,0,0,0.43388373911755823,-0.900968867902419,4,0,0,0,1,0,0,0,0,0,0,0,0,0,0.0,0,0.0,0,0.0,0,0.0,0,0.0,0,0.0,0,0.0,0,0.0,0,0.0,0,0.0,0,-0.1875,0,0.0,0,0.0,0,0.0,0,0,-0.25,1,26.2,79,0.0,0
2015-04-03,3060,4,0,0,0,0,1,0,0,-0.433883739117558,-0.9009688679024191,4,0,0,0,1,0,0,0,0,0,0,0,0,0,0.0,0,0.0,0,0.0,0,0.0,0,0.0,0,0.0,0,0.0,0,0.0,0,0.0,0,0.0,0,-0.125,0,0.0,0,0.0,0,0.0,0,0,-0.16666666666666666,1,26.9,75,0.0,0
2015-04-04,3343,5,0,0,0,0,0,1,0,-0.9749279121818236,-0.2225209339563146,4,0,0,0,1,0,0,0,0,0,0,0,0,0,0.0,0,0.0,0,0.0,0,0.0,0,0.0,0,0.0,0,0.0,0,0.0,0,0.0,0,0.0,0,-0.0625,0,0.0,0,0.0,0,0.0,0,0,-0.08333333333333333,1,27.3,71,0.0,0
2015-04-05,3151,6,0,0,0,0,0,0,1,-0.7818314824680299,0.6234898018587334,4,0,0,0,1,0,0,0,0,0,0,0,0,0,0.0,0,0.0,0,0.0,0,0.0,0,0.0,0,0.0,0,0.0,0,0.0,0,0.0,0,0.0,1,0.0,0,0.0,0,0.0,0,0.0,0,1,0.0,1,27.7,69,0.0,0
2015-04-06,3524,0,1,0,0,0,0,0,0,0.0,1.0,4,0,0,0,1,0,0,0,0,0,0,0,0,0,0.0,0,0.0,0,0.0,0,0.0,0,0.0,0,0.0,0,0.0,0,0.0,0,0.0,0,0.0,0,0.0625,0,0.0,0,0.0,0,0.0,0,0,0.08333333333333333,1,26.8,74,0.0,0
2015-04-07,1880,1,0,1,0,0,0,0,0,0.7818314824680298,0.6234898018587336,4,0,0,0,1,0,0,0,0,0,0,0,0,0,0.0,0,0.0,0,0.0,0,0.0,0,0.0,0,0.0,0,0.0,0,0.0,0,0.0,0,0.0,0,0.125,0,0.0,0,0.0,0,0.0,0,0,0.16666666666666666,1,19.4,79,0.5,1
2015-04-08,1542,2,0,0,1,0,0,0,0,0.9749279121818236,-0.22252093395631434,4,0,0,0,1,0,0,0,0,0,0,0,0,0,0.0,0,0.0,0,0.0,0,0.0,0,0.0,0,0.0,0,0.0,0,0.0,0,0.0,0,0.0,0,0.1875,0,0.0,0,0.0,0,0.0,0,0,0.25,1,14.9,88,8.0,1
2015-04-09,1772,3,0,0,0,1,0,0,0,0.43388373911755823,-0.900968867902419,4,0,0,0,1,0,0,0,0,0,0,0,0,0,0.0,0,0.0,0,0.0,0,0.0,0,0.0,0,0.0,0,0.0,0,0.0,0,0.0,0,0.0,0,0.25,0,0.0,0,0.0,0,0.0,0,0,0.3333333333333333,1,17.2,87,7.5,1
2015-04-10,1681,4,0,0,0,0,1,0,0,-0.433883739117558,-0.9009688679024191,4,0,0,0,1,0,0,0,0,0,0,0,0,0,0.0,0,0.0,0,0.0,0,0.0,0,0.0,0,0.0,0,0.0,0,0.0,0,0.0,0,0.0,0,0.3125,0,0.0,0,0.0,0,0.0,0,0,0.4166666666666667,1,17.0,91,11.5,1
2015-04-11,3043,5,0,0,0,0,0,1,0,-0.9749279121818236,-0.2225209339563146,4,0,0,0,1,0,0,0,0,0,0,0,0,0,0.0,0,0.0,0,0.0,0,0.0,0,0.0,0,0.0,0,0.0,0,0.0,0,0.0,0,0.0,0,0.375,0,0.0,0,0.0,0,0.0,0,0,0.5,1,15.4,94,23.5,1
2015-04-12,4210,6,0,0,0,0,0,0,1,-0.7818314824680299,0.6234898018587334,4,0,0,0,1,0,0,0,0,0,0,0,0,0,0.0,0,0.0,0,0.0,0,0.0,0,0.0,0,0.0,0,0.0,0,0.0,0,0.0,0,0.0,0,0.4375,0,0.0,0,0.0,0,0.0,0,0,0.5833333333333334,1,17.2,94,1.0,1
2015-04-13,2031,0,1,0,0,0,0,0,0,0.0,1.0,4,0,0,0,1,0,0,0,0,0,0,0,0,0,0.0,0,0.0,0,0.0,0,0.0,0,0.0,0,0.0,0,0.0,0,0.0,0,0.0,0,0.0,0,0.5,0,0.0,0,0.0,0,0.0,0,0,0.6666666666666666,1,19.1,71,0.5,1
2015-04-14,1924,1,0,1,0,0,0,0,0,0.7818314824680298,0.6234898018587336,4,0,0,0,1,0,0,0,0,0,0,0,0,0,0.0,0,0.0,0,0.0,0,0.0,0,0.0,0,0.0,0,0.0,0,0.0,0,0.0,0,0.0,0,0.5625,0,0.0,0,0.0,0,0.0,0,0,0.75,1,17.9,55,0.0,0
2015-04-15,1813,2,0,0,1,0,0,0,0,0.9749279121818236,-0.22252093395631434,4,0,0,0,1,0,0,0,0,0,0,0,0,0,0.0,0,0.0,0,0.0,0,0.0,0,0.0,0,0.0,0,0.0,0,0.0,0,0.0,0,0.0,0,0.625,0,0.0,0,0.0,0,0.0,0,0,0.8333333333333334,1,20.0,52,0.0,0
2015-04-16,1993,3,0,0,0,1,0,0,0,0.43388373911755823,-0.900968867902419,4,0,0,0,1,0,0,0,0,0,0,0,0,0,0.0,0,0.0,0,0.0,0,0.0,0,0.0,0,0.0,0,0.0,0,0.0,0,0.0,0,0.0,0,0.6875,0,0.0,0,0.0,0,0.0,0,0,0.9166666666666666,1,23.3,65,0.0,0
2015-04-17,1998,4,0,0,0,0,1,0,0,-0.433883739117558,-0.9009688679024191,4,0,0,0,1,0,0,0,0,0,0,0,0,0,0.0,0,0.0,0,0.0,0,0.0,0,0.0,0,0.0,0,0.0,0,0.0,0,0.0,0,0.0,0,0.75,0,0.0,0,0.0,0,0.0,0,0,1.0,1,22.4,82,0.0,0
2015-04-18,3200,5,0,0,0,0,0,1,0,-0.9749279121818236,-0.2225209339563146,4,0,0,0,1,0,0,0,0,0,0,0,0,0,0.0,0,0.0,0,0.0,0,0.0,0,0.0,0,0.0,0,0.0,0,0.0,0,0.0,0,0.0,0,0.8125,0,0.0,0,0.0,0,0.0,0,0,0.0,1,25.2,82,2.0,1
2015-04-19,3711,6,0,0,0,0,0,0,1,-0.7818314824680299,0.6234898018587334,4,0,0,0,1,0,0,0,0,0,0,0,0,0,0.0,0,0.0,0,0.0,0,0.0,0,0.0,0,0.0,0,0.0,0,0.0,0,0.0,0,0.0,0,0.875,0,0.0,0,0.0,0,0.0,0,0,0.0,1,26.8,76,6.0,1
2015-04-20,1920,0,1,0,0,0,0,0,0,0.0,1.0,4,0,0,0,1,0,0,0,0,0,0,0,0,0,0.0,0,0.0,0,0.0,0,0.0,0,0.0,0,0.0,0,0.0,0,0.0,0,0.0,0,0.0,0,0.9375,0,0.0,0,0.0,0,0.0,0,0,0.0,1,25.8,70,4.5,1
2015-04-21,1763,1,0,1,0,0,0,0,0,0.7818314824680298,0.6234898018587336,4,0,0,0,1,0,0,0,0,0,0,0,0,0,0.0,0,0.0,0,0.0,0,0.0,0,0.0,0,0.0,0,0.0,0,0.0,0,0.0,0,0.0,0,1.0,0,0.0,0,0.0,0,0.0,0,0,0.0,1,18.2,86,25.5,1
2015-04-22,1848,2,0,0,1,0,0,0,0,0.9749279121818236,-0.22252093395631434,4,0,0,0,1,0,0,0,0,0,0,0,0,0,0.0,0,0.0,0,0.0,0,0.0,0,0.0,0,0.0,0,0.0,0,0.0,0,0.0,0,0.0,0,0.0,0,0.0,0,0.0,0,0.0,0,0,0.0,1,19.6,76,0.5,1
2015-04-23,1874,3,0,0,0,1,0,0,0,0.43388373911755823,-0.900968867902419,4,0,0,0,1,0,0,0,0,0,0,0,0,0,0.0,0,0.0,0,0.0,0,0.0,0,0.0,0,0.0,0,0.0,0,0.0,0,0.0,0,0.0,0,0.0,0,0.0,0,0.0,0,0.0,0,0,-1.0,1,22.7,74,0.0,0
2015-04-24,1776,4,0,0,0,0,1,0,0,-0.433883739117558,-0.9009688679024191,4,0,0,0,1,0,0,0,0,0,0,0,0,0,0.0,0,0.0,0,-1.0,0,0.0,0,0.0,0,0.0,0,0.0,0,0.0,0,0.0,0,0.0,0,0.0,0,0.0,0,0.0,0,0.0,0,0,-0.9166666666666666,1,23.4,78,0.0,0
2015-04-25,3175,5,0,0,0,0,0,1,0,-0.9749279121818236,-0.2225209339563146,4,0,0,0,1,0,0,0,0,0,0,0,0,0,0.0,0,0.0,0,-0.9375,0,0.0,0,0.0,0,0.0,0,0.0,0,0.0,0,0.0,0,0.0,0,0.0,0,0.0,0,0.0,0,0.0,0,0,-0.8333333333333334,1,22.5,70,0.0,0
2015-04-26,3747,6,0,0,0,0,0,0,1,-0.7818314824680299,0.6234898018587334,4,0,0,0,1,0,0,0,0,0,0,0,0,0,0.0,0,0.0,0,-0.875,0,0.0,0,0.0,0,0.0,0,0.0,0,0.0,0,0.0,0,0.0,0,0.0,0,0.0,0,0.0,0,0.0,0,0,-0.75,1,25.4,64,0.0,0
2015-04-27,1943,0,1,0,0,0,0,0,0,0.0,1.0,4,0,0,0,1,0,0,0,0,0,0,0,0,0,0.0,0,0.0,0,-0.8125,0,0.0,0,0.0,0,0.0,0,0.0,0,0.0,0,0.0,0,0.0,0,0.0,0,0.0,0,0.0,0,0.0,0,0,-0.6666666666666666,1,25.6,75,0.0,0
2015-04-28,1739,1,0,1,0,0,0,0,0,0.7818314824680298,0.6234898018587336,4,0,0,0,1,0,0,0,0,0,0,0,0,0,0.0,0,0.0,0,-0.75,0,0.0,0,0.0,0,0.0,0,0.0,0,0.0,0,0.0,0,0.0,0,0.0,0,0.0,0,0.0,0,0.0,0,0,-0.5833333333333334,1,25.2,79,0.0,0
2015-04-29,2247,2,0,0,1,0,0,0,0,0.9749279121818236,-0.22252093395631434,4,0,0,0,1,0,0,0,0,0,0,0,0,0,0.0,0,0.0,0,-0.6875,0,0.0,0,0.0,0,0.0,0,0.0,0,0.0,0,0.0,0,0.0,0,0.0,0,0.0,0,0.0,0,0.0,0,0,-0.5,1,25.7,79,0.0,0
2015-04-30,2284,3,0,0,0,1,0,0,0,0.43388373911755823,-0.900968867902419,4,0,0,0,1,0,0,0,0,0,0,0,0,0,0.0,0,0.0,0,-0.625,0,0.0,0,0.0,0,0.0,0,0.0,0,0.0,0,0.0,0,0.0,0,0.0,0,0.0,0,0.0,0,0.0,0,0,-0.4166666666666667,1,25.6,72,0.0,0
2015-05-01,3443,4,0,0,0,0,1,0,0,-0.433883739117558,-0.9009688679024191,5,0,0,0,0,1,0,0,0,0,0,0,0,0,0.0,0,0.0,0,-0.5625,0,0.0,0,0.0,0,0.0,0,0.0,0,0.0,0,0.0,0,0.0,0,0.0,0,0.0,0,0.0,0,0.0,0,0,-0.3333333333333333,1,24.6,75,0.0,0
2015-05-02,3741,5,0,0,0,0,0,1,0,-0.9749279121818236,-0.2225209339563146,5,0,0,0,0,1,0,0,0,0,0,0,0,0,0.0,0,0.0,0,-0.5,0,0.0,0,0.0,0,0.0,0,0.0,0,0.0,0,0.0,0,0.0,0,0.0,0,0.0,0,0.0,0,0.0,0,0,-0.25,1,26.7,74,0.0,0
2015-05-03,3979,6,0,0,0,0,0,0,1,-0.7818314824680299,0.6234898018587334,5,0,0,0,0,1,0,0,0,0,0,0,0,0,0.0,0,0.0,0,-0.4375,0,0.0,0,0.0,0,0.0,0,0.0,0,0.0,0,0.0,0,0.0,0,0.0,0,0.0,0,0.0,0,0.0,0,0,-0.16666666666666666,1,27.7,74,1.5,1
2015-05-04,1893,0,1,0,0,0,0,0,0,0.0,1.0,5,0,0,0,0,1,0,0,0,0,0,0,0,0,0.0,0,0.0,0,-0.375,0,0.0,0,0.0,0,0.0,0,0.0,0,0.0,0,0.0,0,0.0,0,0.0,0,0.0,0,0.0,0,0.0,0,0,-0.08333333333333333,1,21.0,85,29.5,1
2015-05-05,1715,1,0,1,0,0,0,0,0,0.7818314824680298,0.6234898018587336,5,0,0,0,0,1,0,0,0,0,0,0,0,0,0.0,0,0.0,0,-0.3125,0,0.0,0,0.0,0,0.0,0,0.0,0,0.0,0,0.0,0,0.0,0,0.0,0,0.0,0,0.0,0,0.0,0,1,0.0,1,19.2,94,33.0,1
2015-05-06,2128,2,0,0,1,0,0,0,0,0.9749279121818236,-0.22252093395631434,5,0,0,0,0,1,0,0,0,0,0,0,0,0,0.0,0,0.0,0,-0.25,0,0.0,0,0.0,0,0.0,0,0.0,0,0.0,0,0.0,0,0.0,0,0.0,0,0.0,0,0.0,0,0.0,0,0,0.08333333333333333,1,23.1,89,0.0,0
2015-05-07,2143,3,0,0,0,1,0,0,0,0.43388373911755823,-0.900968867902419,5,0,0,0,0,1,0,0,0,0,0,0,0,0,0.0,0,0.0,0,-0.1875,0,0.0,0,0.0,0,0.0,0,0.0,0,0.0,0,0.0,0,0.0,0,0.0,0,0.0,0,0.0,0,0.0,0,0,0.16666666666666666,1,24.6,84,0.0,0
2015-05-08,2282,4,0,0,0,0,1,0,0,-0.433883739117558,-0.9009688679024191,5,0,0,0,0,1,0,0,0,0,0,0,0,0,0.0,0,0.0,0,-0.125,0,0.0,0,0.0,0,0.0,0,0.0,0,0.0,0,0.0,0,0.0,0,0.0,0,0.0,0,0.0,0,0.0,0,0,0.25,1,25.6,80,0.0,0
2015-05-09,3370,5,0,0,0,0,0,1,0,-0.9749279121818236,-0.2225209339563146,5,0,0,0,0,1,0,0,0,0,0,0,0,0,0.0,0,0.0,0,-0.0625,0,0.0,0,0.0,0,0.0,0,0.0,0,0.0,0,0.0,0,0.0,0,0.0,0,0.0,0,0.0,0,0.0,0,0,0.3333333333333333,1,26.3,80,0.0,0
2015-05-10,3912,6,0,0,0,0,0,0,1,-0.7818314824680299,0.6234898018587334,5,0,0,0,0,1,0,0,0,0,0,0,0,0,0.0,0,0.0,1,0.0,0,0.0,0,0.0,0,0.0,0,0.0,0,0.0,0,0.0,0,0.0,0,0.0,0,0.0,0,0.0,0,0.0,0,0,0.4166666666666667,1,25.7,81,0.0,0
2015-05-11,1921,0,1,0,0,0,0,0,0,0.0,1.0,5,0,0,0,0,1,0,0,0,0,0,0,0,0,0.0,0,0.0,0,0.0625,0,0.0,0,0.0,0,0.0,0,0.0,0,0.0,0,0.0,0,0.0,0,0.0,0,0.0,0,0.0,0,0.0,0,0,0.5,1,26.5,84,0.0,0
2015-05-12,1869,1,0,1,0,0,0,0,0,0.7818314824680298,0.6234898018587336,5,0,0,0,0,1,0,0,0,0,0,0,0,0,0.0,0,0.0,0,0.125,0,0.0,0,0.0,0,0.0,0,0.0,0,0.0,0,0.0,0,0.0,0,0.0,0,0.0,0,0.0,0,0.0,0,0,0.5833333333333334,1,22.2,75,26.0,1
2015-05-13,2353,2,0,0,1,0,0,0,0,0.9749279121818236,-0.22252093395631434,5,0,0,0,0,1,0,0,0,0,0,0,0,0,0.0,0,0.0,0,0.1875,0,0.0,0,0.0,0,0.0,0,0.0,0,0.0,0,0.0,0,0.0,0,0.0,0,0.0,0,0.0,0,0.0,0,0,0.6666666666666666,1,26.5,65,0.0,0
2015-05-14,2302,3,0,0,0,1,0,0,0,0.43388373911755823,-0.900968867902419,5,0,0,0,0,1,0,0,0,0,0,0,0,0,0.0,0,0.0,0,0.25,0,0.0,0,0.0,0,0.0,0,0.0,0,0.0,0,0.0,0,0.0,0,0.0,0,0.0,0,0.0,0,0.0,0,0,0.75,1,27.6,77,0.0,0
2015-05-15,2513,4,0,0,0,0,1,0,0,-0.433883739117558,-0.9009688679024191,5,0,0,0,0,1,0,0,0,0,0,0,0,0,0.0,0,0.0,0,0.3125,0,0.0,0,0.0,0,0.0,0,0.0,0,0.0,0,0.0,0,0.0,0,0.0,0,0.0,0,0.0,0,0.0,0,0,0.8333333333333334,1,28.2,77,0.0,0
2015-05-16,4136,5,0,0,0,0,0,1,0,-0.9749279121818236,-0.2225209339563146,5,0,0,0,0,1,0,0,0,0,0,0,0,0,0.0,0,0.0,0,0.375,0,0.0,0,0.0,0,0.0,0,0.0,0,0.0,0,0.0,0,0.0,0,0.0,0,0.0,0,0.0,0,0.0,0,0,0.9166666666666666,1,29.2,68,0.0,0
2015-05-17,4781,6,0,0,0,0,0,0,1,-0.7818314824680299,0.6234898018587334,5,0,0,0,0,1,0,0,0,0,0,0,0,0,0.0,0,0.0,0,0.4375,0,0.0,0,0.0,0,0.0,0,0.0,0,0.0,0,0.0,0,0.0,0,0.0,0,0.0,0,0.0,0,0.0,0,0,1.0,1,28.1,73,0.0,0
2015-05-18,2301,0,1,0,0,0,0,0,0,0.0,1.0,5,0,0,0,0,1,0,0,0,0,0,0,0,0,0.0,0,0.0,0,0.5,0,0.0,0,0.0,0,0.0,0,0.0,0,0.0,0,0.0,0,0.0,0,0.0,0,0.0,0,0.0,0,0.0,0,0,0.0,1,29.2,63,0.0,0
2015-05-19,2319,1,0,1,0,0,0,0,0,0.7818314824680298,0.6234898018587336,5,0,0,0,0,1,0,0,0,0,0,0,0,0,0.0,0,0.0,0,0.5625,0,0.0,0,0.0,0,0.0,0,0.0,0,0.0,0,0.0,0,0.0,0,0.0,0,0.0,0,0.0,0,0.0,0,0,0.0,1,29.6,62,0.0,0
2015-05-20,1998,2,0,0,1,0,0,0,0,0.9749279121818236,-0.22252093395631434,5,0,0,0,0,1,0,0,0,0,0,0,0,0,0.0,0,0.0,0,0.625,0,0.0,0,0.0,0,0.0,0,0.0,0,0.0,0,0.0,0,0.0,0,0.0,0,0.0,0,0.0,0,0.0,0,0,0.0,1,24.3,92,61.0,1
2015-05-21,2447,3,0,0,0,1,0,0,0,0.43388373911755823,-0.900968867902419,5,0,0,0,0,1,0,0,0,0,0,0,0,0,0.0,0,0.0,0,0.6875,0,0.0,0,0.0,0,0.0,0,0.0,0,0.0,0,0.0,0,0.0,0,0.0,0,0.0,0,0.0,0,0.0,0,0,0.0,1,21.6,81,0.5,1
2015-05-22,2242,4,0,0,0,0,1,0,0,-0.433883739117558,-0.9009688679024191,5,0,0,0,0,1,0,0,0,0,0,0,0,0,0.0,0,0.0,0,0.75,0,0.0,0,0.0,0,0.0,0,0.0,0,0.0,0,0.0,0,0.0,0,0.0,0,0.0,0,0.0,0,0.0,0,0,0.0,1,24.1,90,20.0,1
2015-05-23,3875,5,0,0,0,0,0,1,0,-0.9749279121818236,-0.2225209339563146,5,0,0,0,0,1,0,0,0,0,0,0,0,0,0.0,0,0.0,0,0.8125,0,0.0,0,0.0,0,0.0,0,0.0,0,0.0,0,0.0,0,0.0,0,0.0,0,0.0,0,0.0,0,0.0,0,0,0.0,1,24.1,96,40.0,1
2015-05-24,4307,6,0,0,0,0,0,0,1,-0.7818314824680299,0.6234898018587334,5,0,0,0,0,1,0,0,0,0,0,0,0,0,0.0,0,0.0,0,0.875,0,0.0,0,0.0,0,0.0,0,0.0,0,0.0,0,0.0,0,0.0,0,0.0,0,0.0,0,0.0,0,0.0,0,0,-1.0,1,23.7,97,33.0,1
2015-05-25,2331,0,1,0,0,0,0,0,0,0.0,1.0,5,0,0,0,0,1,0,0,0,0,0,0,0,0,0.0,0,0.0,0,0.9375,0,0.0,0,0.0,0,0.0,0,0.0,0,0.0,0,0.0,0,0.0,0,0.0,0,0.0,0,0.0,0,0.0,0,0,-0.9166666666666666,1,23.2,92,7.5,1
2015-05-26,2085,1,0,1,0,0,0,0,0,0.7818314824680298,0.6234898018587336,5,0,0,0,0,1,0,0,0,0,0,0,0,0,0.0,0,0.0,0,1.0,0,0.0,0,0.0,0,0.0,0,0.0,0,0.0,0,0.0,0,0.0,0,0.0,0,0.0,0,0.0,0,0.0,0,0,-0.8333333333333334,1,23.1,89,24.0,1
2015-05-27,2205,2,0,0,1,0,0,0,0,0.9749279121818236,-0.22252093395631434,5,0,0,0,0,1,0,0,0,0,0,0,0,0,0.0,0,0.0,0,0.0,0,0.0,0,0.0,0,0.0,0,0.0,0,0.0,0,0.0,0,0.0,0,0.0,0,0.0,0,0.0,0,0.0,0,0,-0.75,1,26.5,84,0.0,0
2015-05-28,2087,3,0,0,0,1,0,0,0,0.43388373911755823,-0.900968867902419,5,0,0,0,0,1,0,0,0,0,0,0,0,0,0.0,0,0.0,0,0.0,0,0.0,0,0.0,0,0.0,0,0.0,0,0.0,0,0.0,0,0.0,0,0.0,0,0.0,0,0.0,0,0.0,0,0,-0.6666666666666666,1,29.5,71,0.0,0
2015-05-29,2353,4,0,0,0,0,1,0,0,-0.433883739117558,-0.9009688679024191,5,0,0,0,0,1,0,0,0,0,0,0,0,0,0.0,0,0.0,0,0.0,0,0.0,0,0.0,0,0.0,0,0.0,0,0.0,0,0.0,0,0.0,0,0.0,0,0.0,0,0.0,0,0.0,0,0,-0.5833333333333334,1,30.7,70,0.0,0
2015-05-30,3842,5,0,0,0,0,0,1,0,-0.9749279121818236,-0.2225209339563146,5,0,0,0,0,1,0,0,0,0,0,0,0,0,0.0,0,0.0,0,0.0,0,0.0,0,0.0,0,0.0,0,0.0,0,0.0,0,0.0,0,0.0,0,0.0,0,0.0,0,0.0,0,0.0,0,0,-0.5,1,30.4,73,0.0,0
2015-05-31,4598,6,0,0,0,0,0,0,1,-0.7818314824680299,0.6234898018587334,5,0,0,0,0,1,0,0,0,0,0,0,0,0,0.0,0,0.0,0,0.0,0,0.0,0,0.0,0,0.0,0,0.0,0,0.0,0,0.0,0,0.0,0,0.0,0,0.0,0,0.0,0,0.0,0,0,-0.4166666666666667,1,27.4,85,4.0,1
2015-06-01,2235,0,1,0,0,0,0,0,0,0.0,1.0,6,0,0,0,0,0,1,0,0,0,0,0,0,0,0.0,0,0.0,0,0.0,0,0.0,0,0.0,0,0.0,0,0.0,0,0.0,0,0.0,0,0.0,0,0.0,0,0.0,0,0.0,0,0.0,0,0,-0.3333333333333333,1,27.6,83,0.5,1
2015-06-02,2375,1,0,1,0,0,0,0,0,0.7818314824680298,0.6234898018587336,6,0,0,0,0,0,1,0,0,0,0,0,0,0,0.0,0,0.0,0,0.0,0,0.0,0,0.0,0,0.0,0,0.0,0,0.0,0,0.0,0,0.0,0,0.0,0,0.0,0,0.0,0,0.0,0,0,-0.25,1,29.5,73,0.0,0
2015-06-03,2128,2,0,0,1,0,0,0,0,0.9749279121818236,-0.22252093395631434,6,0,0,0,0,0,1,0,0,0,0,0,0,0,0.0,0,0.0,0,0.0,0,0.0,0,0.0,0,0.0,0,0.0,0,0.0,0,0.0,0,0.0,0,0.0,0,0.0,0,0.0,0,0.0,0,0,-0.16666666666666666,1,30.2,67,0.0,0
2015-06-04,2052,3,0,0,0,1,0,0,0,0.43388373911755823,-0.900968867902419,6,0,0,0,0,0,1,0,0,0,0,0,0,0,0.0,0,-1.0,0,0.0,0,0.0,0,0.0,0,0.0,0,0.0,0,0.0,0,0.0,0,0.0,0,0.0,0,0.0,0,0.0,0,0.0,0,0,-0.08333333333333333,1,28.2,80,0.0,0
2015-06-05,2254,4,0,0,0,0,1,0,0,-0.433883739117558,-0.9009688679024191,6,0,0,0,0,0,1,0,0,0,0,0,0,0,0.0,0,-0.9375,0,0.0,0,0.0,0,0.0,0,0.0,0,0.0,0,0.0,0,0.0,0,0.0,0,0.0,0,0.0,0,0.0,0,0.0,0,1,0.0,1,29.8,71,0.0,0
2015-06-06,3731,5,0,0,0,0,0,1,0,-0.9749279121818236,-0.2225209339563146,6,0,0,0,0,0,1,0,0,0,0,0,0,0,0.0,0,-0.875,0,0.0,0,0.0,0,0.0,0,0.0,0,0.0,0,0.0,0,0.0,0,0.0,0,0.0,0,0.0,0,0.0,0,0.0,0,0,0.08333333333333333,1,27.8,81,0.0,0
2015-06-07,4335,6,0,0,0,0,0,0,1,-0.7818314824680299,0.6234898018587334,6,0,0,0,0,0,1,0,0,0,0,0,0,0,0.0,0,-0.8125,0,0.0,0,0.0,0,0.0,0,0.0,0,0.0,0,0.0,0,0.0,0,0.0,0,0.0,0,0.0,0,0.0,0,0.0,0,0,0.16666666666666666,1,28.3,79,1.0,1
2015-06-08,2092,0,1,0,0,0,0,0,0,0.0,1.0,6,0,0,0,0,0,1,0,0,0,0,0,0,0,0.0,0,-0.75,0,0.0,0,0.0,0,0.0,0,0.0,0,0.0,0,0.0,0,0.0,0,0.0,0,0.0,0,0.0,0,0.0,0,0.0,0,0,0.25,1,29.4,70,0.0,0
2015-06-09,2097,1,0,1,0,0,0,0,0,0.7818314824680298,0.6234898018587336,6,0,0,0,0,0,1,0,0,0,0,0,0,0,0.0,0,-0.6875,0,0.0,0,0.0,0,0.0,0,0.0,0,0.0,0,0.0,0,0.0,0,0.0,0,0.0,0,0.0,0,0.0,0,0.0,0,0,0.3333333333333333,1,30.2,67,0.0,0
2015-06-10,2112,2,0,0,1,0,0,0,0,0.9749279121818236,-0.22252093395631434,6,0,0,0,0,0,1,0,0,0,0,0,0,0,0.0,0,-0.625,0,0.0,0,0.0,0,0.0,0,0.0,0,0.0,0,0.0,0,0.0,0,0.0,0,0.0,0,0.0,0,0.0,0,0.0,0,0,0.4166666666666667,1,30.7,67,0.0,0
2015-06-11,2124,3,0,0,0,1,0,0,0,0.43388373911755823,-0.900968867902419,6,0,0,0,0,0,1,0,0,0,0,0,0,0,0.0,0,-0.5625,0,0.0,0,0.0,0,0.0,0,0.0,0,0.0,0,0.0,0,0.0,0,0.0,0,0.0,0,0.0,0,0.0,0,0.0,0,0,0.5,1,31.2,66,0.0,0
2015-06-12,2206,4,0,0,0,0,1,0,0,-0.433883739117558,-0.9009688679024191,6,0,0,0,0,0,1,0,0,0,0,0,0,0,0.0,0,-0.5,0,0.0,0,0.0,0,0.0,0,0.0,0,0.0,0,0.0,0,0.0,0,0.0,0,0.0,0,0.0,0,0.0,0,0.0,0,0,0.5833333333333334,1,30.9,68,0.0,0
2015-06-13,3739,5,0,0,0,0,0,1,0,-0.9749279121818236,-0.2225209339563146,6,0,0,0,0,0,1,0,0,0,0,0,0,0,0.0,0,-0.4375,0,0.0,0,0.0,0,0.0,0,0.0,0,0.0,0,0.0,0,0.0,0,0.0,0,0.0,0,0.0,0,0.0,0,0.0,0,0,0.6666666666666666,1,30.3,69,0.0,0
2015-06-14,4466,6,0,0,0,0,0,0,1,-0.7818314824680299,0.6234898018587334,6,0,0,0,0,0,1,0,0,0,0,0,0,0,0.0,0,-0.375,0,0.0,0,0.0,0,0.0,0,0.0,0,0.0,0,0.0,0,0.0,0,0.0,0,0.0,0,0.0,0,0.0,0,0.0,0,0,0.75,1,29.5,73,0.0,0
2015-06-15,2163,0,1,0,0,0,0,0,0,0.0,1.0,6,0,0,0,0,0,1,0,0,0,0,0,0,0,0.0,0,-0.3125,0,0.0,0,0.0,0,0.0,0,0.0,0,0.0,0,0.0,0,0.0,0,0.0,0,0.0,0,0.0,0,0.0,0,0.0,0,0,0.8333333333333334,1,29.9,72,0.0,0
2015-06-16,2145,1,0,1,0,0,0,0,0,0.7818314824680298,0.6234898018587336,6,0,0,0,0,0,1,0,0,0,0,0,0,0,0.0,0,-0.25,0,0.0,0,0.0,0,0.0,0,0.0,0,0.0,0,0.0,0,0.0,0,0.0,0,0.0,0,0.0,0,0.0,0,0.0,0,0,0.9166666666666666,1,30.8,69,0.0,0
2015-06-17,2508,2,0,0,1,0,0,0,0,0.9749279121818236,-0.22252093395631434,6,0,0,0,0,0,1,0,0,0,0,0,0,0,0.0,0,-0.1875,0,0.0,0,0.0,0,0.0,0,0.0,0,0.0,0,0.0,0,0.0,0,0.0,0,0.0,0,0.0,0,0.0,0,0.0,0,0,1.0,1,31.2,67,0.0,0
2015-06-18,2493,3,0,0,0,1,0,0,0,0.43388373911755823,-0.900968867902419,6,0,0,0,0,0,1,0,0,0,0,0,0,0,0.0,0,-0.125,0,0.0,0,0.0,0,0.0,0,0.0,0,0.0,0,0.0,0,0.0,0,0.0,0,0.0,0,0.0,0,0.0,0,0.0,0,0,0.0,1,31.1,64,0.0,0
2015-06-19,4041,4,0,0,0,0,1,0,0,-0.433883739117558,-0.9009688679024191,6,0,0,0,0,0,1,0,0,0,0,0,0,0,0.0,0,-0.0625,0,0.0,0,0.0,0,0.0,0,0.0,0,0.0,0,0.0,0,0.0,0,0.0,0,0.0,0,0.0,0,0.0,0,0.0,0,0,0.0,1,30.6,71,0.0,0
2015-06-20,3701,5,0,0,0,0,0,1,0,-0.9749279121818236,-0.2225209339563146,6,0,0,0,0,0,1,0,0,0,0,0,0,0,0.0,1,0.0,0,0.0,0,0.0,0,0.0,0,0.0,0,0.0,0,0.0,0,0.0,0,0.0,0,0.0,0,0.0,0,0.0,0,0.0,0,0,0.0,1,30.2,73,0.0,0
2015-06-21,4367,6,0,0,0,0,0,0,1,-0.7818314824680299,0.6234898018587334,6,0,0,0,0,0,1,0,0,0,0,0,0,0,0.0,0,0.0625,0,0.0,0,0.0,0,0.0,0,0.0,0,0.0,0,0.0,0,0.0,0,0.0,0,0.0,0,0.0,0,0.0,0,0.0,0,0,0.0,1,29.6,75,0.0,0
2015-06-22,2094,0,1,0,0,0,0,0,0,0.0,1.0,6,0,0,0,0,0,1,0,0,0,0,0,0,0,0.0,0,0.125,0,0.0,0,0.0,0,0.0,0,0.0,0,0.0,0,0.0,0,0.0,0,0.0,0,0.0,0,0.0,0,0.0,0,0.0,0,0,0.0,1,29.5,74,2.0,1
2015-06-23,1770,1,0,1,0,0,0,0,0,0.7818314824680298,0.6234898018587336,6,0,0,0,0,0,1,0,0,0,0,0,0,0,0.0,0,0.1875,0,0.0,0,0.0,0,0.0,0,0.0,0,0.0,0,0.0,0,0.0,0,0.0,0,0.0,0,0.0,0,0.0,0,0.0,0,0,-1.0,1,28.2,82,49.0,1
2015-06-24,2068,2,0,0,1,0,0,0,0,0.9749279121818236,-0.22252093395631434,6,0,0,0,0,0,1,0,0,0,0,0,0,0,0.0,0,0.25,0,0.0,0,0.0,0,0.0,0,0.0,0,0.0,0,0.0,0,0.0,0,0.0,0,0.0,0,0.0,0,0.0,0,0.0,0,0,-0.9166666666666666,1,28.2,86,9.0,1
2015-06-25,2282,3,0,0,0,1,0,0,0,0.43388373911755823,-0.900968867902419,6,0,0,0,0,0,1,0,0,0,0,0,0,0,0.0,0,0.3125,0,0.0,0,0.0,0,0.0,0,0.0,0,0.0,0,0.0,0,0.0,0,0.0,0,0.0,0,0.0,0,0.0,0,0.0,0,0,-0.8333333333333334,1,30.4,74,0.5,1
2015-06-26,2305,4,0,0,0,0,1,0,0,-0.433883739117558,-0.9009688679024191,6,0,0,0,0,0,1,0,0,0,0,0,0,0,0.0,0,0.375,0,0.0,0,0.0,0,0.0,0,0.0,0,0.0,0,0.0,0,0.0,0,0.0,0,0.0,0,0.0,0,0.0,0,0.0,0,0,-0.75,1,31.3,68,0.0,0
2015-06-27,3806,5,0,0,0,0,0,1,0,-0.9749279121818236,-0.2225209339563146,6,0,0,0,0,0,1,0,0,0,0,0,0,0,0.0,0,0.4375,0,0.0,0,0.0,0,0.0,0,0.0,0,0.0,0,0.0,0,0.0,0,0.0,0,0.0,0,0.0,0,0.0,0,0.0,0,0,-0.6666666666666666,1,31.6,67,0.0,0
2015-06-28,4365,6,0,0,0,0,0,0,1,-0.7818314824680299,0.6234898018587334,6,0,0,0,0,0,1,0,0,0,0,0,0,0,0.0,0,0.5,0,0.0,0,0.0,0,0.0,0,0.0,0,0.0,0,0.0,0,0.0,0,0.0,0,0.0,0,0.0,0,0.0,0,0.0,0,0,-0.5833333333333334,1,31.8,66,0.0,0
2015-06-29,2324,0,1,0,0,0,0,0,0,0.0,1.0,6,0,0,0,0,0,1,0,0,0,0,0,0,0,0.0,0,0.5625,0,0.0,0,0.0,0,0.0,0,0.0,0,0.0,0,0.0,0,0.0,0,0.0,0,0.0,0,0.0,0,0.0,0,0.0,0,0,-0.5,1,31.5,66,0.0,0
2015-06-30,2219,1,0,1,0,0,0,0,0,0.7818314824680298,0.6234898018587336,6,0,0,0,0,0,1,0,0,0,0,0,0,0,0.0,0,0.625,0,0.0,0,0.0,0,0.0,0,0.0,0,0.0,0,0.0,0,0.0,0,0.0,0,0.0,0,0.0,0,0.0,0,0.0,0,0,-0.4166666666666667,1,31.6,64,0.0,0
2015-07-01,2382,2,0,0,1,0,0,0,0,0.9749279121818236,-0.22252093395631434,7,0,0,0,0,0,0,1,0,0,0,0,0,0,0.0,0,0.6875,0,0.0,0,0.0,0,0.0,0,0.0,0,0.0,0,0.0,0,0.0,0,0.0,0,0.0,0,0.0,0,0.0,0,0.0,0,0,-0.3333333333333333,1,31.7,63,0.0,0
2015-07-02,2451,3,0,0,0,1,0,0,0,0.43388373911755823,-0.900968867902419,7,0,0,0,0,0,0,1,0,0,0,0,0,0,0.0,0,0.75,0,0.0,0,0.0,0,0.0,0,0.0,0,0.0,0,0.0,0,0.0,0,0.0,0,0.0,0,0.0,0,0.0,0,0.0,0,0,-0.25,1,32.0,63,0.0,0
2015-07-03,2436,4,0,0,0,0,1,0,0,-0.433883739117558,-0.9009688679024191,7,0,0,0,0,0,0,1,0,0,0,0,0,0,0.0,0,0.8125,0,0.0,0,0.0,0,0.0,0,0.0,0,0.0,0,0.0,0,0.0,0,0.0,0,0.0,0,0.0,0,0.0,0,0.0,0,0,-0.16666666666666666,1,30.8,70,0.0,0
2015-07-04,3889,5,0,0,0,0,0,1,0,-0.9749279121818236,-0.2225209339563146,7,0,0,0,0,0,0,1,0,0,0,0,0,0,0.0,0,0.875,0,0.0,0,0.0,0,0.0,0,0.0,0,0.0,0,0.0,0,0.0,0,0.0,0,0.0,0,0.0,0,0.0,0,0.0,0,0,-0.08333333333333333,1,29.7,77,0.0,0
2015-07-05,4500,6,0,0,0,0,0,0,1,-0.7818314824680299,0.6234898018587334,7,0,0,0,0,0,0,1,0,0,0,0,0,0,0.0,0,0.9375,0,0.0,0,0.0,0,0.0,0,0.0,0,0.0,0,0.0,0,0.0,0,0.0,0,0.0,0,0.0,0,0.0,0,0.0,0,1,0.0,1,31.7,67,0.0,0
2015-07-06,2453,0,1,0,0,0,0,0,0,0.0,1.0,7,0,0,0,0,0,0,1,0,0,0,0,0,0,0.0,0,1.0,0,0.0,0,0.0,0,0.0,0,0.0,0,0.0,0,0.0,0,0.0,0,0.0,0,0.0,0,0.0,0,0.0,0,0.0,0,0,0.08333333333333333,1,31.6,68,1.5,1
2015-07-07,2354,1,0,1,0,0,0,0,0,0.7818314824680298,0.6234898018587336,7,0,0,0,0,0,0,1,0,0,0,0,0,0,0.0,0,0.0,0,0.0,0,0.0,0,0.0,0,0.0,0,0.0,0,0.0,0,0.0,0,0.0,0,0.0,0,0.0,0,0.0,0,0.0,0,0,0.16666666666666666,1,31.6,68,0.0,0
2015-07-08,2361,2,0,0,1,0,0,0,0,0.9749279121818236,-0.22252093395631434,7,0,0,0,0,0,0,1,0,0,0,0,0,0,0.0,0,0.0,0,0.0,0,0.0,0,0.0,0,0.0,0,0.0,0,0.0,0,0.0,0,0.0,0,0.0,0,0.0,0,0.0,0,0.0,0,0,0.25,1,31.5,62,0.0,0
2015-07-09,2399,3,0,0,0,1,0,0,0,0.43388373911755823,-0.900968867902419,7,0,0,0,0,0,0,1,0,0,0,0,0,0,0.0,0,0.0,0,0.0,0,0.0,0,0.0,0,0.0,0,0.0,0,0.0,0,0.0,0,0.0,0,0.0,0,0.0,0,0.0,0,0.0,0,0,0.3333333333333333,1,29.6,77,15.5,1
2015-07-10,3884,4,0,0,0,0,1,0,0,-0.433883739117558,-0.9009688679024191,7,0,0,0,0,0,0,1,0,0,0,0,0,0,0.0,0,0.0,0,0.0,0,0.0,0,0.0,0,0.0,0,0.0,0,0.0,0,0.0,0,0.0,0,0.0,0,0.0,0,0.0,0,0.0,0,0,0.4166666666666667,1,25.9,93,53.5,1
2015-07-11,3869,5,0,0,0,0,0,1,0,-0.9749279121818236,-0.2225209339563146,7,0,0,0,0,0,0,1,0,0,0,0,0,0,0.0,0,0.0,0,0.0,0,0.0,0,0.0,0,0.0,0,0.0,0,0.0,0,0.0,0,0.0,0,0.0,0,0.0,0,0.0,0,0.0,0,0,0.5,1,30.1,69,0.0,0
2015-07-12,4112,6,0,0,0,0,0,0,1,-0.7818314824680299,0.6234898018587334,7,0,0,0,0,0,0,1,0,0,0,0,0,0,0.0,0,0.0,0,0.0,0,0.0,0,0.0,0,0.0,0,0.0,0,0.0,0,0.0,0,0.0,0,0.0,0,0.0,0,0.0,0,0.0,0,0,0.5833333333333334,1,30.8,69,0.0,0
2015-07-13,2204,0,1,0,0,0,0,0,0,0.0,1.0,7,0,0,0,0,0,0,1,0,0,0,0,0,0,0.0,0,0.0,0,0.0,0,0.0,0,0.0,0,0.0,0,0.0,0,0.0,0,0.0,0,0.0,0,0.0,0,0.0,0,0.0,0,0.0,0,0,0.6666666666666666,1,30.8,70,0.0,0
2015-07-14,2099,1,0,1,0,0,0,0,0,0.7818314824680298,0.6234898018587336,7,0,0,0,0,0,0,1,0,0,0,0,0,0,0.0,0,0.0,0,0.0,0,0.0,0,0.0,0,0.0,0,0.0,0,0.0,0,0.0,0,0.0,0,0.0,0,0.0,0,0.0,0,0.0,0,0,0.75,1,30.2,68,0.0,0
2015-07-15,2414,2,0,0,1,0,0,0,0,0.9749279121818236,-0.22252093395631434,7,0,0,0,0,0,0,1,0,0,0,0,0,0,0.0,0,0.0,0,0.0,0,0.0,0,0.0,0,0.0,0,0.0,0,0.0,0,0.0,0,0.0,0,0.0,0,0.0,0,0.0,0,0.0,0,0,0.8333333333333334,1,30.1,67,0.0,0
2015-07-16,2426,3,0,0,0,1,0,0,0,0.43388373911755823,-0.900968867902419,7,0,0,0,0,0,0,1,0,0,0,0,0,0,0.0,0,0.0,0,0.0,0,0.0,0,0.0,0,0.0,0,0.0,0,0.0,0,0.0,0,0.0,0,0.0,0,0.0,0,0.0,0,0.0,0,0,0.9166666666666666,1,30.7,66,0.0,0
2015-07-17,2500,4,0,0,0,0,1,0,0,-0.433883739117558,-0.9009688679024191,7,0,0,0,0,0,0,1,0,0,0,0,0,0,0.0,0,0.0,0,0.0,0,0.0,0,0.0,0,0.0,0,0.0,0,0.0,0,0.0,0,0.0,0,0.0,0,0.0,0,0.0,0,0.0,0,0,1.0,1,30.5,72,0.0,0
2015-07-18,3810,5,0,0,0,0,0,1,0,-0.9749279121818236,-0.2225209339563146,7,0,0,0,0,0,0,1,0,0,0,0,0,0,0.0,0,0.0,0,0.0,0,0.0,0,0.0,0,0.0,0,0.0,0,0.0,0,0.0,0,0.0,0,0.0,0,0.0,0,0.0,0,0.0,0,0,0.0,1,30.9,66,0.0,0
2015-07-19,3832,6,0,0,0,0,0,0,1,-0.7818314824680299,0.6234898018587334,7,0,0,0,0,0,0,1,0,0,0,0,0,0,0.0,0,0.0,0,0.0,0,0.0,0,0.0,0,0.0,0,0.0,0,0.0,0,0.0,0,0.0,0,0.0,0,0.0,0,0.0,0,0.0,0,0,0.0,1,29.0,77,14.0,1
2015-07-20,2404,0,1,0,0,0,0,0,0,0.0,1.0,7,0,0,0,0,0,0,1,0,0,0,0,0,0,0.0,0,0.0,0,0.0,0,0.0,0,0.0,0,0.0,0,0.0,0,0.0,0,0.0,0,0.0,0,0.0,0,0.0,0,0.0,0,0.0,0,0,0.0,1,28.6,82,22.0,1
2015-07-21,2234,1,0,1,0,0,0,0,0,0.7818314824680298,0.6234898018587336,7,0,0,0,0,0,0,1,0,0,0,0,0,0,0.0,0,0.0,0,0.0,0,0.0,0,0.0,0,0.0,0,0.0,0,0.0,0,0.0,0,0.0,0,0.0,0,0.0,0,0.0,0,0.0,0,0,0.0,1,31.1,65,0.0,0
2015-07-22,2379,2,0,0,1,0,0,0,0,0.9749279121818236,-0.22252093395631434,7,0,0,0,0,0,0,1,0,0,0,0,0,0,0.0,0,0.0,0,0.0,0,0.0,0,0.0,0,0.0,0,0.0,0,0.0,0,0.0,0,0.0,0,0.0,0,0.0,0,0.0,0,0.0,0,0,0.0,1,30.3,65,0.0,0
2015-07-23,2192,3,0,0,0,1,0,0,0,0.43388373911755823,-0.900968867902419,7,0,0,0,0,0,0,1,0,0,0,0,0,0,0.0,0,0.0,0,0.0,0,0.0,0,0.0,0,0.0,0,-1.0,0,0.0,0,0.0,0,0.0,0,0.0,0,0.0,0,0.0,0,0.0,0,0,0.0,1,28.7,77,3.5,1
2015-07-24,2302,4,0,0,0,0,1,0,0,-0.433883739117558,-0.9009688679024191,7,0,0,0,0,0,0,1,0,0,0,0,0,0,0.0,0,0.0,0,0.0,0,0.0,0,0.0,0,0.0,0,-0.9375,0,0.0,0,0.0,0,0.0,0,0.0,0,0.0,0,0.0,0,0.0,0,0,-1.0,1,29.4,73,0.0,0
2015-07-25,3743,5,0,0,0,0,0,1,0,-0.9749279121818236,-0.2225209339563146,7,0,0,0,0,0,0,1,0,0,0,0,0,0,0.0,0,0.0,0,0.0,0,0.0,0,0.0,0,0.0,0,-0.875,0,0.0,0,0.0,0,0.0,0,0.0,0,0.0,0,0.0,0,0.0,0,0,-0.9166666666666666,1,30.1,70,0.0,0
2015-07-26,4007,6,0,0,0,0,0,0,1,-0.7818314824680299,0.6234898018587334,7,0,0,0,0,0,0,1,0,0,0,0,0,0,0.0,0,0.0,0,0.0,0,0.0,0,0.0,0,0.0,0,-0.8125,0,0.0,0,0.0,0,0.0,0,0.0,0,0.0,0,0.0,0,0.0,0,0,-0.8333333333333334,1,30.7,66,0.0,0
2015-07-27,2266,0,1,0,0,0,0,0,0,0.0,1.0,7,0,0,0,0,0,0,1,0,0,0,0,0,0,0.0,0,0.0,0,0.0,0,0.0,0,0.0,0,0.0,0,-0.75,0,0.0,0,0.0,0,0.0,0,0.0,0,0.0,0,0.0,0,0.0,0,0,-0.75,1,29.8,68,0.0,0
2015-07-28,1968,1,0,1,0,0,0,0,0,0.7818314824680298,0.6234898018587336,7,0,0,0,0,0,0,1,0,0,0,0,0,0,0.0,0,0.0,0,0.0,0,0.0,0,0.0,0,0.0,0,-0.6875,0,0.0,0,0.0,0,0.0,0,0.0,0,0.0,0,0.0,0,0.0,0,0,-0.6666666666666666,1,28.4,72,20.5,1
2015-07-29,2636,2,0,0,1,0,0,0,0,0.9749279121818236,-0.22252093395631434,7,0,0,0,0,0,0,1,0,0,0,0,0,0,0.0,0,0.0,0,0.0,0,0.0,0,0.0,0,0.0,0,-0.625,0,0.0,0,0.0,0,0.0,0,0.0,0,0.0,0,0.0,0,0.0,0,0,-0.5833333333333334,1,28.8,71,0.5,1
2015-07-30,2447,3,0,0,0,1,0,0,0,0.43388373911755823,-0.900968867902419,7,0,0,0,0,0,0,1,0,0,0,0,0,0,0.0,0,0.0,0,0.0,0,0.0,0,0.0,0,0.0,0,-0.5625,0,0.0,0,0.0,0,0.0,0,0.0,0,0.0,0,0.0,0,0.0,0,0,-0.5,1,28.7,74,0.5,1
2015-07-31,2477,4,0,0,0,0,1,0,0,-0.433883739117558,-0.9009688679024191,7,0,0,0,0,0,0,1,0,0,0,0,0,0,0.0,0,0.0,0,0.0,0,0.0,0,0.0,0,0.0,0,-0.5,0,0.0,0,0.0,0,0.0,0,0.0,0,0.0,0,0.0,0,0.0,0,0,-0.4166666666666667,1,29.5,67,0.0,0
2015-08-01,3592,5,0,0,0,0,0,1,0,-0.9749279121818236,-0.2225209339563146,8,0,0,0,0,0,0,0,1,0,0,0,0,0,0.0,0,0.0,0,0.0,0,0.0,0,0.0,0,0.0,0,-0.4375,0,0.0,0,0.0,0,0.0,0,0.0,0,0.0,0,0.0,0,0.0,0,0,-0.3333333333333333,1,29.8,67,0.0,0
2015-08-02,4183,6,0,0,0,0,0,0,1,-0.7818314824680299,0.6234898018587334,8,0,0,0,0,0,0,0,1,0,0,0,0,0,0.0,0,0.0,0,0.0,0,0.0,0,0.0,0,0.0,0,-0.375,0,0.0,0,0.0,0,0.0,0,0.0,0,0.0,0,0.0,0,0.0,0,0,-0.25,1,30.2,63,0.0,0
2015-08-03,2294,0,1,0,0,0,0,0,0,0.0,1.0,8,0,0,0,0,0,0,0,1,0,0,0,0,0,0.0,0,0.0,0,0.0,0,0.0,0,0.0,0,0.0,0,-0.3125,0,0.0,0,0.0,0,0.0,0,0.0,0,0.0,0,0.0,0,0.0,0,0,-0.16666666666666666,1,29.9,65,0.0,0
2015-08-04,2225,1,0,1,0,0,0,0,0,0.7818314824680298,0.6234898018587336,8,0,0,0,0,0,0,0,1,0,0,0,0,0,0.0,0,0.0,0,0.0,0,0.0,0,0.0,0,-1.0,0,-0.25,0,0.0,0,0.0,0,0.0,0,0.0,0,0.0,0,0.0,0,0.0,0,0,-0.08333333333333333,1,30.0,67,0.0,0
2015-08-05,2673,2,0,0,1,0,0,0,0,0.9749279121818236,-0.22252093395631434,8,0,0,0,0,0,0,0,1,0,0,0,0,0,0.0,0,0.0,0,0.0,0,0.0,0,0.0,0,-0.9375,0,-0.1875,0,0.0,0,0.0,0,0.0,0,0.0,0,0.0,0,0.0,0,0.0,0,1,0.0,1,28.4,75,13.0,1
2015-08-06,2810,3,0,0,0,1,0,0,0,0.43388373911755823,-0.900968867902419,8,0,0,0,0,0,0,0,1,0,0,0,0,0,0.0,0,0.0,0,0.0,0,0.0,0,0.0,0,-0.875,0,-0.125,0,0.0,0,0.0,0,0.0,0,0.0,0,0.0,0,0.0,0,0.0,0,0,0.08333333333333333,1,29.6,72,18.5,1
2015-08-07,3350,4,0,0,0,0,1,0,0,-0.433883739117558,-0.9009688679024191,8,0,0,0,0,0,0,0,1,0,0,0,0,0,0.0,0,0.0,0,0.0,0,0.0,0,0.0,0,-0.8125,0,-0.0625,0,0.0,0,0.0,0,0.0,0,0.0,0,0.0,0,0.0,0,0.0,0,0,0.16666666666666666,1,28.3,83,11.5,1
2015-08-08,4231,5,0,0,0,0,0,1,0,-0.9749279121818236,-0.2225209339563146,8,0,0,0,0,0,0,0,1,0,0,0,0,0,0.0,0,0.0,0,0.0,0,0.0,0,0.0,0,-0.75,1,0.0,0,0.0,0,0.0,0,0.0,0,0.0,0,0.0,0,0.0,0,0.0,0,0,0.25,1,26.9,85,147.5,1
2015-08-09,4510,6,0,0,0,0,0,0,1,-0.7818314824680299,0.6234898018587334,8,0,0,0,0,0,0,0,1,0,0,0,0,0,0.0,0,0.0,0,0.0,0,0.0,0,0.0,0,-0.6875,0,0.0625,0,0.0,0,0.0,0,0.0,0,0.0,0,0.0,0,0.0,0,0.0,0,0,0.3333333333333333,1,27.7,83,0.0,0
2015-08-10,2331,0,1,0,0,0,0,0,0,0.0,1.0,8,0,0,0,0,0,0,0,1,0,0,0,0,0,0.0,0,0.0,0,0.0,0,0.0,0,0.0,0,-0.625,0,0.125,0,0.0,0,0.0,0,0.0,0,0.0,0,0.0,0,0.0,0,0.0,0,0,0.4166666666666667,1,29.4,76,0.0,0
2015-08-11,2343,1,0,1,0,0,0,0,0,0.7818314824680298,0.6234898018587336,8,0,0,0,0,0,0,0,1,0,0,0,0,0,0.0,0,0.0,0,0.0,0,0.0,0,0.0,0,-0.5625,0,0.1875,0,0.0,0,0.0,0,0.0,0,0.0,0,0.0,0,0.0,0,0.0,0,0,0.5,1,30.2,71,0.0,0
2015-08-12,2372,2,0,0,1,0,0,0,0,0.9749279121818236,-0.22252093395631434,8,0,0,0,0,0,0,0,1,0,0,0,0,0,0.0,0,0.0,0,0.0,0,0.0,0,-1.0,0,-0.5,0,0.25,0,0.0,0,0.0,0,0.0,0,0.0,0,0.0,0,0.0,0,0.0,0,0,0.5833333333333334,1,29.7,77,8.5,1
2015-08-13,2550,3,0,0,0,1,0,0,0,0.43388373911755823,-0.900968867902419,8,0,0,0,0,0,0,0,1,0,0,0,0,0,0.0,0,0.0,0,0.0,0,0.0,0,-0.9375,0,-0.4375,0,0.3125,0,0.0,0,0.0,0,0.0,0,0.0,0,0.0,0,0.0,0,0.0,0,0,0.6666666666666666,1,29.2,75,0.0,0
2015-08-14,2409,4,0,0,0,0,1,0,0,-0.433883739117558,-0.9009688679024191,8,0,0,0,0,0,0,0,1,0,0,0,0,0,0.0,0,0.0,0,0.0,0,0.0,0,-0.875,0,-0.375,0,0.375,0,0.0,0,0.0,0,0.0,0,0.0,0,0.0,0,0.0,0,0.0,0,0,0.75,1,29.6,71,0.0,0
2015-08-15,4434,5,0,0,0,0,0,1,0,-0.9749279121818236,-0.2225209339563146,8,0,0,0,0,0,0,0,1,0,0,0,0,0,0.0,0,0.0,0,0.0,0,0.0,0,-0.8125,0,-0.3125,0,0.4375,0,0.0,0,0.0,0,0.0,0,0.0,0,0.0,0,0.0,0,0.0,0,0,0.8333333333333334,1,30.3,65,0.0,0
2015-08-16,5093,6,0,0,0,0,0,0,1,-0.7818314824680299,0.6234898018587334,8,0,0,0,0,0,0,0,1,0,0,0,0,0,0.0,0,0.0,0,0.0,0,0.0,0,-0.75,0,-0.25,0,0.5,0,0.0,0,0.0,0,0.0,0,0.0,0,0.0,0,0.0,0,0.0,0,0,0.9166666666666666,1,29.2,66,7.5,1
2015-08-17,2436,0,1,0,0,0,0,0,0,0.0,1.0,8,0,0,0,0,0,0,0,1,0,0,0,0,0,0.0,0,0.0,0,0.0,0,0.0,0,-0.6875,0,-0.1875,0,0.5625,0,0.0,0,0.0,0,0.0,0,0.0,0,0.0,0,0.0,0,0.0,0,0,1.0,1,29.9,68,0.0,0
2015-08-18,2435,1,0,1,0,0,0,0,0,0.7818314824680298,0.6234898018587336,8,0,0,0,0,0,0,0,1,0,0,0,0,0,0.0,0,0.0,0,0.0,0,0.0,0,-0.625,0,-0.125,0,0.625,0,0.0,0,0.0,0,0.0,0,0.0,0,0.0,0,0.0,0,0.0,0,0,0.0,1,29.0,76,0.5,1
2015-08-19,2541,2,0,0,1,0,0,0,0,0.9749279121818236,-0.22252093395631434,8,0,0,0,0,0,0,0,1,0,0,0,0,0,0.0,0,0.0,0,0.0,0,0.0,0,-0.5625,0,-0.0625,0,0.6875,0,0.0,0,0.0,0,0.0,0,0.0,0,0.0,0,0.0,0,0.0,0,0,0.0,1,29.2,78,16.5,1
2015-08-20,2879,3,0,0,0,1,0,0,0,0.43388373911755823,-0.900968867902419,8,0,0,0,0,0,0,0,1,0,0,0,0,0,0.0,0,0.0,0,0.0,0,0.0,0,-0.5,1,0.0,0,0.75,0,0.0,0,0.0,0,0.0,0,0.0,0,0.0,0,0.0,0,0.0,0,0,0.0,1,30.7,66,0.0,0
2015-08-21,3134,4,0,0,0,0,1,0,0,-0.433883739117558,-0.9009688679024191,8,0,0,0,0,0,0,0,1,0,0,0,0,0,0.0,0,0.0,0,0.0,0,0.0,0,-0.4375,0,0.0625,0,0.8125,0,0.0,0,0.0,0,0.0,0,0.0,0,0.0,0,0.0,0,0.0,0,0,0.0,1,30.5,68,0.0,0
2015-08-22,5662,5,0,0,0,0,0,1,0,-0.9749279121818236,-0.2225209339563146,8,0,0,0,0,0,0,0,1,0,0,0,0,0,0.0,0,0.0,0,0.0,0,0.0,0,-0.375,0,0.125,0,0.875,0,0.0,0,0.0,0,0.0,0,0.0,0,0.0,0,0.0,0,0.0,0,0,0.0,1,29.8,72,0.5,1
2015-08-23,5452,6,0,0,0,0,0,0,1,-0.7818314824680299,0.6234898018587334,8,0,0,0,0,0,0,0,1,0,0,0,0,0,0.0,0,0.0,0,0.0,0,0.0,0,-0.3125,0,0.1875,0,0.9375,0,0.0,0,0.0,0,0.0,0,0.0,0,0.0,0,0.0,0,0.0,0,0,0.0,1,27.5,89,14.0,1
2015-08-24,2913,0,1,0,0,0,0,0,0,0.0,1.0,8,0,0,0,0,0,0,0,1,0,0,0,0,0,0.0,0,0.0,0,0.0,0,0.0,0,-0.25,0,0.25,0,1.0,0,0.0,0,0.0,0,0.0,0,0.0,0,0.0,0,0.0,0,0.0,0,0,-1.0,1,29.1,80,3.0,1
2015-08-25,2812,1,0,1,0,0,0,0,0,0.7818314824680298,0.6234898018587336,8,0,0,0,0,0,0,0,1,0,0,0,0,0,0.0,0,0.0,0,0.0,0,0.0,0,-0.1875,0,0.3125,0,0.0,0,0.0,0,0.0,0,0.0,0,0.0,0,0.0,0,0.0,0,0.0,0,0,-0.9166666666666666,1,27.3,82,13.5,1
2015-08-26,2920,2,0,0,1,0,0,0,0,0.9749279121818236,-0.22252093395631434,8,0,0,0,0,0,0,0,1,0,0,0,0,0,0.0,0,0.0,0,0.0,0,0.0,0,-0.125,0,0.375,0,0.0,0,0.0,0,0.0,0,0.0,0,0.0,0,0.0,0,0.0,0,0.0,0,0,-0.8333333333333334,1,27.4,81,11.5,1
2015-08-27,3736,3,0,0,0,1,0,0,0,0.43388373911755823,-0.900968867902419,8,0,0,0,0,0,0,0,1,0,0,0,0,0,0.0,0,0.0,0,0.0,0,0.0,0,-0.0625,0,0.4375,0,0.0,0,0.0,0,0.0,0,0.0,0,0.0,0,0.0,0,0.0,0,0.0,0,0,-0.75,1,25.0,95,27.5,1
2015-08-28,3029,4,0,0,0,0,1,0,0,-0.433883739117558,-0.9009688679024191,8,0,0,0,0,0,0,0,1,0,0,0,0,0,0.0,0,0.0,0,0.0,0,0.0,1,0.0,0,0.5,0,0.0,0,0.0,0,0.0,0,0.0,0,0.0,0,0.0,0,0.0,0,0.0,0,0,-0.6666666666666666,1,25.8,91,3.0,1
2015-08-29,3600,5,0,0,0,0,0,1,0,-0.9749279121818236,-0.2225209339563146,8,0,0,0,0,0,0,0,1,0,0,0,0,0,0.0,0,0.0,0,0.0,0,0.0,0,0.0625,0,0.5625,0,0.0,0,0.0,0,0.0,0,0.0,0,0.0,0,0.0,0,0.0,0,0.0,0,0,-0.5833333333333334,1,25.7,91,14.5,1
2015-08-30,4071,6,0,0,0,0,0,0,1,-0.7818314824680299,0.6234898018587334,8,0,0,0,0,0,0,0,1,0,0,0,0,0,0.0,0,0.0,0,0.0,0,0.0,0,0.125,0,0.625,0,0.0,0,0.0,0,0.0,0,0.0,0,0.0,0,0.0,0,0.0,0,0.0,0,0,-0.5,1,25.5,93,6.0,1
2015-08-31,2065,0,1,0,0,0,0,0,0,0.0,1.0,8,0,0,0,0,0,0,0,1,0,0,0,0,0,0.0,0,0.0,0,0.0,0,0.0,0,0.1875,0,0.6875,0,0.0,0,0.0,0,0.0,0,0.0,0,0.0,0,0.0,0,0.0,0,0.0,0,0,-0.4166666666666667,1,24.5,96,14.0,1
2015-09-01,1970,1,0,1,0,0,0,0,0,0.7818314824680298,0.6234898018587336,9,0,0,0,0,0,0,0,0,1,0,0,0,0,0.0,0,0.0,0,0.0,0,0.0,0,0.25,0,0.75,0,0.0,0,0.0,0,0.0,0,0.0,0,0.0,0,0.0,0,0.0,0,0.0,0,0,-0.3333333333333333,1,26.5,88,30.5,1
2015-09-02,2196,2,0,0,1,0,0,0,0,0.9749279121818236,-0.22252093395631434,9,0,0,0,0,0,0,0,0,1,0,0,0,0,0.0,0,0.0,0,0.0,0,0.0,0,0.3125,0,0.8125,0,0.0,0,0.0,0,0.0,0,0.0,0,0.0,0,0.0,0,0.0,0,0.0,0,0,-0.25,1,27.5,82,0.0,0
2015-09-03,2121,3,0,0,0,1,0,0,0,0.43388373911755823,-0.900968867902419,9,0,0,0,0,0,0,0,0,1,0,0,0,0,0.0,0,0.0,0,0.0,0,0.0,0,0.375,0,0.875,0,0.0,0,0.0,0,0.0,0,0.0,0,0.0,0,0.0,0,0.0,0,0.0,0,0,-0.16666666666666666,1,28.5,78,0.0,0
2015-09-04,2148,4,0,0,0,0,1,0,0,-0.433883739117558,-0.9009688679024191,9,0,0,0,0,0,0,0,0,1,0,0,0,0,0.0,0,0.0,0,0.0,0,0.0,0,0.4375,0,0.9375,0,0.0,0,0.0,0,0.0,0,0.0,0,0.0,0,0.0,0,0.0,0,0.0,0,0,-0.08333333333333333,1,28.9,76,0.0,0
2015-09-05,3663,5,0,0,0,0,0,1,0,-0.9749279121818236,-0.2225209339563146,9,0,0,0,0,0,0,0,0,1,0,0,0,0,0.0,0,0.0,0,0.0,0,0.0,0,0.5,0,1.0,0,0.0,0,0.0,0,0.0,0,0.0,0,0.0,0,0.0,0,0.0,0,0.0,0,1,0.0,1,29.4,70,0.0,0
2015-09-06,4110,6,0,0,0,0,0,0,1,-0.7818314824680299,0.6234898018587334,9,0,0,0,0,0,0,0,0,1,0,0,0,0,0.0,0,0.0,0,0.0,0,0.0,0,0.5625,0,0.0,0,0.0,0,0.0,0,0.0,0,0.0,0,0.0,0,0.0,0,0.0,0,0.0,0,0,0.08333333333333333,1,29.8,73,8.5,1
2015-09-07,2079,0,1,0,0,0,0,0,0,0.0,1.0,9,0,0,0,0,0,0,0,0,1,0,0,0,0,0.0,0,0.0,0,0.0,0,0.0,0,0.625,0,0.0,0,0.0,0,0.0,0,0.0,0,0.0,0,0.0,0,0.0,0,0.0,0,0.0,0,0,0.16666666666666666,1,25.6,87,22.0,1
2015-09-08,2066,1,0,1,0,0,0,0,0,0.7818314824680298,0.6234898018587336,9,0,0,0,0,0,0,0,0,1,0,0,0,0,0.0,0,0.0,0,0.0,0,0.0,0,0.6875,0,0.0,0,0.0,0,0.0,0,0.0,0,0.0,0,0.0,0,0.0,0,0.0,0,0.0,0,0,0.25,1,27.3,71,0.0,0
2015-09-09,2055,2,0,0,1,0,0,0,0,0.9749279121818236,-0.22252093395631434,9,0,0,0,0,0,0,0,0,1,0,0,0,0,0.0,0,0.0,0,0.0,0,0.0,0,0.75,0,0.0,0,0.0,0,0.0,0,0.0,0,0.0,0,0.0,0,0.0,0,0.0,0,0.0,0,0,0.3333333333333333,1,27.3,63,0.0,0
2015-09-10,2099,3,0,0,0,1,0,0,0,0.43388373911755823,-0.900968867902419,9,0,0,0,0,0,0,0,0,1,0,0,0,0,0.0,0,0.0,0,0.0,0,0.0,0,0.8125,0,0.0,0,0.0,0,0.0,0,0.0,0,0.0,0,0.0,0,0.0,0,0.0,0,0.0,0,0,0.4166666666666667,1,26.8,63,0.0,0
2015-09-11,2178,4,0,0,0,0,1,0,0,-0.433883739117558,-0.9009688679024191,9,0,0,0,0,0,0,0,0,1,0,0,0,0,0.0,0,0.0,0,0.0,0,-1.0,0,0.875,0,0.0,0,0.0,0,0.0,0,0.0,0,0.0,0,0.0,0,0.0,0,0.0,0,0.0,0,0,0.5,1,26.8,65,0.0,0
2015-09-12,3612,5,0,0,0,0,0,1,0,-0.9749279121818236,-0.2225209339563146,9,0,0,0,0,0,0,0,0,1,0,0,0,0,0.0,0,0.0,0,0.0,0,-0.9375,0,0.9375,0,0.0,0,0.0,0,0.0,0,0.0,0,0.0,0,0.0,0,0.0,0,0.0,0,0.0,0,0,0.5833333333333334,1,27.1,65,0.0,0
2015-09-13,3838,6,0,0,0,0,0,0,1,-0.7818314824680299,0.6234898018587334,9,0,0,0,0,0,0,0,0,1,0,0,0,0,0.0,0,0.0,0,0.0,0,-0.875,0,1.0,0,0.0,0,0.0,0,0.0,0,0.0,0,0.0,0,0.0,0,0.0,0,0.0,0,0.0,0,0,0.6666666666666666,1,26.9,66,0.0,0
2015-09-14,2020,0,1,0,0,0,0,0,0,0.0,1.0,9,0,0,0,0,0,0,0,0,1,0,0,0,0,0.0,0,0.0,0,0.0,0,-0.8125,0,0.0,0,0.0,0,0.0,0,0.0,0,0.0,0,0.0,0,0.0,0,0.0,0,0.0,0,0.0,0,0,0.75,1,27.1,75,0.0,0
2015-09-15,2150,1,0,1,0,0,0,0,0,0.7818314824680298,0.6234898018587336,9,0,0,0,0,0,0,0,0,1,0,0,0,0,0.0,0,0.0,0,0.0,0,-0.75,0,0.0,0,0.0,0,0.0,0,0.0,0,0.0,0,0.0,0,0.0,0,0.0,0,0.0,0,0.0,0,0,0.8333333333333334,1,28.4,74,0.0,0
2015-09-16,2049,2,0,0,1,0,0,0,0,0.9749279121818236,-0.22252093395631434,9,0,0,0,0,0,0,0,0,1,0,0,0,0,0.0,0,0.0,0,0.0,0,-0.6875,0,0.0,0,0.0,0,0.0,0,0.0,0,0.0,0,0.0,0,0.0,0,0.0,0,0.0,0,0.0,0,0,0.9166666666666666,1,26.8,82,13.0,1
2015-09-17,2079,3,0,0,0,1,0,0,0,0.43388373911755823,-0.900968867902419,9,0,0,0,0,0,0,0,0,1,0,0,0,0,0.0,0,0.0,0,0.0,0,-0.625,0,0.0,0,0.0,0,0.0,0,0.0,0,0.0,0,0.0,0,0.0,0,0.0,0,0.0,0,0.0,0,0,1.0,1,26.8,70,0.0,0
2015-09-18,2096,4,0,0,0,0,1,0,0,-0.433883739117558,-0.9009688679024191,9,0,0,0,0,0,0,0,0,1,0,0,0,0,0.0,0,0.0,0,0.0,0,-0.5625,0,0.0,0,0.0,0,0.0,0,0.0,0,0.0,0,0.0,0,0.0,0,0.0,0,0.0,0,0.0,0,0,0.0,1,26.5,63,0.0,0
2015-09-19,3388,5,0,0,0,0,0,1,0,-0.9749279121818236,-0.2225209339563146,9,0,0,0,0,0,0,0,0,1,0,0,0,0,0.0,0,0.0,0,0.0,0,-0.5,0,0.0,0,0.0,0,0.0,0,0.0,0,0.0,0,0.0,0,0.0,0,0.0,0,0.0,0,0.0,0,0,0.0,1,26.4,62,0.0,0
2015-09-20,3779,6,0,0,0,0,0,0,1,-0.7818314824680299,0.6234898018587334,9,0,0,0,0,0,0,0,0,1,0,0,0,0,0.0,0,0.0,0,0.0,0,-0.4375,0,0.0,0,0.0,0,0.0,0,0.0,0,0.0,0,0.0,0,0.0,0,0.0,0,0.0,0,0.0,0,0,0.0,1,27.2,67,0.0,0
2015-09-21,2030,0,1,0,0,0,0,0,0,0.0,1.0,9,0,0,0,0,0,0,0,0,1,0,0,0,0,0.0,0,0.0,0,0.0,0,-0.375,0,0.0,0,0.0,0,0.0,0,0.0,0,0.0,0,0.0,0,0.0,0,0.0,0,0.0,0,0.0,0,0,0.0,1,27.5,74,0.0,0
2015-09-22,2050,1,0,1,0,0,0,0,0,0.7818314824680298,0.6234898018587336,9,0,0,0,0,0,0,0,0,1,0,0,0,0,0.0,0,0.0,0,0.0,0,-0.3125,0,0.0,0,0.0,0,0.0,0,0.0,0,0.0,0,0.0,0,0.0,0,0.0,0,0.0,0,0.0,0,0,0.0,1,28.2,73,0.0,0
2015-09-23,2126,2,0,0,1,0,0,0,0,0.9749279121818236,-0.22252093395631434,9,0,0,0,0,0,0,0,0,1,0,0,0,0,0.0,0,0.0,0,0.0,0,-0.25,0,0.0,0,0.0,0,0.0,0,0.0,0,0.0,0,0.0,0,0.0,0,0.0,0,0.0,0,0.0,0,0,-1.0,1,28.7,73,0.0,0
2015-09-24,2258,3,0,0,0,1,0,0,0,0.43388373911755823,-0.900968867902419,9,0,0,0,0,0,0,0,0,1,0,0,0,0,0.0,0,0.0,0,0.0,0,-0.1875,0,0.0,0,0.0,0,0.0,0,-1.0,0,0.0,0,0.0,0,0.0,0,0.0,0,0.0,0,0.0,0,0,-0.9166666666666666,1,27.7,75,0.0,0
2015-09-25,2849,4,0,0,0,0,1,0,0,-0.433883739117558,-0.9009688679024191,9,0,0,0,0,0,0,0,0,1,0,0,0,0,0.0,0,0.0,0,0.0,0,-0.125,0,0.0,0,0.0,0,0.0,0,-0.9375,0,0.0,0,0.0,0,0.0,0,0.0,0,0.0,0,0.0,0,0,-0.8333333333333334,1,28.0,67,0.0,0
2015-09-26,4307,5,0,0,0,0,0,1,0,-0.9749279121818236,-0.2225209339563146,9,0,0,0,0,0,0,0,0,1,0,0,0,0,0.0,0,0.0,0,0.0,0,-0.0625,0,0.0,0,0.0,0,0.0,0,-0.875,0,0.0,0,0.0,0,0.0,0,0.0,0,0.0,0,0.0,0,0,-0.75,1,26.1,75,0.0,0
2015-09-27,3891,6,0,0,0,0,0,0,1,-0.7818314824680299,0.6234898018587334,9,0,0,0,0,0,0,0,0,1,0,0,0,0,0.0,0,0.0,0,0.0,1,0.0,0,0.0,0,0.0,0,0.0,0,-0.8125,0,0.0,0,0.0,0,0.0,0,0.0,0,0.0,0,0.0,0,0,-0.6666666666666666,1,23.9,89,7.5,1
2015-09-28,2954,0,1,0,0,0,0,0,0,0.0,1.0,9,0,0,0,0,0,0,0,0,1,0,0,0,0,0.0,0,0.0,0,0.0,0,0.0625,0,0.0,0,0.0,0,0.0,0,-0.75,0,0.0,0,0.0,0,0.0,0,0.0,0,0.0,0,0.0,0,0,-0.5833333333333334,1,25.8,94,145.5,1
2015-09-29,4210,1,0,1,0,0,0,0,0,0.7818314824680298,0.6234898018587336,9,0,0,0,0,0,0,0,0,1,0,0,0,0,0.0,0,0.0,0,0.0,0,0.125,0,0.0,0,0.0,0,0.0,0,-0.6875,0,0.0,0,0.0,0,0.0,0,0.0,0,0.0,0,0.0,0,0,-0.5,1,27.6,85,1.5,1
2015-09-30,2105,2,0,0,1,0,0,0,0,0.9749279121818236,-0.22252093395631434,9,0,0,0,0,0,0,0,0,1,0,0,0,0,0.0,0,0.0,0,0.0,0,0.1875,0,0.0,0,0.0,0,0.0,0,-0.625,0,0.0,0,0.0,0,0.0,0,0.0,0,0.0,0,0.0,1,0,-0.4166666666666667,1,28.9,79,0.0,0
2015-10-01,2243,3,0,0,0,1,0,0,0,0.43388373911755823,-0.900968867902419,10,0,0,0,0,0,0,0,0,0,1,0,0,0,0.0,0,0.0,0,0.0,0,0.25,0,0.0,0,0.0,0,0.0,0,-0.5625,0,0.0,0,0.0,0,0.0,0,0.0,0,0.0,0,0.0,1,0,-0.3333333333333333,1,29.2,77,0.0,0
2015-10-02,2196,4,0,0,0,0,1,0,0,-0.433883739117558,-0.9009688679024191,10,0,0,0,0,0,0,0,0,0,1,0,0,0,0.0,0,0.0,0,0.0,0,0.3125,0,0.0,0,0.0,0,0.0,0,-0.5,0,0.0,0,0.0,0,0.0,0,0.0,0,0.0,0,0.0,1,0,-0.25,1,25.3,86,11.5,1
2015-10-03,3723,5,0,0,0,0,0,1,0,-0.9749279121818236,-0.2225209339563146,10,0,0,0,0,0,0,0,0,0,1,0,0,0,0.0,0,0.0,0,0.0,0,0.375,0,0.0,0,0.0,0,0.0,0,-0.4375,0,0.0,0,0.0,0,0.0,0,0.0,0,0.0,0,0.0,1,0,-0.16666666666666666,1,28.8,73,0.0,0
2015-10-04,4104,6,0,0,0,0,0,0,1,-0.7818314824680299,0.6234898018587334,10,0,0,0,0,0,0,0,0,0,1,0,0,0,0.0,0,0.0,0,0.0,0,0.4375,0,0.0,0,0.0,0,0.0,0,-0.375,0,0.0,0,0.0,0,0.0,0,0.0,0,0.0,0,0.0,1,0,-0.08333333333333333,1,29.5,72,0.0,0
2015-10-05,2065,0,1,0,0,0,0,0,0,0.0,1.0,10,0,0,0,0,0,0,0,0,0,1,0,0,0,0.0,0,0.0,0,0.0,0,0.5,0,0.0,0,0.0,0,0.0,0,-0.3125,0,0.0,0,0.0,0,0.0,0,0.0,0,0.0,0,0.0,1,1,0.0,1,29.5,69,0.0,0
2015-10-06,2254,1,0,1,0,0,0,0,0,0.7818314824680298,0.6234898018587336,10,0,0,0,0,0,0,0,0,0,1,0,0,0,0.0,0,0.0,0,0.0,0,0.5625,0,0.0,0,0.0,0,0.0,0,-0.25,0,0.0,0,0.0,0,0.0,0,0.0,0,0.0,0,0.0,1,0,0.08333333333333333,1,27.9,72,0.0,0
2015-10-07,2285,2,0,0,1,0,0,0,0,0.9749279121818236,-0.22252093395631434,10,0,0,0,0,0,0,0,0,0,1,0,0,0,0.0,0,0.0,0,0.0,0,0.625,0,0.0,0,0.0,0,0.0,0,-0.1875,0,0.0,0,0.0,0,0.0,0,0.0,0,0.0,0,0.0,1,0,0.16666666666666666,1,27.2,67,0.0,0
2015-10-08,2103,3,0,0,0,1,0,0,0,0.43388373911755823,-0.900968867902419,10,0,0,0,0,0,0,0,0,0,1,0,0,0,0.0,0,0.0,0,0.0,0,0.6875,0,0.0,0,0.0,0,0.0,0,-0.125,0,0.0,0,0.0,0,0.0,0,0.0,0,0.0,0,0.0,1,0,0.25,1,25.8,82,2.5,1
2015-10-09,3452,4,0,0,0,0,1,0,0,-0.433883739117558,-0.9009688679024191,10,0,0,0,0,0,0,0,0,0,1,0,0,0,0.0,0,0.0,0,0.0,0,0.75,0,0.0,0,0.0,0,0.0,0,-0.0625,0,0.0,0,0.0,0,0.0,0,0.0,0,0.0,0,0.0,1,0,0.3333333333333333,1,22.8,92,56.0,1
2015-10-10,3840,5,0,0,0,0,0,1,0,-0.9749279121818236,-0.2225209339563146,10,0,0,0,0,0,0,0,0,0,1,0,0,0,0.0,0,0.0,0,0.0,0,0.8125,0,0.0,0,0.0,0,0.0,1,0.0,0,0.0,0,0.0,0,0.0,0,0.0,0,0.0,0,0.0,1,0,0.4166666666666667,1,23.8,74,0.5,1
2015-10-11,3994,6,0,0,0,0,0,0,1,-0.7818314824680299,0.6234898018587334,10,0,0,0,0,0,0,0,0,0,1,0,0,0,0.0,0,0.0,0,0.0,0,0.875,0,0.0,0,0.0,0,0.0,0,0.0625,0,0.0,0,0.0,0,0.0,0,0.0,0,0.0,0,0.0,1,0,0.5,1,21.0,82,7.0,1
2015-10-12,2199,0,1,0,0,0,0,0,0,0.0,1.0,10,0,0,0,0,0,0,0,0,0,1,0,0,0,0.0,0,0.0,0,0.0,0,0.9375,0,0.0,0,0.0,0,0.0,0,0.125,0,0.0,0,0.0,0,0.0,0,0.0,0,0.0,0,0.0,1,0,0.5833333333333334,1,22.5,59,0.0,0
2015-10-13,1999,1,0,1,0,0,0,0,0,0.7818314824680298,0.6234898018587336,10,0,0,0,0,0,0,0,0,0,1,0,0,0,0.0,0,0.0,0,0.0,0,1.0,0,0.0,0,0.0,0,0.0,0,0.1875,0,0.0,0,0.0,0,0.0,0,0.0,0,0.0,0,0.0,1,0,0.6666666666666666,1,23.0,59,0.0,0
2015-10-14,2518,2,0,0,1,0,0,0,0,0.9749279121818236,-0.22252093395631434,10,0,0,0,0,0,0,0,0,0,1,0,0,0,0.0,0,0.0,0,0.0,0,0.0,0,0.0,0,0.0,0,0.0,0,0.25,0,0.0,0,0.0,0,0.0,0,0.0,0,0.0,0,0.0,1,0,0.75,1,23.2,64,0.0,0
2015-10-15,2136,3,0,0,0,1,0,0,0,0.43388373911755823,-0.900968867902419,10,0,0,0,0,0,0,0,0,0,1,0,0,0,0.0,0,0.0,0,0.0,0,0.0,0,0.0,0,0.0,0,0.0,0,0.3125,0,0.0,0,0.0,0,0.0,0,0.0,0,0.0,0,0.0,1,0,0.8333333333333334,1,23.8,67,0.0,0
2015-10-16,2379,4,0,0,0,0,1,0,0,-0.433883739117558,-0.9009688679024191,10,0,0,0,0,0,0,0,0,0,1,0,0,0,0.0,0,0.0,0,0.0,0,0.0,0,0.0,0,0.0,0,0.0,0,0.375,0,0.0,0,0.0,0,0.0,0,0.0,0,0.0,0,0.0,1,0,0.9166666666666666,1,24.4,73,0.0,0
2015-10-17,3486,5,0,0,0,0,0,1,0,-0.9749279121818236,-0.2225209339563146,10,0,0,0,0,0,0,0,0,0,1,0,0,0,0.0,0,0.0,0,0.0,0,0.0,0,0.0,0,0.0,0,0.0,0,0.4375,0,0.0,0,0.0,0,0.0,0,0.0,0,0.0,0,0.0,1,0,1.0,1,24.2,70,0.0,0
2015-10-18,3968,6,0,0,0,0,0,0,1,-0.7818314824680299,0.6234898018587334,10,0,0,0,0,0,0,0,0,0,1,0,0,0,0.0,0,0.0,0,0.0,0,0.0,0,0.0,0,0.0,0,0.0,0,0.5,0,0.0,0,0.0,0,0.0,0,0.0,0,0.0,0,0.0,1,0,0.0,1,23.3,77,0.0,0
2015-10-19,2245,0,1,0,0,0,0,0,0,0.0,1.0,10,0,0,0,0,0,0,0,0,0,1,0,0,0,0.0,0,0.0,0,0.0,0,0.0,0,0.0,0,0.0,0,0.0,0,0.5625,0,0.0,0,0.0,0,0.0,0,0.0,0,0.0,0,0.0,1,0,0.0,1,25.1,75,0.0,0
2015-10-20,2267,1,0,1,0,0,0,0,0,0.7818314824680298,0.6234898018587336,10,0,0,0,0,0,0,0,0,0,1,0,0,0,0.0,0,0.0,0,0.0,0,0.0,0,0.0,0,0.0,0,0.0,0,0.625,0,0.0,0,0.0,0,0.0,0,0.0,0,0.0,0,0.0,1,0,0.0,1,25.7,70,0.0,0
2015-10-21,1967,2,0,0,1,0,0,0,0,0.9749279121818236,-0.22252093395631434,10,0,0,0,0,0,0,0,0,0,1,0,0,0,0.0,0,0.0,0,0.0,0,0.0,0,0.0,0,0.0,0,0.0,0,0.6875,0,0.0,0,0.0,0,0.0,0,0.0,0,0.0,0,0.0,1,0,0.0,1,23.8,82,1.0,1
2015-10-22,1896,3,0,0,0,1,0,0,0,0.43388373911755823,-0.900968867902419,10,0,0,0,0,0,0,0,0,0,1,0,0,0,0.0,0,0.0,0,0.0,0,0.0,0,0.0,0,0.0,0,0.0,0,0.75,0,0.0,0,0.0,0,0.0,0,0.0,0,0.0,0,0.0,1,0,0.0,1,23.4,89,11.0,1
2015-10-23,2295,4,0,0,0,0,1,0,0,-0.433883739117558,-0.9009688679024191,10,0,0,0,0,0,0,0,0,0,1,0,0,0,0.0,0,0.0,0,0.0,0,0.0,0,0.0,0,0.0,0,0.0,0,0.8125,0,0.0,0,0.0,0,0.0,0,0.0,0,0.0,0,0.0,1,0,0.0,1,24.5,90,3.5,1
2015-10-24,3640,5,0,0,0,0,0,1,0,-0.9749279121818236,-0.2225209339563146,10,0,0,0,0,0,0,0,0,0,1,0,0,0,0.0,0,0.0,0,0.0,0,0.0,0,0.0,0,0.0,0,0.0,0,0.875,0,0.0,0,0.0,0,0.0,0,0.0,0,0.0,0,0.0,1,0,-1.0,1,24.5,89,3.5,1
2015-10-25,4094,6,0,0,0,0,0,0,1,-0.7818314824680299,0.6234898018587334,10,0,0,0,0,0,0,0,0,0,1,0,0,0,0.0,0,0.0,0,0.0,0,0.0,0,0.0,0,0.0,0,0.0,0,0.9375,0,0.0,0,0.0,0,0.0,0,0.0,0,0.0,0,0.0,1,0,-0.9166666666666666,1,24.7,77,0.0,0
2015-10-26,2404,0,1,0,0,0,0,0,0,0.0,1.0,10,0,0,0,0,0,0,0,0,0,1,0,0,0,0.0,0,0.0,0,0.0,0,0.0,0,0.0,0,0.0,0,0.0,0,1.0,0,0.0,0,0.0,0,0.0,0,0.0,0,0.0,0,0.0,1,0,-0.8333333333333334,1,26.2,69,0.0,0
2015-10-27,2245,1,0,1,0,0,0,0,0,0.7818314824680298,0.6234898018587336,10,0,0,0,0,0,0,0,0,0,1,0,0,0,0.0,0,0.0,0,0.0,0,0.0,0,0.0,0,0.0,0,0.0,0,0.0,0,0.0,0,0.0,0,0.0,0,0.0,0,0.0,0,0.0,1,0,-0.75,1,26.0,76,0.0,0
2015-10-28,2098,2,0,0,1,0,0,0,0,0.9749279121818236,-0.22252093395631434,10,0,0,0,0,0,0,0,0,0,1,0,0,0,0.0,0,0.0,0,0.0,0,0.0,0,0.0,0,0.0,0,0.0,0,0.0,0,0.0,0,0.0,0,0.0,0,0.0,0,0.0,0,0.0,0,0,-0.6666666666666666,1,25.0,79,0.0,0
2015-10-29,2048,3,0,0,0,1,0,0,0,0.43388373911755823,-0.900968867902419,10,0,0,0,0,0,0,0,0,0,1,0,0,0,0.0,0,0.0,0,0.0,0,0.0,0,0.0,0,0.0,0,0.0,0,0.0,0,0.0,0,0.0,0,0.0,0,0.0,0,0.0,0,0.0,0,0,-0.5833333333333334,1,25.6,80,0.0,0
2015-10-30,2220,4,0,0,0,0,1,0,0,-0.433883739117558,-0.9009688679024191,10,0,0,0,0,0,0,0,0,0,1,0,0,0,0.0,0,0.0,0,0.0,0,0.0,0,0.0,0,0.0,0,0.0,0,0.0,0,0.0,0,0.0,0,0.0,0,0.0,0,0.0,0,0.0,0,0,-0.5,1,25.6,77,0.0,0
2015-10-31,3371,5,0,0,0,0,0,1,0,-0.9749279121818236,-0.2225209339563146,10,0,0,0,0,0,0,0,0,0,1,0,0,0,0.0,0,0.0,0,0.0,0,0.0,0,0.0,0,0.0,0,0.0,0,0.0,0,0.0,0,0.0,0,0.0,0,0.0,0,0.0,0,0.0,0,0,-0.4166666666666667,1,22.1,80,0.0,0
2015-12-01,1913,1,0,1,0,0,0,0,0,0.7818314824680298,0.6234898018587336,12,0,0,0,0,0,0,0,0,0,0,0,1,0,0.0,0,0.0,0,0.0,0,0.0,0,0.0,0,0.0,0,0.0,0,0.0,0,0.0,0,0.0,0,0.0,0,0.0,0,0.0,0,0.0,0,0,-0.3333333333333333,2,22.1,78,0.0,0
2015-12-02,1975,2,0,0,1,0,0,0,0,0.9749279121818236,-0.22252093395631434,12,0,0,0,0,0,0,0,0,0,0,0,1,0,0.0,0,0.0,0,0.0,0,0.0,0,0.0,0,0.0,0,0.0,0,0.0,0,0.0,0,0.0,0,0.0,0,0.0,0,0.0,0,0.0,0,0,-0.25,2,21.6,81,0.0,0
2015-12-03,1991,3,0,0,0,1,0,0,0,0.43388373911755823,-0.900968867902419,12,0,0,0,0,0,0,0,0,0,0,0,1,0,0.0,0,0.0,0,0.0,0,0.0,0,0.0,0,0.0,0,0.0,0,0.0,0,0.0,0,0.0,0,0.0,0,0.0,0,0.0,0,0.0,0,0,-0.16666666666666666,2,17.5,72,1.5,1
2015-12-04,2033,4,0,0,0,0,1,0,0,-0.433883739117558,-0.9009688679024191,12,0,0,0,0,0,0,0,0,0,0,0,1,0,0.0,0,0.0,0,0.0,0,0.0,0,0.0,0,0.0,0,0.0,0,0.0,0,0.0,0,0.0,0,0.0,0,0.0,0,0.0,0,0.0,0,0,-0.08333333333333333,2,16.4,69,0.0,0
2015-12-05,3404,5,0,0,0,0,0,1,0,-0.9749279121818236,-0.2225209339563146,12,0,0,0,0,0,0,0,0,0,0,0,1,0,0.0,0,0.0,0,0.0,0,0.0,0,0.0,0,0.0,0,0.0,0,0.0,0,0.0,0,0.0,0,0.0,0,0.0,0,0.0,0,0.0,0,1,0.0,2,21.2,75,1.0,1
2015-12-06,4040,6,0,0,0,0,0,0,1,-0.7818314824680299,0.6234898018587334,12,0,0,0,0,0,0,0,0,0,0,0,1,0,0.0,0,0.0,0,0.0,0,0.0,0,0.0,0,0.0,0,0.0,0,0.0,0,-1.0,0,0.0,0,0.0,0,0.0,0,0.0,0,0.0,0,0,0.08333333333333333,2,17.1,93,13.5,1
2015-12-07,2251,0,1,0,0,0,0,0,0,0.0,1.0,12,0,0,0,0,0,0,0,0,0,0,0,1,0,0.0,0,0.0,0,0.0,0,0.0,0,0.0,0,0.0,0,0.0,0,0.0,0,-0.9375,0,0.0,0,0.0,0,0.0,0,0.0,0,0.0,0,0,0.16666666666666666,2,18.1,77,0.0,0
2015-12-08,2170,1,0,1,0,0,0,0,0,0.7818314824680298,0.6234898018587336,12,0,0,0,0,0,0,0,0,0,0,0,1,0,0.0,0,0.0,0,0.0,0,0.0,0,0.0,0,0.0,0,0.0,0,0.0,0,-0.875,0,0.0,0,0.0,0,0.0,0,0.0,0,0.0,0,0,0.25,2,19.1,81,0.0,0
2015-12-09,1969,2,0,0,1,0,0,0,0,0.9749279121818236,-0.22252093395631434,12,0,0,0,0,0,0,0,0,0,0,0,1,0,0.0,0,0.0,0,0.0,0,0.0,0,0.0,0,0.0,0,0.0,0,0.0,0,-0.8125,0,-1.0,0,0.0,0,0.0,0,0.0,0,0.0,0,0,0.3333333333333333,2,21.8,79,2.0,1
2015-12-10,2239,3,0,0,0,1,0,0,0,0.43388373911755823,-0.900968867902419,12,0,0,0,0,0,0,0,0,0,0,0,1,0,0.0,0,0.0,0,0.0,0,0.0,0,0.0,0,0.0,0,0.0,0,0.0,0,-0.75,0,-0.9375,0,0.0,0,0.0,0,0.0,0,0.0,0,0,0.4166666666666667,2,19.6,86,19.5,1
2015-12-11,2180,4,0,0,0,0,1,0,0,-0.433883739117558,-0.9009688679024191,12,0,0,0,0,0,0,0,0,0,0,0,1,0,0.0,0,0.0,0,0.0,0,0.0,0,0.0,0,0.0,0,0.0,0,0.0,0,-0.6875,0,-0.875,0,0.0,0,0.0,0,0.0,0,0.0,0,0,0.5,2,18.5,80,0.0,0
2015-12-12,3496,5,0,0,0,0,0,1,0,-0.9749279121818236,-0.2225209339563146,12,0,0,0,0,0,0,0,0,0,0,0,1,0,0.0,0,0.0,0,0.0,0,0.0,0,0.0,0,0.0,0,0.0,0,0.0,0,-0.625,0,-0.8125,0,0.0,0,0.0,0,0.0,0,0.0,0,0,0.5833333333333334,2,18.1,85,3.5,1
2015-12-13,3852,6,0,0,0,0,0,0,1,-0.7818314824680299,0.6234898018587334,12,0,0,0,0,0,0,0,0,0,0,0,1,0,0.0,0,0.0,0,0.0,0,0.0,0,0.0,0,0.0,0,0.0,0,0.0,0,-0.5625,0,-0.75,0,0.0,0,0.0,0,0.0,0,0.0,0,0,0.6666666666666666,2,21.4,82,0.0,0
2015-12-14,2051,0,1,0,0,0,0,0,0,0.0,1.0,12,0,0,0,0,0,0,0,0,0,0,0,1,0,0.0,0,0.0,0,0.0,0,0.0,0,0.0,0,0.0,0,0.0,0,0.0,0,-0.5,0,-0.6875,0,0.0,0,0.0,0,0.0,0,0.0,0,0,0.75,2,21.1,84,0.0,0
2015-12-15,1902,1,0,1,0,0,0,0,0,0.7818314824680298,0.6234898018587336,12,0,0,0,0,0,0,0,0,0,0,0,1,0,0.0,0,0.0,0,0.0,0,0.0,0,0.0,0,0.0,0,0.0,0,0.0,0,-0.4375,0,-0.625,0,0.0,0,0.0,0,0.0,0,0.0,0,0,0.8333333333333334,2,17.0,83,0.0,0
2015-12-16,1973,2,0,0,1,0,0,0,0,0.9749279121818236,-0.22252093395631434,12,0,0,0,0,0,0,0,0,0,0,0,1,0,0.0,0,0.0,0,0.0,0,0.0,0,0.0,0,0.0,0,0.0,0,0.0,0,-0.375,0,-0.5625,0,0.0,0,-1.0,0,0.0,0,0.0,0,0,0.9166666666666666,2,14.0,63,0.0,0
2015-12-17,2054,3,0,0,0,1,0,0,0,0.43388373911755823,-0.900968867902419,12,0,0,0,0,0,0,0,0,0,0,0,1,0,0.0,0,0.0,0,0.0,0,0.0,0,0.0,0,0.0,0,0.0,0,0.0,0,-0.3125,0,-0.5,0,0.0,0,-0.9375,0,0.0,0,0.0,0,0,1.0,2,11.7,57,0.0,0
2015-12-18,2224,4,0,0,0,0,1,0,0,-0.433883739117558,-0.9009688679024191,12,0,0,0,0,0,0,0,0,0,0,0,1,0,0.0,0,0.0,0,0.0,0,0.0,0,0.0,0,0.0,0,0.0,0,0.0,0,-0.25,0,-0.4375,0,0.0,0,-0.875,0,0.0,0,0.0,0,0,0.0,2,15.2,64,0.0,0
2015-12-19,3732,5,0,0,0,0,0,1,0,-0.9749279121818236,-0.2225209339563146,12,0,0,0,0,0,0,0,0,0,0,0,1,0,0.0,0,0.0,0,0.0,0,0.0,0,0.0,0,0.0,0,0.0,0,0.0,0,-0.1875,0,-0.375,0,0.0,0,-0.8125,0,0.0,0,0.0,0,0,0.0,2,18.2,78,0.0,0
2015-12-20,4079,6,0,0,0,0,0,0,1,-0.7818314824680299,0.6234898018587334,12,0,0,0,0,0,0,0,0,0,0,0,1,0,0.0,0,0.0,0,0.0,0,0.0,0,0.0,0,0.0,0,0.0,0,0.0,0,-0.125,0,-0.3125,0,0.0,0,-0.75,0,0.0,0,0.0,0,0,0.0,2,20.2,74,0.0,0
2015-12-21,2158,0,1,0,0,0,0,0,0,0.0,1.0,12,0,0,0,0,0,0,0,0,0,0,0,1,0,0.0,0,0.0,0,0.0,0,0.0,0,0.0,0,0.0,0,0.0,0,0.0,0,-0.0625,0,-0.25,0,0.0,0,-0.6875,0,0.0,0,0.0,0,0,0.0,2,20.7,84,0.0,0
2015-12-22,2011,1,0,1,0,0,0,0,0,0.7818314824680298,0.6234898018587336,12,0,0,0,0,0,0,0,0,0,0,0,1,0,0.0,0,0.0,0,0.0,0,0.0,0,0.0,0,0.0,0,0.0,0,0.0,1,0.0,0,-0.1875,0,0.0,0,-0.625,0,0.0,0,0.0,0,0,0.0,2,22.7,81,0.0,0
2015-12-23,1945,2,0,0,1,0,0,0,0,0.9749279121818236,-0.22252093395631434,12,0,0,0,0,0,0,0,0,0,0,0,1,0,0.0,0,0.0,0,0.0,0,0.0,0,0.0,0,0.0,0,0.0,0,0.0,0,0.0625,0,-0.125,0,0.0,0,-0.5625,0,0.0,0,0.0,0,0,0.0,2,22.6,79,0.0,0
2015-12-24,2089,3,0,0,0,1,0,0,0,0.43388373911755823,-0.900968867902419,12,0,0,0,0,0,0,0,0,0,0,0,1,0,0.0,0,0.0,0,0.0,0,0.0,0,0.0,0,0.0,0,0.0,0,0.0,0,0.125,0,-0.0625,0,0.0,0,-0.5,0,0.0,0,0.0,0,0,-1.0,2,21.0,90,1.0,1
2015-12-25,2049,4,0,0,0,0,1,0,0,-0.433883739117558,-0.9009688679024191,12,0,0,0,0,0,0,0,0,0,0,0,1,0,0.0,0,0.0,0,0.0,0,0.0,0,0.0,0,0.0,0,0.0,0,0.0,0,0.1875,1,0.0,0,0.0,0,-0.4375,0,0.0,0,0.0,0,0,-0.9166666666666666,2,16.5,91,11.0,1
2015-12-26,3311,5,0,0,0,0,0,1,0,-0.9749279121818236,-0.2225209339563146,12,0,0,0,0,0,0,0,0,0,0,0,1,0,0.0,0,0.0,0,0.0,0,0.0,0,0.0,0,0.0,0,0.0,0,0.0,0,0.25,0,0.0625,0,0.0,0,-0.375,0,0.0,0,0.0,0,0,-0.8333333333333334,2,17.0,83,0.5,1
2015-12-27,3715,6,0,0,0,0,0,0,1,-0.7818314824680299,0.6234898018587334,12,0,0,0,0,0,0,0,0,0,0,0,1,0,0.0,0,0.0,0,0.0,0,0.0,0,0.0,0,0.0,0,0.0,0,0.0,0,0.3125,0,0.125,0,0.0,0,-0.3125,0,0.0,0,0.0,0,0,-0.75,2,16.1,94,20.0,1
2015-12-28,2196,0,1,0,0,0,0,0,0,0.0,1.0,12,0,0,0,0,0,0,0,0,0,0,0,1,0,0.0,0,0.0,0,0.0,0,0.0,0,0.0,0,0.0,0,0.0,0,0.0,0,0.375,0,0.1875,0,0.0,0,-0.25,0,0.0,0,0.0,0,0,-0.6666666666666666,2,15.2,81,1.0,1
2015-12-29,2036,1,0,1,0,0,0,0,0,0.7818314824680298,0.6234898018587336,12,0,0,0,0,0,0,0,0,0,0,0,1,0,0.0,0,0.0,0,0.0,0,0.0,0,0.0,0,0.0,0,0.0,0,0.0,0,0.4375,0,0.25,0,0.0,0,-0.1875,0,0.0,0,0.0,0,0,-0.5833333333333334,2,16.8,69,0.0,0
2015-12-30,2235,2,0,0,1,0,0,0,0,0.9749279121818236,-0.22252093395631434,12,0,0,0,0,0,0,0,0,0,0,0,1,0,0.0,0,0.0,0,0.0,0,0.0,0,0.0,0,0.0,0,0.0,0,0.0,0,0.5,0,0.3125,0,0.0,0,-0.125,0,0.0,0,0.0,0,0,-0.5,2,15.9,87,1.5,1
2015-12-31,2779,3,0,0,0,1,0,0,0,0.43388373911755823,-0.900968867902419,12,0,0,0,0,0,0,0,0,0,0,0,1,0,0.0,0,0.0,0,0.0,0,0.0,0,0.0,0,0.0,0,0.0,0,0.0,0,0.5625,0,0.375,0,0.0,0,-0.0625,0,0.0,0,0.0,0,0,-0.4166666666666667,2,15.8,75,0.0,0
2016-01-01,3382,4,0,0,0,0,1,0,0,-0.433883739117558,-0.9009688679024191,1,1,0,0,0,0,0,0,0,0,0,0,0,0,0.0,0,0.0,0,0.0,0,0.0,0,0.0,0,0.0,0,0.0,0,0.0,0,0.625,0,0.4375,0,0.0,1,0.0,0,0.0,0,0.0,0,0,-0.3333333333333333,2,18.7,78,0.0,0
2016-01-02,3305,5,0,0,0,0,0,1,0,-0.9749279121818236,-0.2225209339563146,1,1,0,0,0,0,0,0,0,0,0,0,0,0,0.0,0,0.0,0,0.0,0,0.0,0,0.0,0,0.0,0,0.0,0,0.0,0,0.6875,0,0.5,0,0.0,0,0.0625,0,0.0,0,0.0,0,0,-0.25,2,18.3,89,0.0,0
2016-01-03,3753,6,0,0,0,0,0,0,1,-0.7818314824680299,0.6234898018587334,1,1,0,0,0,0,0,0,0,0,0,0,0,0,0.0,0,0.0,0,0.0,0,0.0,0,0.0,0,0.0,0,0.0,0,0.0,0,0.75,0,0.5625,0,0.0,0,0.125,0,0.0,0,0.0,0,0,-0.16666666666666666,2,18.6,96,16.5,1
2016-01-04,2093,0,1,0,0,0,0,0,0,0.0,1.0,1,1,0,0,0,0,0,0,0,0,0,0,0,0,0.0,0,0.0,0,0.0,0,0.0,0,0.0,0,0.0,0,0.0,0,0.0,0,0.8125,0,0.625,0,0.0,0,0.1875,0,0.0,0,0.0,0,0,-0.08333333333333333,2,20.2,93,0.0,0
2016-01-05,1987,1,0,1,0,0,0,0,0,0.7818314824680298,0.6234898018587336,1,1,0,0,0,0,0,0,0,0,0,0,0,0,0.0,0,0.0,0,0.0,0,0.0,0,0.0,0,0.0,0,0.0,0,0.0,0,0.875,0,0.6875,0,0.0,0,0.25,0,0.0,0,0.0,0,1,0.0,2,20.0,93,1.0,1
2016-01-06,1816,2,0,0,1,0,0,0,0,0.9749279121818236,-0.22252093395631434,1,1,0,0,0,0,0,0,0,0,0,0,0,0,0.0,0,0.0,0,0.0,0,0.0,0,0.0,0,0.0,0,0.0,0,0.0,0,0.9375,0,0.75,0,0.0,0,0.3125,0,0.0,0,0.0,0,0,0.08333333333333333,2,17.7,91,41.0,1
2016-01-07,2010,3,0,0,0,1,0,0,0,0.43388373911755823,-0.900968867902419,1,1,0,0,0,0,0,0,0,0,0,0,0,0,0.0,0,0.0,0,0.0,0,0.0,0,0.0,0,0.0,0,0.0,0,0.0,0,1.0,0,0.8125,0,0.0,0,0.375,0,0.0,0,0.0,0,0,0.16666666666666666,2,17.7,79,0.0,0
2016-01-08,2079,4,0,0,0,0,1,0,0,-0.433883739117558,-0.9009688679024191,1,1,0,0,0,0,0,0,0,0,0,0,0,0,0.0,0,0.0,0,0.0,0,0.0,0,0.0,0,0.0,0,0.0,0,0.0,0,0.0,0,0.875,0,0.0,0,0.4375,0,0.0,0,0.0,0,0,0.25,2,16.2,83,4.0,1
2016-01-09,3409,5,0,0,0,0,0,1,0,-0.9749279121818236,-0.2225209339563146,1,1,0,0,0,0,0,0,0,0,0,0,0,0,0.0,0,0.0,0,0.0,0,0.0,0,0.0,0,0.0,0,0.0,0,0.0,0,0.0,0,0.9375,0,0.0,0,0.5,0,0.0,0,0.0,0,0,0.3333333333333333,2,16.8,76,0.0,0
2016-01-10,3776,6,0,0,0,0,0,0,1,-0.7818314824680299,0.6234898018587334,1,1,0,0,0,0,0,0,0,0,0,0,0,0,0.0,0,0.0,0,0.0,0,0.0,0,0.0,0,0.0,0,0.0,0,0.0,0,0.0,0,1.0,0,0.0,0,0.5625,0,0.0,0,0.0,0,0,0.4166666666666667,2,18.7,83,0.0,0
2016-01-11,1634,0,1,0,0,0,0,0,0,0.0,1.0,1,1,0,0,0,0,0,0,0,0,0,0,0,0,0.0,0,0.0,0,0.0,0,0.0,0,0.0,0,0.0,0,0.0,0,0.0,0,0.0,0,0.0,0,0.0,0,0.625,0,0.0,0,0.0,0,0,0.5,2,16.6,95,37.5,1
2016-01-12,1981,1,0,1,0,0,0,0,0,0.7818314824680298,0.6234898018587336,1,1,0,0,0,0,0,0,0,0,0,0,0,0,0.0,0,0.0,0,0.0,0,0.0,0,0.0,0,0.0,0,0.0,0,0.0,0,0.0,0,0.0,0,0.0,0,0.6875,0,0.0,0,0.0,0,0,0.5833333333333334,2,15.6,88,5.5,1
2016-01-13,2109,2,0,0,1,0,0,0,0,0.9749279121818236,-0.22252093395631434,1,1,0,0,0,0,0,0,0,0,0,0,0,0,0.0,0,0.0,0,0.0,0,0.0,0,0.0,0,0.0,0,0.0,0,0.0,0,0.0,0,0.0,0,0.0,0,0.75,0,0.0,0,0.0,0,0,0.6666666666666666,2,13.3,93,7.0,1
2016-01-14,2263,3,0,0,0,1,0,0,0,0.43388373911755823,-0.900968867902419,1,1,0,0,0,0,0,0,0,0,0,0,0,0,0.0,0,0.0,0,0.0,0,0.0,0,0.0,0,0.0,0,0.0,0,0.0,0,0.0,0,0.0,0,0.0,0,0.8125,0,0.0,0,0.0,0,0,0.75,2,13.7,85,0.0,0
2016-01-15,2051,4,0,0,0,0,1,0,0,-0.433883739117558,-0.9009688679024191,1,1,0,0,0,0,0,0,0,0,0,0,0,0,0.0,0,0.0,0,0.0,0,0.0,0,0.0,0,0.0,0,0.0,0,0.0,0,0.0,0,0.0,0,0.0,0,0.875,0,0.0,0,0.0,0,0,0.8333333333333334,2,14.9,91,2.5,1
2016-01-16,3802,5,0,0,0,0,0,1,0,-0.9749279121818236,-0.2225209339563146,1,1,0,0,0,0,0,0,0,0,0,0,0,0,0.0,0,0.0,0,0.0,0,0.0,0,0.0,0,0.0,0,0.0,0,0.0,0,0.0,0,0.0,0,0.0,0,0.9375,0,0.0,0,0.0,0,0,0.9166666666666666,2,17.7,85,0.0,0
2016-01-17,3992,6,0,0,0,0,0,0,1,-0.7818314824680299,0.6234898018587334,1,1,0,0,0,0,0,0,0,0,0,0,0,0,0.0,0,0.0,0,0.0,0,0.0,0,0.0,0,0.0,0,0.0,0,0.0,0,0.0,0,0.0,0,0.0,0,1.0,0,0.0,0,0.0,0,0,1.0,2,16.3,96,45.5,1
2016-01-18,2651,0,1,0,0,0,0,0,0,0.0,1.0,1,1,0,0,0,0,0,0,0,0,0,0,0,0,0.0,0,0.0,0,0.0,0,0.0,0,0.0,0,0.0,0,0.0,0,0.0,0,0.0,0,0.0,0,0.0,0,0.0,0,0.0,0,0.0,0,0,0.0,2,14.3,71,0.5,1
2016-01-19,2159,1,0,1,0,0,0,0,0,0.7818314824680298,0.6234898018587336,1,1,0,0,0,0,0,0,0,0,0,0,0,0,0.0,0,0.0,0,0.0,0,0.0,0,0.0,0,0.0,0,0.0,0,0.0,0,0.0,0,0.0,0,0.0,0,0.0,0,0.0,0,0.0,0,0,0.0,2,13.1,85,3.5,1
2016-01-20,2436,2,0,0,1,0,0,0,0,0.9749279121818236,-0.22252093395631434,1,1,0,0,0,0,0,0,0,0,0,0,0,0,0.0,0,0.0,0,0.0,0,0.0,0,0.0,0,0.0,0,0.0,0,0.0,0,0.0,0,0.0,0,0.0,0,0.0,0,0.0,0,0.0,0,0,0.0,2,14.4,89,5.5,1
2016-01-21,2228,3,0,0,0,1,0,0,0,0.43388373911755823,-0.900968867902419,1,1,0,0,0,0,0,0,0,0,0,0,0,0,0.0,0,0.0,0,0.0,0,0.0,0,0.0,0,0.0,0,0.0,0,0.0,0,0.0,0,0.0,0,0.0,0,0.0,0,0.0,0,0.0,0,0,0.0,2,15.5,96,15.5,1
2016-01-22,2573,4,0,0,0,0,1,0,0,-0.433883739117558,-0.9009688679024191,1,1,0,0,0,0,0,0,0,0,0,0,0,0,0.0,0,0.0,0,0.0,0,0.0,0,0.0,0,0.0,0,0.0,0,0.0,0,0.0,0,0.0,0,0.0,0,0.0,0,-1.0,0,0.0,0,0,0.0,2,14.6,93,39.5,1
2016-01-23,4112,5,0,0,0,0,0,1,0,-0.9749279121818236,-0.2225209339563146,1,1,0,0,0,0,0,0,0,0,0,0,0,0,0.0,0,0.0,0,0.0,0,0.0,0,0.0,0,0.0,0,0.0,0,0.0,0,0.0,0,0.0,0,0.0,0,0.0,0,-0.9375,0,-1.0,0,0,0.0,2,9.6,91,33.5,1
2016-01-24,5073,6,0,0,0,0,0,0,1,-0.7818314824680299,0.6234898018587334,1,1,0,0,0,0,0,0,0,0,0,0,0,0,0.0,0,0.0,0,0.0,0,0.0,0,0.0,0,0.0,0,0.0,0,0.0,0,0.0,0,0.0,0,0.0,0,0.0,0,-0.875,0,-0.9375,0,0,-1.0,2,4.6,74,8.0,1
2016-01-25,2750,0,1,0,0,0,0,0,0,0.0,1.0,1,1,0,0,0,0,0,0,0,0,0,0,0,0,0.0,0,0.0,0,0.0,0,0.0,0,0.0,0,0.0,0,0.0,0,0.0,0,0.0,0,0.0,0,0.0,0,0.0,0,-0.8125,0,-0.875,0,0,-0.9166666666666666,2,7.4,63,0.0,0
2016-01-26,2640,1,0,1,0,0,0,0,0,0.7818314824680298,0.6234898018587336,1,1,0,0,0,0,0,0,0,0,0,0,0,0,0.0,0,0.0,0,0.0,0,0.0,0,0.0,0,0.0,0,0.0,0,0.0,0,0.0,0,0.0,0,0.0,0,0.0,0,-0.75,0,-0.8125,0,0,-0.8333333333333334,2,14.2,62,0.0,0
2016-01-27,2876,2,0,0,1,0,0,0,0,0.9749279121818236,-0.22252093395631434,1,1,0,0,0,0,0,0,0,0,0,0,0,0,0.0,0,0.0,0,0.0,0,0.0,0,0.0,0,0.0,0,0.0,0,0.0,0,0.0,0,0.0,0,0.0,0,0.0,0,-0.6875,0,-0.75,0,0,-0.75,2,17.9,74,0.0,0
2016-01-28,2234,3,0,0,0,1,0,0,0,0.43388373911755823,-0.900968867902419,1,1,0,0,0,0,0,0,0,0,0,0,0,0,0.0,0,0.0,0,0.0,0,0.0,0,0.0,0,0.0,0,0.0,0,0.0,0,0.0,0,0.0,0,0.0,0,0.0,0,-0.625,0,-0.6875,0,0,-0.6666666666666666,2,16.4,96,5.0,1
2016-01-29,2406,4,0,0,0,0,1,0,0,-0.433883739117558,-0.9009688679024191,1,1,0,0,0,0,0,0,0,0,0,0,0,0,0.0,0,0.0,0,0.0,0,0.0,0,0.0,0,0.0,0,0.0,0,0.0,0,0.0,0,0.0,0,0.0,0,0.0,0,-0.5625,0,-0.625,0,0,-0.5833333333333334,2,16.7,97,33.5,1
2016-01-30,4353,5,0,0,0,0,0,1,0,-0.9749279121818236,-0.2225209339563146,1,1,0,0,0,0,0,0,0,0,0,0,0,0,0.0,0,0.0,0,0.0,0,0.0,0,0.0,0,0.0,0,0.0,0,0.0,0,0.0,0,0.0,0,0.0,0,0.0,0,-0.5,0,-0.5625,0,0,-0.5,2,15.1,94,9.5,1
2016-01-31,5782,6,0,0,0,0,0,0,1,-0.7818314824680299,0.6234898018587334,1,1,0,0,0,0,0,0,0,0,0,0,0,0,0.0,0,0.0,0,0.0,0,0.0,0,0.0,0,0.0,0,0.0,0,0.0,0,0.0,0,0.0,0,0.0,0,0.0,0,-0.4375,0,-0.5,0,0,-0.4166666666666667,2,17.5,80,0.0,0
2016-02-01,2512,0,1,0,0,0,0,0,0,0.0,1.0,2,0,1,0,0,0,0,0,0,0,0,0,0,0,0.0,0,0.0,0,0.0,0,0.0,0,0.0,0,0.0,0,0.0,0,0.0,0,0.0,0,0.0,0,0.0,0,0.0,0,-0.375,0,-0.4375,0,0,-0.3333333333333333,2,12.9,94,30.0,1
2016-02-02,3100,1,0,1,0,0,0,0,0,0.7818314824680298,0.6234898018587336,2,0,1,0,0,0,0,0,0,0,0,0,0,0,0.0,0,0.0,0,0.0,0,0.0,0,0.0,0,0.0,0,0.0,0,0.0,0,0.0,0,0.0,0,0.0,0,0.0,0,-0.3125,0,-0.375,0,0,-0.25,2,11.3,95,15.5,1
2016-02-03,3363,2,0,0,1,0,0,0,0,0.9749279121818236,-0.22252093395631434,2,0,1,0,0,0,0,0,0,0,0,0,0,0,0.0,0,0.0,0,0.0,0,0.0,0,0.0,0,0.0,0,0.0,0,0.0,0,0.0,0,0.0,0,0.0,0,0.0,0,-0.25,0,-0.3125,0,0,-0.16666666666666666,2,14.0,89,1.0,1
2016-02-04,3750,3,0,0,0,1,0,0,0,0.43388373911755823,-0.900968867902419,2,0,1,0,0,0,0,0,0,0,0,0,0,0,0.0,0,0.0,0,0.0,0,0.0,0,0.0,0,0.0,0,0.0,0,0.0,0,0.0,0,0.0,0,0.0,0,0.0,0,-0.1875,0,-0.25,0,0,-0.08333333333333333,2,15.9,91,6.0,1
2016-02-05,4677,4,0,0,0,0,1,0,0,-0.433883739117558,-0.9009688679024191,2,0,1,0,0,0,0,0,0,0,0,0,0,0,0.0,0,0.0,0,0.0,0,0.0,0,0.0,0,0.0,0,0.0,0,0.0,0,0.0,0,0.0,0,0.0,0,0.0,0,-0.125,0,-0.1875,0,1,0.0,2,13.2,92,6.5,1
2016-02-06,7346,5,0,0,0,0,0,1,0,-0.9749279121818236,-0.2225209339563146,2,0,1,0,0,0,0,0,0,0,0,0,0,0,-1.0,0,0.0,0,0.0,0,0.0,0,0.0,0,0.0,0,0.0,0,0.0,0,0.0,0,0.0,0,0.0,0,0.0,0,-0.0625,0,-0.125,0,0,0.08333333333333333,2,10.5,61,0.0,0
2016-02-07,3420,6,0,0,0,0,0,0,1,-0.7818314824680299,0.6234898018587334,2,0,1,0,0,0,0,0,0,0,0,0,0,0,-0.9375,0,0.0,0,0.0,0,0.0,0,0.0,0,0.0,0,0.0,0,0.0,0,0.0,0,0.0,0,0.0,0,0.0,1,0.0,0,-0.0625,0,0,0.16666666666666666,2,10.0,59,0.0,0
2016-02-08,2897,0,1,0,0,0,0,0,0,0.0,1.0,2,0,1,0,0,0,0,0,0,0,0,0,0,0,-0.875,0,0.0,0,0.0,0,0.0,0,0.0,0,0.0,0,0.0,0,0.0,0,0.0,0,0.0,0,0.0,0,0.0,0,0.0625,1,0.0,0,0,0.25,2,12.1,51,0.0,0
2016-02-09,2351,1,0,1,0,0,0,0,0,0.7818314824680298,0.6234898018587336,2,0,1,0,0,0,0,0,0,0,0,0,0,0,-0.8125,0,0.0,0,0.0,0,0.0,0,0.0,0,0.0,0,0.0,0,0.0,0,0.0,0,0.0,0,0.0,0,0.0,0,0.125,0,0.0625,0,0,0.3333333333333333,2,14.3,57,0.0,0
2016-02-10,2431,2,0,0,1,0,0,0,0,0.9749279121818236,-0.22252093395631434,2,0,1,0,0,0,0,0,0,0,0,0,0,0,-0.75,0,0.0,0,0.0,0,0.0,0,0.0,0,0.0,0,0.0,0,0.0,0,0.0,0,0.0,0,0.0,0,0.0,0,0.1875,0,0.125,0,0,0.4166666666666667,2,17.4,61,0.0,0
2016-02-11,2786,3,0,0,0,1,0,0,0,0.43388373911755823,-0.900968867902419,2,0,1,0,0,0,0,0,0,0,0,0,0,0,-0.6875,0,0.0,0,0.0,0,0.0,0,0.0,0,0.0,0,0.0,0,0.0,0,0.0,0,0.0,0,0.0,0,0.0,0,0.25,0,0.1875,0,0,0.5,2,18.7,78,0.0,0
2016-02-12,2823,4,0,0,0,0,1,0,0,-0.433883739117558,-0.9009688679024191,2,0,1,0,0,0,0,0,0,0,0,0,0,0,-0.625,0,0.0,0,0.0,0,0.0,0,0.0,0,0.0,0,0.0,0,0.0,0,0.0,0,0.0,0,0.0,0,0.0,0,0.3125,0,0.25,0,0,0.5833333333333334,2,20.8,80,0.0,0
2016-02-13,3004,5,0,0,0,0,0,1,0,-0.9749279121818236,-0.2225209339563146,2,0,1,0,0,0,0,0,0,0,0,0,0,0,-0.5625,0,0.0,0,0.0,0,0.0,0,0.0,0,0.0,0,0.0,0,0.0,0,0.0,0,0.0,0,0.0,0,0.0,0,0.375,0,0.3125,0,0,0.6666666666666666,2,22.6,76,0.0,0
2016-02-14,3392,6,0,0,0,0,0,0,1,-0.7818314824680299,0.6234898018587334,2,0,1,0,0,0,0,0,0,0,0,0,0,0,-0.5,0,0.0,0,0.0,0,0.0,0,0.0,0,0.0,0,0.0,0,0.0,0,0.0,0,0.0,0,0.0,0,0.0,0,0.4375,0,0.375,0,0,0.75,2,15.5,91,17.5,1
2016-02-15,2303,0,1,0,0,0,0,0,0,0.0,1.0,2,0,1,0,0,0,0,0,0,0,0,0,0,0,-0.4375,0,0.0,0,0.0,0,0.0,0,0.0,0,0.0,0,0.0,0,0.0,0,0.0,0,0.0,0,0.0,0,0.0,0,0.5,0,0.4375,0,0,0.8333333333333334,2,9.9,81,1.0,1
2016-02-16,2122,1,0,1,0,0,0,0,0,0.7818314824680298,0.6234898018587336,2,0,1,0,0,0,0,0,0,0,0,0,0,0,-0.375,0,0.0,0,0.0,0,0.0,0,0.0,0,0.0,0,0.0,0,0.0,0,0.0,0,0.0,0,0.0,0,0.0,0,0.5625,0,0.5,0,0,0.9166666666666666,2,11.5,72,0.0,0
2016-02-17,1836,2,0,0,1,0,0,0,0,0.9749279121818236,-0.22252093395631434,2,0,1,0,0,0,0,0,0,0,0,0,0,0,-0.3125,0,0.0,0,0.0,0,0.0,0,0.0,0,0.0,0,0.0,0,0.0,0,0.0,0,0.0,0,0.0,0,0.0,0,0.625,0,0.5625,0,0,1.0,2,12.7,77,5.0,1
2016-02-18,2200,3,0,0,0,1,0,0,0,0.43388373911755823,-0.900968867902419,2,0,1,0,0,0,0,0,0,0,0,0,0,0,-0.25,0,0.0,0,0.0,0,0.0,0,0.0,0,0.0,0,0.0,0,0.0,0,0.0,0,0.0,0,0.0,0,0.0,0,0.6875,0,0.625,0,0,0.0,2,15.7,90,7.0,1
2016-02-19,1938,4,0,0,0,0,1,0,0,-0.433883739117558,-0.9009688679024191,2,0,1,0,0,0,0,0,0,0,0,0,0,0,-0.1875,0,0.0,0,0.0,0,0.0,0,0.0,0,0.0,0,0.0,0,0.0,0,0.0,0,0.0,0,0.0,0,0.0,0,0.75,0,0.6875,0,0,0.0,2,14.6,98,1.0,1
2016-02-20,3756,5,0,0,0,0,0,1,0,-0.9749279121818236,-0.2225209339563146,2,0,1,0,0,0,0,0,0,0,0,0,0,0,-0.125,0,0.0,0,0.0,0,0.0,0,0.0,0,0.0,0,0.0,0,0.0,0,0.0,0,0.0,0,0.0,0,0.0,0,0.8125,0,0.75,0,0,0.0,2,13.2,76,1.0,1
2016-02-21,4101,6,0,0,0,0,0,0,1,-0.7818314824680299,0.6234898018587334,2,0,1,0,0,0,0,0,0,0,0,0,0,0,-0.0625,0,0.0,0,0.0,0,0.0,0,0.0,0,0.0,0,0.0,0,0.0,0,0.0,0,0.0,0,0.0,0,0.0,0,0.875,0,0.8125,0,0,0.0,2,15.0,61,0.0,0
2016-02-22,2005,0,1,0,0,0,0,0,0,0.0,1.0,2,0,1,0,0,0,0,0,0,0,0,0,0,1,0.0,0,0.0,0,0.0,0,0.0,0,0.0,0,0.0,0,0.0,0,0.0,0,0.0,0,0.0,0,0.0,0,0.0,0,0.9375,0,0.875,0,0,-1.0,2,15.9,78,0.0,0
2016-02-23,1940,1,0,1,0,0,0,0,0,0.7818314824680298,0.6234898018587336,2,0,1,0,0,0,0,0,0,0,0,0,0,0,0.0625,0,0.0,0,0.0,0,0.0,0,0.0,0,0.0,0,0.0,0,0.0,0,0.0,0,0.0,0,0.0,0,0.0,0,1.0,0,0.9375,0,0,-0.9166666666666666,2,13.4,93,1.5,1
2016-02-24,2179,2,0,0,1,0,0,0,0,0.9749279121818236,-0.22252093395631434,2,0,1,0,0,0,0,0,0,0,0,0,0,0,0.125,0,0.0,0,0.0,0,0.0,0,0.0,0,0.0,0,0.0,0,0.0,0,0.0,0,0.0,0,0.0,0,0.0,0,0.0,0,1.0,0,0,-0.8333333333333334,2,12.6,90,4.5,1
2016-02-25,2077,3,0,0,0,1,0,0,0,0.43388373911755823,-0.900968867902419,2,0,1,0,0,0,0,0,0,0,0,0,0,0,0.1875,0,0.0,0,0.0,0,0.0,0,0.0,0,0.0,0,0.0,0,0.0,0,0.0,0,0.0,0,0.0,0,0.0,0,0.0,0,0.0,0,0,-0.75,2,13.1,83,1.0,1
2016-02-26,2060,4,0,0,0,0,1,0,0,-0.433883739117558,-0.9009688679024191,2,0,1,0,0,0,0,0,0,0,0,0,0,0,0.25,0,0.0,0,0.0,0,0.0,0,0.0,0,0.0,0,0.0,0,0.0,0,0.0,0,0.0,0,0.0,0,0.0,0,0.0,0,0.0,0,0,-0.6666666666666666,2,13.6,92,3.5,1
2016-02-27,3370,5,0,0,0,0,0,1,0,-0.9749279121818236,-0.2225209339563146,2,0,1,0,0,0,0,0,0,0,0,0,0,0,0.3125,0,0.0,0,0.0,0,0.0,0,0.0,0,0.0,0,0.0,0,0.0,0,0.0,0,0.0,0,0.0,0,0.0,0,0.0,0,0.0,0,0,-0.5833333333333334,2,14.6,96,16.5,1
2016-02-28,3289,6,0,0,0,0,0,0,1,-0.7818314824680299,0.6234898018587334,2,0,1,0,0,0,0,0,0,0,0,0,0,0,0.375,0,0.0,0,0.0,0,0.0,0,0.0,0,0.0,0,0.0,0,0.0,0,0.0,0,0.0,0,0.0,0,0.0,0,0.0,0,0.0,0,0,-0.5,2,18.3,72,0.0,0
2016-02-29,3464,0,1,0,0,0,0,0,0,0.0,1.0,2,0,1,0,0,0,0,0,0,0,0,0,0,0,0.4375,0,0.0,0,0.0,0,0.0,0,0.0,0,0.0,0,0.0,0,0.0,0,0.0,0,0.0,0,0.0,0,0.0,0,0.0,0,0.0,0,0,-0.4166666666666667,2,15.7,63,0.0,0
2016-03-01,1775,1,0,1,0,0,0,0,0,0.7818314824680298,0.6234898018587336,3,0,0,1,0,0,0,0,0,0,0,0,0,0,0.5,0,0.0,0,0.0,0,0.0,0,0.0,0,0.0,0,0.0,0,0.0,0,0.0,0,0.0,0,0.0,0,0.0,0,0.0,0,0.0,0,0,-0.3333333333333333,2,15.0,53,0.0,0
2016-03-02,1991,2,0,0,1,0,0,0,0,0.9749279121818236,-0.22252093395631434,3,0,0,1,0,0,0,0,0,0,0,0,0,0,0.5625,0,0.0,0,0.0,0,0.0,0,0.0,0,0.0,0,0.0,0,0.0,0,0.0,0,0.0,0,0.0,0,0.0,0,0.0,0,0.0,0,0,-0.25,2,18.0,55,0.0,0
2016-03-03,1947,3,0,0,0,1,0,0,0,0.43388373911755823,-0.900968867902419,3,0,0,1,0,0,0,0,0,0,0,0,0,0,0.625,0,0.0,0,0.0,0,0.0,0,0.0,0,0.0,0,0.0,0,0.0,0,0.0,0,0.0,0,0.0,0,0.0,0,0.0,0,0.0,0,0,-0.16666666666666666,2,18.4,62,0.0,0
2016-03-04,1920,4,0,0,0,0,1,0,0,-0.433883739117558,-0.9009688679024191,3,0,0,1,0,0,0,0,0,0,0,0,0,0,0.6875,0,0.0,0,0.0,0,0.0,0,0.0,0,0.0,0,0.0,0,0.0,0,0.0,0,0.0,0,0.0,0,0.0,0,0.0,0,0.0,0,0,-0.08333333333333333,2,20.0,65,0.0,0
2016-03-05,3126,5,0,0,0,0,0,1,0,-0.9749279121818236,-0.2225209339563146,3,0,0,1,0,0,0,0,0,0,0,0,0,0,0.75,0,0.0,0,0.0,0,0.0,0,0.0,0,0.0,0,0.0,0,0.0,0,0.0,0,0.0,0,0.0,0,0.0,0,0.0,0,0.0,0,1,0.0,2,20.9,77,0.0,0
2016-03-06,3680,6,0,0,0,0,0,0,1,-0.7818314824680299,0.6234898018587334,3,0,0,1,0,0,0,0,0,0,0,0,0,0,0.8125,0,0.0,0,0.0,0,0.0,0,0.0,0,0.0,0,0.0,0,0.0,0,0.0,0,0.0,0,0.0,0,0.0,0,0.0,0,0.0,0,0,0.08333333333333333,2,20.6,83,0.0,0
2016-03-07,2140,0,1,0,0,0,0,0,0,0.0,1.0,3,0,0,1,0,0,0,0,0,0,0,0,0,0,0.875,0,0.0,0,0.0,0,0.0,0,0.0,0,0.0,0,0.0,0,0.0,0,0.0,0,0.0,0,0.0,0,0.0,0,0.0,0,0.0,0,0,0.16666666666666666,2,20.8,84,0.0,0
2016-03-08,1834,1,0,1,0,0,0,0,0,0.7818314824680298,0.6234898018587336,3,0,0,1,0,0,0,0,0,0,0,0,0,0,0.9375,0,0.0,0,0.0,0,0.0,0,0.0,0,0.0,0,0.0,0,0.0,0,0.0,0,0.0,0,0.0,0,0.0,0,0.0,0,0.0,0,0,0.25,2,21.8,86,1.5,1
2016-03-09,1639,2,0,0,1,0,0,0,0,0.9749279121818236,-0.22252093395631434,3,0,0,1,0,0,0,0,0,0,0,0,0,0,1.0,0,0.0,0,0.0,0,0.0,0,0.0,0,0.0,0,0.0,0,0.0,0,0.0,0,0.0,0,0.0,0,0.0,0,0.0,0,0.0,0,0,0.3333333333333333,2,16.6,92,22.0,1
2016-03-10,1550,3,0,0,0,1,0,0,0,0.43388373911755823,-0.900968867902419,3,0,0,1,0,0,0,0,0,0,0,0,0,0,0.0,0,0.0,0,0.0,0,0.0,0,0.0,0,0.0,0,0.0,0,0.0,0,0.0,0,0.0,0,0.0,0,0.0,0,0.0,0,0.0,0,0,0.4166666666666667,2,11.4,95,51.5,1
2016-03-11,2068,4,0,0,0,0,1,0,0,-0.433883739117558,-0.9009688679024191,3,0,0,1,0,0,0,0,0,0,0,0,0,0,0.0,0,0.0,0,0.0,0,0.0,0,0.0,0,0.0,0,0.0,0,0.0,0,0.0,0,0.0,0,0.0,0,0.0,0,0.0,0,0.0,0,0,0.5,2,11.4,94,15.5,1
2016-03-12,3682,5,0,0,0,0,0,1,0,-0.9749279121818236,-0.2225209339563146,3,0,0,1,0,0,0,0,0,0,0,0,0,0,0.0,0,0.0,0,0.0,0,0.0,0,0.0,0,0.0,0,0.0,0,0.0,0,0.0,0,0.0,0,0.0,0,0.0,0,0.0,0,0.0,0,0,0.5833333333333334,2,14.1,95,4.5,1
2016-03-13,3926,6,0,0,0,0,0,0,1,-0.7818314824680299,0.6234898018587334,3,0,0,1,0,0,0,0,0,0,0,0,0,0,0.0,0,0.0,0,0.0,0,0.0,0,0.0,0,0.0,0,0.0,0,0.0,0,0.0,0,0.0,0,0.0,0,0.0,0,0.0,0,0.0,0,0,0.6666666666666666,2,16.0,97,37.0,1
2016-03-14,2018,0,1,0,0,0,0,0,0,0.0,1.0,3,0,0,1,0,0,0,0,0,0,0,0,0,0,0.0,0,0.0,0,0.0,0,0.0,0,0.0,0,0.0,0,0.0,0,0.0,0,0.0,0,0.0,0,0.0,0,0.0,0,0.0,0,0.0,0,0,0.75,2,13.3,81,11.5,1
2016-03-15,1518,1,0,1,0,0,0,0,0,0.7818314824680298,0.6234898018587336,3,0,0,1,0,0,0,0,0,0,0,0,0,0,0.0,0,0.0,0,0.0,0,0.0,0,0.0,0,0.0,0,0.0,0,0.0,0,0.0,0,0.0,0,0.0,0,0.0,0,0.0,0,0.0,0,0,0.8333333333333334,2,13.2,92,12.0,1
2016-03-16,2004,2,0,0,1,0,0,0,0,0.9749279121818236,-0.22252093395631434,3,0,0,1,0,0,0,0,0,0,0,0,0,0,0.0,0,0.0,0,0.0,0,0.0,0,0.0,0,0.0,0,0.0,0,0.0,0,0.0,0,0.0,0,0.0,0,0.0,0,0.0,0,0.0,0,0,0.9166666666666666,2,15.1,98,5.5,1
2016-03-17,2053,3,0,0,0,1,0,0,0,0.43388373911755823,-0.900968867902419,3,0,0,1,0,0,0,0,0,0,0,0,0,0,0.0,0,0.0,0,0.0,0,0.0,0,0.0,0,0.0,0,0.0,0,0.0,0,0.0,0,0.0,0,0.0,0,0.0,0,0.0,0,0.0,0,0,1.0,2,18.1,95,1.0,1
2016-03-18,1878,4,0,0,0,0,1,0,0,-0.433883739117558,-0.9009688679024191,3,0,0,1,0,0,0,0,0,0,0,0,0,0,0.0,0,0.0,0,0.0,0,0.0,0,0.0,0,0.0,0,0.0,0,0.0,0,0.0,0,0.0,0,0.0,0,0.0,0,0.0,0,0.0,0,0,0.0,2,19.6,97,23.5,1
2016-03-19,3864,5,0,0,0,0,0,1,0,-0.9749279121818236,-0.2225209339563146,3,0,0,1,0,0,0,0,0,0,0,0,0,0,0.0,0,0.0,0,0.0,0,0.0,0,0.0,0,0.0,0,0.0,0,0.0,0,0.0,0,0.0,0,-1.0,0,0.0,0,0.0,0,0.0,0,0,0.0,2,19.0,96,11.5,1
2016-03-20,4022,6,0,0,0,0,0,0,1,-0.7818314824680299,0.6234898018587334,3,0,0,1,0,0,0,0,0,0,0,0,0,0,0.0,0,0.0,0,0.0,0,0.0,0,0.0,0,0.0,0,0.0,0,0.0,0,0.0,0,0.0,0,-0.9375,0,0.0,0,0.0,0,0.0,0,0,0.0,2,18.2,82,1.5,1
2016-03-21,1810,0,1,0,0,0,0,0,0,0.0,1.0,3,0,0,1,0,0,0,0,0,0,0,0,0,0,0.0,0,0.0,0,0.0,0,0.0,0,0.0,0,0.0,0,0.0,0,0.0,0,0.0,0,0.0,0,-0.875,0,0.0,0,0.0,0,0.0,0,0,0.0,2,17.3,86,5.0,1
2016-03-22,1997,1,0,1,0,0,0,0,0,0.7818314824680298,0.6234898018587336,3,0,0,1,0,0,0,0,0,0,0,0,0,0,0.0,0,0.0,0,0.0,0,0.0,0,0.0,0,0.0,0,0.0,0,0.0,0,0.0,0,0.0,0,-0.8125,0,0.0,0,0.0,0,0.0,0,0,0.0,2,18.6,92,0.5,1
2016-03-23,1550,2,0,0,1,0,0,0,0,0.9749279121818236,-0.22252093395631434,3,0,0,1,0,0,0,0,0,0,0,0,0,0,0.0,0,0.0,0,0.0,0,0.0,0,0.0,0,0.0,0,0.0,0,0.0,0,0.0,0,0.0,0,-0.75,0,0.0,0,0.0,0,0.0,0,0,0.0,2,16.5,94,40.5,1
2016-03-24,1767,3,0,0,0,1,0,0,0,0.43388373911755823,-0.900968867902419,3,0,0,1,0,0,0,0,0,0,0,0,0,0,0.0,0,0.0,0,0.0,0,0.0,0,0.0,0,0.0,0,0.0,0,0.0,0,0.0,0,0.0,0,-0.6875,0,0.0,0,0.0,0,0.0,0,0,-1.0,2,11.8,90,12.0,1
2016-03-25,1955,4,0,0,0,0,1,0,0,-0.433883739117558,-0.9009688679024191,3,0,0,1,0,0,0,0,0,0,0,0,0,0,0.0,0,0.0,0,0.0,0,0.0,0,0.0,0,0.0,0,0.0,0,0.0,0,0.0,0,0.0,0,-0.625,0,0.0,0,0.0,0,0.0,0,0,-0.9166666666666666,2,10.6,95,24.5,1
2016-03-26,3668,5,0,0,0,0,0,1,0,-0.9749279121818236,-0.2225209339563146,3,0,0,1,0,0,0,0,0,0,0,0,0,0,0.0,0,0.0,0,0.0,0,0.0,0,0.0,0,0.0,0,0.0,0,0.0,0,0.0,0,0.0,0,-0.5625,0,0.0,0,0.0,0,0.0,0,0,-0.8333333333333334,2,13.4,65,0.0,0
2016-03-27,3743,6,0,0,0,0,0,0,1,-0.7818314824680299,0.6234898018587334,3,0,0,1,0,0,0,0,0,0,0,0,0,0,0.0,0,0.0,0,0.0,0,0.0,0,0.0,0,0.0,0,0.0,0,0.0,0,0.0,0,0.0,0,-0.5,0,0.0,0,0.0,0,0.0,0,0,-0.75,2,13.3,68,0.0,0
2016-03-28,1943,0,1,0,0,0,0,0,0,0.0,1.0,3,0,0,1,0,0,0,0,0,0,0,0,0,0,0.0,0,0.0,0,0.0,0,0.0,0,0.0,0,0.0,0,0.0,0,0.0,0,0.0,0,0.0,0,-0.4375,0,0.0,0,0.0,0,0.0,0,0,-0.6666666666666666,2,15.7,54,0.0,0
2016-03-29,1892,1,0,1,0,0,0,0,0,0.7818314824680298,0.6234898018587336,3,0,0,1,0,0,0,0,0,0,0,0,0,0,0.0,0,0.0,0,0.0,0,0.0,0,0.0,0,0.0,0,0.0,0,0.0,0,0.0,0,0.0,0,-0.375,0,0.0,0,0.0,0,0.0,0,0,-0.5833333333333334,2,18.1,56,0.0,0
2016-03-30,1918,2,0,0,1,0,0,0,0,0.9749279121818236,-0.22252093395631434,3,0,0,1,0,0,0,0,0,0,0,0,0,0,0.0,0,0.0,0,0.0,0,0.0,0,0.0,0,0.0,0,0.0,0,0.0,0,0.0,0,0.0,0,-0.3125,0,0.0,0,0.0,0,0.0,0,0,-0.5,2,19.5,66,0.0,0
2016-03-31,1868,3,0,0,0,1,0,0,0,0.43388373911755823,-0.900968867902419,3,0,0,1,0,0,0,0,0,0,0,0,0,0,0.0,0,0.0,0,0.0,0,0.0,0,0.0,0,0.0,0,0.0,0,0.0,0,0.0,0,0.0,0,-0.25,0,0.0,0,0.0,0,0.0,0,0,-0.4166666666666667,2,19.4,80,0.0,0
2016-04-01,2095,4,0,0,0,0,1,0,0,-0.433883739117558,-0.9009688679024191,4,0,0,0,1,0,0,0,0,0,0,0,0,0,0.0,0,0.0,0,0.0,0,0.0,0,0.0,0,0.0,0,0.0,0,0.0,0,0.0,0,0.0,0,-0.1875,0,0.0,0,0.0,0,0.0,0,0,-0.3333333333333333,2,21.2,72,0.0,0
2016-04-02,3010,5,0,0,0,0,0,1,0,-0.9749279121818236,-0.2225209339563146,4,0,0,0,1,0,0,0,0,0,0,0,0,0,0.0,0,0.0,0,0.0,0,0.0,0,0.0,0,0.0,0,0.0,0,0.0,0,0.0,0,0.0,0,-0.125,0,0.0,0,0.0,0,0.0,0,0,-0.25,2,23.1,74,0.0,0
2016-04-03,3106,6,0,0,0,0,0,0,1,-0.7818314824680299,0.6234898018587334,4,0,0,0,1,0,0,0,0,0,0,0,0,0,0.0,0,0.0,0,0.0,0,0.0,0,0.0,0,0.0,0,0.0,0,0.0,0,0.0,0,0.0,0,-0.0625,0,0.0,0,0.0,0,0.0,0,0,-0.16666666666666666,2,24.3,78,0.0,0
2016-04-04,2829,0,1,0,0,0,0,0,0,0.0,1.0,4,0,0,0,1,0,0,0,0,0,0,0,0,0,0.0,0,0.0,0,0.0,0,0.0,0,0.0,0,0.0,0,0.0,0,0.0,0,0.0,0,0.0,1,0.0,0,0.0,0,0.0,0,0.0,0,0,-0.08333333333333333,2,23.4,81,0.0,0
2016-04-05,3100,1,0,1,0,0,0,0,0,0.7818314824680298,0.6234898018587336,4,0,0,0,1,0,0,0,0,0,0,0,0,0,0.0,0,0.0,0,0.0,0,0.0,0,0.0,0,0.0,0,0.0,0,0.0,0,0.0,0,0.0,0,0.0625,0,0.0,0,0.0,0,0.0,0,1,0.0,2,23.2,78,0.0,0
2016-04-06,1769,2,0,0,1,0,0,0,0,0.9749279121818236,-0.22252093395631434,4,0,0,0,1,0,0,0,0,0,0,0,0,0,0.0,0,0.0,0,0.0,0,0.0,0,0.0,0,0.0,0,0.0,0,0.0,0,0.0,0,0.0,0,0.125,0,0.0,0,0.0,0,0.0,0,0,0.08333333333333333,2,24.6,76,0.0,0
2016-04-07,1762,3,0,0,0,1,0,0,0,0.43388373911755823,-0.900968867902419,4,0,0,0,1,0,0,0,0,0,0,0,0,0,0.0,0,0.0,0,0.0,0,0.0,0,0.0,0,0.0,0,0.0,0,0.0,0,0.0,0,0.0,0,0.1875,0,0.0,0,0.0,0,0.0,0,0,0.16666666666666666,2,26.3,77,0.0,0
2016-04-08,1897,4,0,0,0,0,1,0,0,-0.433883739117558,-0.9009688679024191,4,0,0,0,1,0,0,0,0,0,0,0,0,0,0.0,0,0.0,0,0.0,0,0.0,0,0.0,0,0.0,0,0.0,0,0.0,0,0.0,0,0.0,0,0.25,0,0.0,0,0.0,0,0.0,0,0,0.25,2,23.7,81,0.0,0
2016-04-09,2958,5,0,0,0,0,0,1,0,-0.9749279121818236,-0.2225209339563146,4,0,0,0,1,0,0,0,0,0,0,0,0,0,0.0,0,0.0,0,0.0,0,0.0,0,0.0,0,0.0,0,0.0,0,0.0,0,0.0,0,0.0,0,0.3125,0,0.0,0,0.0,0,0.0,0,0,0.3333333333333333,2,23.0,80,0.0,0
2016-04-10,3538,6,0,0,0,0,0,0,1,-0.7818314824680299,0.6234898018587334,4,0,0,0,1,0,0,0,0,0,0,0,0,0,0.0,0,0.0,0,0.0,0,0.0,0,0.0,0,0.0,0,0.0,0,0.0,0,0.0,0,0.0,0,0.375,0,0.0,0,0.0,0,0.0,0,0,0.4166666666666667,2,22.1,87,10.5,1
2016-04-11,1867,0,1,0,0,0,0,0,0,0.0,1.0,4,0,0,0,1,0,0,0,0,0,0,0,0,0,0.0,0,0.0,0,0.0,0,0.0,0,0.0,0,0.0,0,0.0,0,0.0,0,0.0,0,0.0,0,0.4375,0,0.0,0,0.0,0,0.0,0,0,0.5,2,20.1,89,9.5,1
2016-04-12,1869,1,0,1,0,0,0,0,0,0.7818314824680298,0.6234898018587336,4,0,0,0,1,0,0,0,0,0,0,0,0,0,0.0,0,0.0,0,0.0,0,0.0,0,0.0,0,0.0,0,0.0,0,0.0,0,0.0,0,0.0,0,0.5,0,0.0,0,0.0,0,0.0,0,0,0.5833333333333334,2,22.2,86,4.5,1
2016-04-13,1605,2,0,0,1,0,0,0,0,0.9749279121818236,-0.22252093395631434,4,0,0,0,1,0,0,0,0,0,0,0,0,0,0.0,0,0.0,0,0.0,0,0.0,0,0.0,0,0.0,0,0.0,0,0.0,0,0.0,0,0.0,0,0.5625,0,0.0,0,0.0,0,0.0,0,0,0.6666666666666666,2,21.3,91,65.0,1
2016-04-14,1765,3,0,0,0,1,0,0,0,0.43388373911755823,-0.900968867902419,4,0,0,0,1,0,0,0,0,0,0,0,0,0,0.0,0,0.0,0,0.0,0,0.0,0,0.0,0,0.0,0,0.0,0,0.0,0,0.0,0,0.0,0,0.625,0,0.0,0,0.0,0,0.0,0,0,0.75,2,20.8,91,20.5,1
2016-04-15,1999,4,0,0,0,0,1,0,0,-0.433883739117558,-0.9009688679024191,4,0,0,0,1,0,0,0,0,0,0,0,0,0,0.0,0,0.0,0,0.0,0,0.0,0,0.0,0,0.0,0,0.0,0,0.0,0,0.0,0,0.0,0,0.6875,0,0.0,0,0.0,0,0.0,0,0,0.8333333333333334,2,21.1,86,4.0,1
2016-04-16,3575,5,0,0,0,0,0,1,0,-0.9749279121818236,-0.2225209339563146,4,0,0,0,1,0,0,0,0,0,0,0,0,0,0.0,0,0.0,0,0.0,0,0.0,0,0.0,0,0.0,0,0.0,0,0.0,0,0.0,0,0.0,0,0.75,0,0.0,0,0.0,0,0.0,0,0,0.9166666666666666,2,25.0,78,0.0,0
2016-04-17,3939,6,0,0,0,0,0,0,1,-0.7818314824680299,0.6234898018587334,4,0,0,0,1,0,0,0,0,0,0,0,0,0,0.0,0,0.0,0,0.0,0,0.0,0,0.0,0,0.0,0,0.0,0,0.0,0,0.0,0,0.0,0,0.8125,0,0.0,0,0.0,0,0.0,0,0,1.0,2,22.7,83,2.0,1
2016-04-18,1692,0,1,0,0,0,0,0,0,0.0,1.0,4,0,0,0,1,0,0,0,0,0,0,0,0,0,0.0,0,0.0,0,0.0,0,0.0,0,0.0,0,0.0,0,0.0,0,0.0,0,0.0,0,0.0,0,0.875,0,0.0,0,0.0,0,0.0,0,0,0.0,2,18.5,90,12.5,1
2016-04-19,1947,1,0,1,0,0,0,0,0,0.7818314824680298,0.6234898018587336,4,0,0,0,1,0,0,0,0,0,0,0,0,0,0.0,0,0.0,0,0.0,0,0.0,0,0.0,0,0.0,0,0.0,0,0.0,0,0.0,0,0.0,0,0.9375,0,0.0,0,0.0,0,0.0,0,0,0.0,2,22.0,70,0.0,0
2016-04-20,1953,2,0,0,1,0,0,0,0,0.9749279121818236,-0.22252093395631434,4,0,0,0,1,0,0,0,0,0,0,0,0,0,0.0,0,0.0,0,0.0,0,0.0,0,0.0,0,0.0,0,0.0,0,0.0,0,0.0,0,0.0,0,1.0,0,0.0,0,0.0,0,0.0,0,0,0.0,2,24.3,75,0.0,0
2016-04-21,1838,3,0,0,0,1,0,0,0,0.43388373911755823,-0.900968867902419,4,0,0,0,1,0,0,0,0,0,0,0,0,0,0.0,0,0.0,0,0.0,0,0.0,0,0.0,0,0.0,0,0.0,0,0.0,0,0.0,0,0.0,0,0.0,0,0.0,0,0.0,0,0.0,0,0,0.0,2,26.9,77,0.0,0
2016-04-22,1947,4,0,0,0,0,1,0,0,-0.433883739117558,-0.9009688679024191,4,0,0,0,1,0,0,0,0,0,0,0,0,0,0.0,0,0.0,0,-1.0,0,0.0,0,0.0,0,0.0,0,0.0,0,0.0,0,0.0,0,0.0,0,0.0,0,0.0,0,0.0,0,0.0,0,0,0.0,2,26.7,76,0.0,0
2016-04-23,3239,5,0,0,0,0,0,1,0,-0.9749279121818236,-0.2225209339563146,4,0,0,0,1,0,0,0,0,0,0,0,0,0,0.0,0,0.0,0,-0.9375,0,0.0,0,0.0,0,0.0,0,0.0,0,0.0,0,0.0,0,0.0,0,0.0,0,0.0,0,0.0,0,0.0,0,0,-1.0,2,26.3,77,0.0,0
2016-04-24,3895,6,0,0,0,0,0,0,1,-0.7818314824680299,0.6234898018587334,4,0,0,0,1,0,0,0,0,0,0,0,0,0,0.0,0,0.0,0,-0.875,0,0.0,0,0.0,0,0.0,0,0.0,0,0.0,0,0.0,0,0.0,0,0.0,0,0.0,0,0.0,0,0.0,0,0,-0.9166666666666666,2,25.2,82,3.0,1
2016-04-25,1978,0,1,0,0,0,0,0,0,0.0,1.0,4,0,0,0,1,0,0,0,0,0,0,0,0,0,0.0,0,0.0,0,-0.8125,0,0.0,0,0.0,0,0.0,0,0.0,0,0.0,0,0.0,0,0.0,0,0.0,0,0.0,0,0.0,0,0.0,0,0,-0.8333333333333334,2,25.0,82,1.5,1
2016-04-26,1880,1,0,1,0,0,0,0,0,0.7818314824680298,0.6234898018587336,4,0,0,0,1,0,0,0,0,0,0,0,0,0,0.0,0,0.0,0,-0.75,0,0.0,0,0.0,0,0.0,0,0.0,0,0.0,0,0.0,0,0.0,0,0.0,0,0.0,0,0.0,0,0.0,0,0,-0.75,2,26.4,77,0.0,0
2016-04-27,2032,2,0,0,1,0,0,0,0,0.9749279121818236,-0.22252093395631434,4,0,0,0,1,0,0,0,0,0,0,0,0,0,0.0,0,0.0,0,-0.6875,0,0.0,0,0.0,0,0.0,0,0.0,0,0.0,0,0.0,0,0.0,0,0.0,0,0.0,0,0.0,0,0.0,0,0,-0.6666666666666666,2,26.2,78,26.5,1
2016-04-28,1932,3,0,0,0,1,0,0,0,0.43388373911755823,-0.900968867902419,4,0,0,0,1,0,0,0,0,0,0,0,0,0,0.0,0,0.0,0,-0.625,0,0.0,0,0.0,0,0.0,0,0.0,0,0.0,0,0.0,0,0.0,0,0.0,0,0.0,0,0.0,0,0.0,0,0,-0.5833333333333334,2,21.8,80,8.0,1
2016-04-29,2056,4,0,0,0,0,1,0,0,-0.433883739117558,-0.9009688679024191,4,0,0,0,1,0,0,0,0,0,0,0,0,0,0.0,0,0.0,0,-0.5625,0,0.0,0,0.0,0,0.0,0,0.0,0,0.0,0,0.0,0,0.0,0,0.0,0,0.0,0,0.0,0,0.0,0,0,-0.5,2,22.3,55,0.0,0
2016-04-30,3184,5,0,0,0,0,0,1,0,-0.9749279121818236,-0.2225209339563146,4,0,0,0,1,0,0,0,0,0,0,0,0,0,0.0,0,0.0,0,-0.5,0,0.0,0,0.0,0,0.0,0,0.0,0,0.0,0,0.0,0,0.0,0,0.0,0,0.0,0,0.0,0,0.0,0,0,-0.4166666666666667,2,22.8,70,0.5,1
2016-05-01,3998,6,0,0,0,0,0,0,1,-0.7818314824680299,0.6234898018587334,5,0,0,0,0,1,0,0,0,0,0,0,0,0,0.0,0,0.0,0,-0.4375,0,0.0,0,0.0,0,0.0,0,0.0,0,0.0,0,0.0,0,0.0,0,0.0,0,0.0,0,0.0,0,0.0,0,0,-0.3333333333333333,2,22.7,85,3.5,1
2016-05-02,3042,0,1,0,0,0,0,0,0,0.0,1.0,5,0,0,0,0,1,0,0,0,0,0,0,0,0,0.0,0,0.0,0,-0.375,0,0.0,0,0.0,0,0.0,0,0.0,0,0.0,0,0.0,0,0.0,0,0.0,0,0.0,0,0.0,0,0.0,0,0,-0.25,2,27.1,71,0.0,0
2016-05-03,1864,1,0,1,0,0,0,0,0,0.7818314824680298,0.6234898018587336,5,0,0,0,0,1,0,0,0,0,0,0,0,0,0.0,0,0.0,0,-0.3125,0,0.0,0,0.0,0,0.0,0,0.0,0,0.0,0,0.0,0,0.0,0,0.0,0,0.0,0,0.0,0,0.0,0,0,-0.16666666666666666,2,27.3,72,4.5,1
2016-05-04,1995,2,0,0,1,0,0,0,0,0.9749279121818236,-0.22252093395631434,5,0,0,0,0,1,0,0,0,0,0,0,0,0,0.0,0,0.0,0,-0.25,0,0.0,0,0.0,0,0.0,0,0.0,0,0.0,0,0.0,0,0.0,0,0.0,0,0.0,0,0.0,0,0.0,0,0,-0.08333333333333333,2,27.1,72,0.0,0
2016-05-05,1946,3,0,0,0,1,0,0,0,0.43388373911755823,-0.900968867902419,5,0,0,0,0,1,0,0,0,0,0,0,0,0,0.0,0,0.0,0,-0.1875,0,0.0,0,0.0,0,0.0,0,0.0,0,0.0,0,0.0,0,0.0,0,0.0,0,0.0,0,0.0,0,0.0,0,1,0.0,2,26.9,79,6.0,1
2016-05-06,2312,4,0,0,0,0,1,0,0,-0.433883739117558,-0.9009688679024191,5,0,0,0,0,1,0,0,0,0,0,0,0,0,0.0,0,0.0,0,-0.125,0,0.0,0,0.0,0,0.0,0,0.0,0,0.0,0,0.0,0,0.0,0,0.0,0,0.0,0,0.0,0,0.0,0,0,0.08333333333333333,2,28.7,71,0.0,0
2016-05-07,3565,5,0,0,0,0,0,1,0,-0.9749279121818236,-0.2225209339563146,5,0,0,0,0,1,0,0,0,0,0,0,0,0,0.0,0,0.0,0,-0.0625,0,0.0,0,0.0,0,0.0,0,0.0,0,0.0,0,0.0,0,0.0,0,0.0,0,0.0,0,0.0,0,0.0,0,0,0.16666666666666666,2,29.1,71,0.0,0
2016-05-08,3739,6,0,0,0,0,0,0,1,-0.7818314824680299,0.6234898018587334,5,0,0,0,0,1,0,0,0,0,0,0,0,0,0.0,0,0.0,1,0.0,0,0.0,0,0.0,0,0.0,0,0.0,0,0.0,0,0.0,0,0.0,0,0.0,0,0.0,0,0.0,0,0.0,0,0,0.25,2,28.1,74,0.0,0
2016-05-09,1978,0,1,0,0,0,0,0,0,0.0,1.0,5,0,0,0,0,1,0,0,0,0,0,0,0,0,0.0,0,0.0,0,0.0625,0,0.0,0,0.0,0,0.0,0,0.0,0,0.0,0,0.0,0,0.0,0,0.0,0,0.0,0,0.0,0,0.0,0,0,0.3333333333333333,2,28.6,70,0.0,0
2016-05-10,1677,1,0,1,0,0,0,0,0,0.7818314824680298,0.6234898018587336,5,0,0,0,0,1,0,0,0,0,0,0,0,0,0.0,0,0.0,0,0.125,0,0.0,0,0.0,0,0.0,0,0.0,0,0.0,0,0.0,0,0.0,0,0.0,0,0.0,0,0.0,0,0.0,0,0,0.4166666666666667,2,27.3,75,7.0,1
2016-05-11,2242,2,0,0,1,0,0,0,0,0.9749279121818236,-0.22252093395631434,5,0,0,0,0,1,0,0,0,0,0,0,0,0,0.0,0,0.0,0,0.1875,0,0.0,0,0.0,0,0.0,0,0.0,0,0.0,0,0.0,0,0.0,0,0.0,0,0.0,0,0.0,0,0.0,0,0,0.5,2,21.6,76,29.5,1
2016-05-12,2151,3,0,0,0,1,0,0,0,0.43388373911755823,-0.900968867902419,5,0,0,0,0,1,0,0,0,0,0,0,0,0,0.0,0,0.0,0,0.25,0,0.0,0,0.0,0,0.0,0,0.0,0,0.0,0,0.0,0,0.0,0,0.0,0,0.0,0,0.0,0,0.0,0,0,0.5833333333333334,2,26.1,71,0.0,0
2016-05-13,2320,4,0,0,0,0,1,0,0,-0.433883739117558,-0.9009688679024191,5,0,0,0,0,1,0,0,0,0,0,0,0,0,0.0,0,0.0,0,0.3125,0,0.0,0,0.0,0,0.0,0,0.0,0,0.0,0,0.0,0,0.0,0,0.0,0,0.0,0,0.0,0,0.0,0,0,0.6666666666666666,2,28.0,70,0.0,0
2016-05-14,3764,5,0,0,0,0,0,1,0,-0.9749279121818236,-0.2225209339563146,5,0,0,0,0,1,0,0,0,0,0,0,0,0,0.0,0,0.0,0,0.375,0,0.0,0,0.0,0,0.0,0,0.0,0,0.0,0,0.0,0,0.0,0,0.0,0,0.0,0,0.0,0,0.0,0,0,0.75,2,29.1,65,0.0,0
2016-05-15,4350,6,0,0,0,0,0,0,1,-0.7818314824680299,0.6234898018587334,5,0,0,0,0,1,0,0,0,0,0,0,0,0,0.0,0,0.0,0,0.4375,0,0.0,0,0.0,0,0.0,0,0.0,0,0.0,0,0.0,0,0.0,0,0.0,0,0.0,0,0.0,0,0.0,0,0,0.8333333333333334,2,28.6,69,0.0,0
2016-05-16,1826,0,1,0,0,0,0,0,0,0.0,1.0,5,0,0,0,0,1,0,0,0,0,0,0,0,0,0.0,0,0.0,0,0.5,0,0.0,0,0.0,0,0.0,0,0.0,0,0.0,0,0.0,0,0.0,0,0.0,0,0.0,0,0.0,0,0.0,0,0,0.9166666666666666,2,21.3,85,159.5,1
2016-05-17,2065,1,0,1,0,0,0,0,0,0.7818314824680298,0.6234898018587336,5,0,0,0,0,1,0,0,0,0,0,0,0,0,0.0,0,0.0,0,0.5625,0,0.0,0,0.0,0,0.0,0,0.0,0,0.0,0,0.0,0,0.0,0,0.0,0,0.0,0,0.0,0,0.0,0,0,1.0,2,20.3,71,0.0,0
2016-05-18,2036,2,0,0,1,0,0,0,0,0.9749279121818236,-0.22252093395631434,5,0,0,0,0,1,0,0,0,0,0,0,0,0,0.0,0,0.0,0,0.625,0,0.0,0,0.0,0,0.0,0,0.0,0,0.0,0,0.0,0,0.0,0,0.0,0,0.0,0,0.0,0,0.0,0,0,0.0,2,23.2,81,0.0,0
2016-05-19,1981,3,0,0,0,1,0,0,0,0.43388373911755823,-0.900968867902419,5,0,0,0,0,1,0,0,0,0,0,0,0,0,0.0,0,0.0,0,0.6875,0,0.0,0,0.0,0,0.0,0,0.0,0,0.0,0,0.0,0,0.0,0,0.0,0,0.0,0,0.0,0,0.0,0,0,0.0,2,24.8,75,0.0,0
2016-05-20,2163,4,0,0,0,0,1,0,0,-0.433883739117558,-0.9009688679024191,5,0,0,0,0,1,0,0,0,0,0,0,0,0,0.0,0,0.0,0,0.75,0,0.0,0,0.0,0,0.0,0,0.0,0,0.0,0,0.0,0,0.0,0,0.0,0,0.0,0,0.0,0,0.0,0,0,0.0,2,25.3,74,0.0,0
2016-05-21,3443,5,0,0,0,0,0,1,0,-0.9749279121818236,-0.2225209339563146,5,0,0,0,0,1,0,0,0,0,0,0,0,0,0.0,0,0.0,0,0.8125,0,0.0,0,0.0,0,0.0,0,0.0,0,0.0,0,0.0,0,0.0,0,0.0,0,0.0,0,0.0,0,0.0,0,0,0.0,2,25.3,84,1.0,1
2016-05-22,3998,6,0,0,0,0,0,0,1,-0.7818314824680299,0.6234898018587334,5,0,0,0,0,1,0,0,0,0,0,0,0,0,0.0,0,0.0,0,0.875,0,0.0,0,0.0,0,0.0,0,0.0,0,0.0,0,0.0,0,0.0,0,0.0,0,0.0,0,0.0,0,0.0,0,0,0.0,2,25.8,85,4.5,1
2016-05-23,1886,0,1,0,0,0,0,0,0,0.0,1.0,5,0,0,0,0,1,0,0,0,0,0,0,0,0,0.0,0,0.0,0,0.9375,0,0.0,0,0.0,0,0.0,0,0.0,0,0.0,0,0.0,0,0.0,0,0.0,0,0.0,0,0.0,0,0.0,0,0,0.0,2,26.1,87,9.5,1
2016-05-24,1997,1,0,1,0,0,0,0,0,0.7818314824680298,0.6234898018587336,5,0,0,0,0,1,0,0,0,0,0,0,0,0,0.0,0,-1.0,0,1.0,0,0.0,0,0.0,0,0.0,0,0.0,0,0.0,0,0.0,0,0.0,0,0.0,0,0.0,0,0.0,0,0.0,0,0,-1.0,2,25.6,85,1.0,1
2016-05-25,2325,2,0,0,1,0,0,0,0,0.9749279121818236,-0.22252093395631434,5,0,0,0,0,1,0,0,0,0,0,0,0,0,0.0,0,-0.9375,0,0.0,0,0.0,0,0.0,0,0.0,0,0.0,0,0.0,0,0.0,0,0.0,0,0.0,0,0.0,0,0.0,0,0.0,0,0,-0.9166666666666666,2,26.4,80,0.0,0
2016-05-26,2098,3,0,0,0,1,0,0,0,0.43388373911755823,-0.900968867902419,5,0,0,0,0,1,0,0,0,0,0,0,0,0,0.0,0,-0.875,0,0.0,0,0.0,0,0.0,0,0.0,0,0.0,0,0.0,0,0.0,0,0.0,0,0.0,0,0.0,0,0.0,0,0.0,0,0,-0.8333333333333334,2,27.9,76,0.0,0
2016-05-27,2028,4,0,0,0,0,1,0,0,-0.433883739117558,-0.9009688679024191,5,0,0,0,0,1,0,0,0,0,0,0,0,0,0.0,0,-0.8125,0,0.0,0,0.0,0,0.0,0,0.0,0,0.0,0,0.0,0,0.0,0,0.0,0,0.0,0,0.0,0,0.0,0,0.0,0,0,-0.75,2,28.2,80,10.0,1
2016-05-28,3803,5,0,0,0,0,0,1,0,-0.9749279121818236,-0.2225209339563146,5,0,0,0,0,1,0,0,0,0,0,0,0,0,0.0,0,-0.75,0,0.0,0,0.0,0,0.0,0,0.0,0,0.0,0,0.0,0,0.0,0,0.0,0,0.0,0,0.0,0,0.0,0,0.0,0,0,-0.6666666666666666,2,29.9,72,0.0,0
2016-05-29,4276,6,0,0,0,0,0,0,1,-0.7818314824680299,0.6234898018587334,5,0,0,0,0,1,0,0,0,0,0,0,0,0,0.0,0,-0.6875,0,0.0,0,0.0,0,0.0,0,0.0,0,0.0,0,0.0,0,0.0,0,0.0,0,0.0,0,0.0,0,0.0,0,0.0,0,0,-0.5833333333333334,2,31.0,64,0.0,0
2016-05-30,2179,0,1,0,0,0,0,0,0,0.0,1.0,5,0,0,0,0,1,0,0,0,0,0,0,0,0,0.0,0,-0.625,0,0.0,0,0.0,0,0.0,0,0.0,0,0.0,0,0.0,0,0.0,0,0.0,0,0.0,0,0.0,0,0.0,0,0.0,0,0,-0.5,2,30.3,72,0.0,0
2016-05-31,2138,1,0,1,0,0,0,0,0,0.7818314824680298,0.6234898018587336,5,0,0,0,0,1,0,0,0,0,0,0,0,0,0.0,0,-0.5625,0,0.0,0,0.0,0,0.0,0,0.0,0,0.0,0,0.0,0,0.0,0,0.0,0,0.0,0,0.0,0,0.0,0,0.0,0,0,-0.4166666666666667,2,31.3,65,0.0,0
2016-06-01,2190,2,0,0,1,0,0,0,0,0.9749279121818236,-0.22252093395631434,6,0,0,0,0,0,1,0,0,0,0,0,0,0,0.0,0,-0.5,0,0.0,0,0.0,0,0.0,0,0.0,0,0.0,0,0.0,0,0.0,0,0.0,0,0.0,0,0.0,0,0.0,0,0.0,0,0,-0.3333333333333333,2,31.8,60,0.0,0
2016-06-02,1724,3,0,0,0,1,0,0,0,0.43388373911755823,-0.900968867902419,6,0,0,0,0,0,1,0,0,0,0,0,0,0,0.0,0,-0.4375,0,0.0,0,0.0,0,0.0,0,0.0,0,0.0,0,0.0,0,0.0,0,0.0,0,0.0,0,0.0,0,0.0,0,0.0,0,0,-0.25,2,27.2,85,72.0,1
2016-06-03,2255,4,0,0,0,0,1,0,0,-0.433883739117558,-0.9009688679024191,6,0,0,0,0,0,1,0,0,0,0,0,0,0,0.0,0,-0.375,0,0.0,0,0.0,0,0.0,0,0.0,0,0.0,0,0.0,0,0.0,0,0.0,0,0.0,0,0.0,0,0.0,0,0.0,0,0,-0.16666666666666666,2,29.4,80,16.5,1
2016-06-04,3411,5,0,0,0,0,0,1,0,-0.9749279121818236,-0.2225209339563146,6,0,0,0,0,0,1,0,0,0,0,0,0,0,0.0,0,-0.3125,0,0.0,0,0.0,0,0.0,0,0.0,0,0.0,0,0.0,0,0.0,0,0.0,0,0.0,0,0.0,0,0.0,0,0.0,0,0,-0.08333333333333333,2,31.2,69,0.0,0
2016-06-05,4447,6,0,0,0,0,0,0,1,-0.7818314824680299,0.6234898018587334,6,0,0,0,0,0,1,0,0,0,0,0,0,0,0.0,0,-0.25,0,0.0,0,0.0,0,0.0,0,0.0,0,0.0,0,0.0,0,0.0,0,0.0,0,0.0,0,0.0,0,0.0,0,0.0,0,1,0.0,2,28.7,76,0.5,1
2016-06-06,2079,0,1,0,0,0,0,0,0,0.0,1.0,6,0,0,0,0,0,1,0,0,0,0,0,0,0,0.0,0,-0.1875,0,0.0,0,0.0,0,0.0,0,0.0,0,0.0,0,0.0,0,0.0,0,0.0,0,0.0,0,0.0,0,0.0,0,0.0,0,0,0.08333333333333333,2,26.4,84,10.5,1
2016-06-07,2250,1,0,1,0,0,0,0,0,0.7818314824680298,0.6234898018587336,6,0,0,0,0,0,1,0,0,0,0,0,0,0,0.0,0,-0.125,0,0.0,0,0.0,0,0.0,0,0.0,0,0.0,0,0.0,0,0.0,0,0.0,0,0.0,0,0.0,0,0.0,0,0.0,0,0,0.16666666666666666,2,28.1,77,2.5,1
2016-06-08,2520,2,0,0,1,0,0,0,0,0.9749279121818236,-0.22252093395631434,6,0,0,0,0,0,1,0,0,0,0,0,0,0,0.0,0,-0.0625,0,0.0,0,0.0,0,0.0,0,0.0,0,0.0,0,0.0,0,0.0,0,0.0,0,0.0,0,0.0,0,0.0,0,0.0,0,0,0.25,2,29.2,69,0.0,0
2016-06-09,3309,3,0,0,0,1,0,0,0,0.43388373911755823,-0.900968867902419,6,0,0,0,0,0,1,0,0,0,0,0,0,0,0.0,1,0.0,0,0.0,0,0.0,0,0.0,0,0.0,0,0.0,0,0.0,0,0.0,0,0.0,0,0.0,0,0.0,0,0.0,0,0.0,0,0,0.3333333333333333,2,28.8,71,0.0,0
2016-06-10,3147,4,0,0,0,0,1,0,0,-0.433883739117558,-0.9009688679024191,6,0,0,0,0,0,1,0,0,0,0,0,0,0,0.0,0,0.0625,0,0.0,0,0.0,0,0.0,0,0.0,0,0.0,0,0.0,0,0.0,0,0.0,0,0.0,0,0.0,0,0.0,0,0.0,0,0,0.4166666666666667,2,27.3,80,12.0,1
2016-06-11,3501,5,0,0,0,0,0,1,0,-0.9749279121818236,-0.2225209339563146,6,0,0,0,0,0,1,0,0,0,0,0,0,0,0.0,0,0.125,0,0.0,0,0.0,0,0.0,0,0.0,0,0.0,0,0.0,0,0.0,0,0.0,0,0.0,0,0.0,0,0.0,0,0.0,0,0,0.5,2,26.8,81,2.0,1
2016-06-12,3733,6,0,0,0,0,0,0,1,-0.7818314824680299,0.6234898018587334,6,0,0,0,0,0,1,0,0,0,0,0,0,0,0.0,0,0.1875,0,0.0,0,0.0,0,0.0,0,0.0,0,0.0,0,0.0,0,0.0,0,0.0,0,0.0,0,0.0,0,0.0,0,0.0,0,0,0.5833333333333334,2,28.5,72,0.5,1
2016-06-13,1894,0,1,0,0,0,0,0,0,0.0,1.0,6,0,0,0,0,0,1,0,0,0,0,0,0,0,0.0,0,0.25,0,0.0,0,0.0,0,0.0,0,0.0,0,0.0,0,0.0,0,0.0,0,0.0,0,0.0,0,0.0,0,0.0,0,0.0,0,0,0.6666666666666666,2,28.6,69,39.5,1
2016-06-14,1569,1,0,1,0,0,0,0,0,0.7818314824680298,0.6234898018587336,6,0,0,0,0,0,1,0,0,0,0,0,0,0,0.0,0,0.3125,0,0.0,0,0.0,0,0.0,0,0.0,0,0.0,0,0.0,0,0.0,0,0.0,0,0.0,0,0.0,0,0.0,0,0.0,0,0,0.75,2,25.2,92,71.0,1
2016-06-15,2109,2,0,0,1,0,0,0,0,0.9749279121818236,-0.22252093395631434,6,0,0,0,0,0,1,0,0,0,0,0,0,0,0.0,0,0.375,0,0.0,0,0.0,0,0.0,0,0.0,0,0.0,0,0.0,0,0.0,0,0.0,0,0.0,0,0.0,0,0.0,0,0.0,0,0,0.8333333333333334,2,29.4,75,0.5,1
2016-06-16,2048,3,0,0,0,1,0,0,0,0.43388373911755823,-0.900968867902419,6,0,0,0,0,0,1,0,0,0,0,0,0,0,0.0,0,0.4375,0,0.0,0,0.0,0,0.0,0,0.0,0,0.0,0,0.0,0,0.0,0,0.0,0,0.0,0,0.0,0,0.0,0,0.0,0,0,0.9166666666666666,2,31.0,66,0.0,0
2016-06-17,2153,4,0,0,0,0,1,0,0,-0.433883739117558,-0.9009688679024191,6,0,0,0,0,0,1,0,0,0,0,0,0,0,0.0,0,0.5,0,0.0,0,0.0,0,0.0,0,0.0,0,0.0,0,0.0,0,0.0,0,0.0,0,0.0,0,0.0,0,0.0,0,0.0,0,0,1.0,2,29.6,74,16.0,1
2016-06-18,3731,5,0,0,0,0,0,1,0,-0.9749279121818236,-0.2225209339563146,6,0,0,0,0,0,1,0,0,0,0,0,0,0,0.0,0,0.5625,0,0.0,0,0.0,0,0.0,0,0.0,0,0.0,0,0.0,0,0.0,0,0.0,0,0.0,0,0.0,0,0.0,0,0.0,0,0,0.0,2,28.9,73,0.0,0
2016-06-19,4018,6,0,0,0,0,0,0,1,-0.7818314824680299,0.6234898018587334,6,0,0,0,0,0,1,0,0,0,0,0,0,0,0.0,0,0.625,0,0.0,0,0.0,0,0.0,0,0.0,0,0.0,0,0.0,0,0.0,0,0.0,0,0.0,0,0.0,0,0.0,0,0.0,0,0,0.0,2,29.6,68,0.0,0
2016-06-20,2089,0,1,0,0,0,0,0,0,0.0,1.0,6,0,0,0,0,0,1,0,0,0,0,0,0,0,0.0,0,0.6875,0,0.0,0,0.0,0,0.0,0,0.0,0,0.0,0,0.0,0,0.0,0,0.0,0,0.0,0,0.0,0,0.0,0,0.0,0,0,0.0,2,29.9,68,0.0,0
2016-06-21,2011,1,0,1,0,0,0,0,0,0.7818314824680298,0.6234898018587336,6,0,0,0,0,0,1,0,0,0,0,0,0,0,0.0,0,0.75,0,0.0,0,0.0,0,0.0,0,0.0,0,0.0,0,0.0,0,0.0,0,0.0,0,0.0,0,0.0,0,0.0,0,0.0,0,0,0.0,2,30.4,64,0.0,0
2016-06-22,2253,2,0,0,1,0,0,0,0,0.9749279121818236,-0.22252093395631434,6,0,0,0,0,0,1,0,0,0,0,0,0,0,0.0,0,0.8125,0,0.0,0,0.0,0,0.0,0,0.0,0,0.0,0,0.0,0,0.0,0,0.0,0,0.0,0,0.0,0,0.0,0,0.0,0,0,0.0,2,31.4,65,0.0,0
2016-06-23,2119,3,0,0,0,1,0,0,0,0.43388373911755823,-0.900968867902419,6,0,0,0,0,0,1,0,0,0,0,0,0,0,0.0,0,0.875,0,0.0,0,0.0,0,0.0,0,0.0,0,0.0,0,0.0,0,0.0,0,0.0,0,0.0,0,0.0,0,0.0,0,0.0,0,0,-1.0,2,30.9,70,0.0,0
2016-06-24,2112,4,0,0,0,0,1,0,0,-0.433883739117558,-0.9009688679024191,6,0,0,0,0,0,1,0,0,0,0,0,0,0,0.0,0,0.9375,0,0.0,0,0.0,0,0.0,0,0.0,0,0.0,0,0.0,0,0.0,0,0.0,0,0.0,0,0.0,0,0.0,0,0.0,0,0,-0.9166666666666666,2,30.6,66,0.0,0
2016-06-25,3599,5,0,0,0,0,0,1,0,-0.9749279121818236,-0.2225209339563146,6,0,0,0,0,0,1,0,0,0,0,0,0,0,0.0,0,1.0,0,0.0,0,0.0,0,0.0,0,0.0,0,0.0,0,0.0,0,0.0,0,0.0,0,0.0,0,0.0,0,0.0,0,0.0,0,0,-0.8333333333333334,2,30.7,66,0.0,0
2016-06-26,4246,6,0,0,0,0,0,0,1,-0.7818314824680299,0.6234898018587334,6,0,0,0,0,0,1,0,0,0,0,0,0,0,0.0,0,0.0,0,0.0,0,0.0,0,0.0,0,0.0,0,0.0,0,0.0,0,0.0,0,0.0,0,0.0,0,0.0,0,0.0,0,0.0,0,0,-0.75,2,30.9,68,0.0,0
2016-06-27,2167,0,1,0,0,0,0,0,0,0.0,1.0,6,0,0,0,0,0,1,0,0,0,0,0,0,0,0.0,0,0.0,0,0.0,0,0.0,0,0.0,0,0.0,0,0.0,0,0.0,0,0.0,0,0.0,0,0.0,0,0.0,0,0.0,0,0.0,0,0,-0.6666666666666666,2,31.2,66,0.5,1
2016-06-28,1791,1,0,1,0,0,0,0,0,0.7818314824680298,0.6234898018587336,6,0,0,0,0,0,1,0,0,0,0,0,0,0,0.0,0,0.0,0,0.0,0,0.0,0,0.0,0,0.0,0,0.0,0,0.0,0,0.0,0,0.0,0,0.0,0,0.0,0,0.0,0,0.0,0,0,-0.5833333333333334,2,28.7,77,84.0,1
2016-06-29,1917,2,0,0,1,0,0,0,0,0.9749279121818236,-0.22252093395631434,6,0,0,0,0,0,1,0,0,0,0,0,0,0,0.0,0,0.0,0,0.0,0,0.0,0,0.0,0,0.0,0,0.0,0,0.0,0,0.0,0,0.0,0,0.0,0,0.0,0,0.0,0,0.0,0,0,-0.5,2,28.8,78,12.5,1
2016-06-30,2119,3,0,0,0,1,0,0,0,0.43388373911755823,-0.900968867902419,6,0,0,0,0,0,1,0,0,0,0,0,0,0,0.0,0,0.0,0,0.0,0,0.0,0,0.0,0,0.0,0,0.0,0,0.0,0,0.0,0,0.0,0,0.0,0,0.0,0,0.0,0,0.0,0,0,-0.4166666666666667,2,28.9,74,0.0,0
2016-07-01,2200,4,0,0,0,0,1,0,0,-0.433883739117558,-0.9009688679024191,7,0,0,0,0,0,0,1,0,0,0,0,0,0,0.0,0,0.0,0,0.0,0,0.0,0,0.0,0,0.0,0,0.0,0,0.0,0,0.0,0,0.0,0,0.0,0,0.0,0,0.0,0,0.0,0,0,-0.3333333333333333,2,30.0,70,0.0,0
2016-07-02,3462,5,0,0,0,0,0,1,0,-0.9749279121818236,-0.2225209339563146,7,0,0,0,0,0,0,1,0,0,0,0,0,0,0.0,0,0.0,0,0.0,0,0.0,0,0.0,0,0.0,0,0.0,0,0.0,0,0.0,0,0.0,0,0.0,0,0.0,0,0.0,0,0.0,0,0,-0.25,2,28.4,78,16.0,1
2016-07-03,4163,6,0,0,0,0,0,0,1,-0.7818314824680299,0.6234898018587334,7,0,0,0,0,0,0,1,0,0,0,0,0,0,0.0,0,0.0,0,0.0,0,0.0,0,0.0,0,0.0,0,0.0,0,0.0,0,0.0,0,0.0,0,0.0,0,0.0,0,0.0,0,0.0,0,0,-0.16666666666666666,2,28.3,77,8.0,1
2016-07-04,2142,0,1,0,0,0,0,0,0,0.0,1.0,7,0,0,0,0,0,0,1,0,0,0,0,0,0,0.0,0,0.0,0,0.0,0,0.0,0,0.0,0,0.0,0,0.0,0,0.0,0,0.0,0,0.0,0,0.0,0,0.0,0,0.0,0,0.0,0,0,-0.08333333333333333,2,29.5,73,0.5,1
2016-07-05,2194,1,0,1,0,0,0,0,0,0.7818314824680298,0.6234898018587336,7,0,0,0,0,0,0,1,0,0,0,0,0,0,0.0,0,0.0,0,0.0,0,0.0,0,0.0,0,0.0,0,0.0,0,0.0,0,0.0,0,0.0,0,0.0,0,0.0,0,0.0,0,0.0,0,1,0.0,2,31.3,64,0.0,0
2016-07-06,3217,2,0,0,1,0,0,0,0,0.9749279121818236,-0.22252093395631434,7,0,0,0,0,0,0,1,0,0,0,0,0,0,0.0,0,0.0,0,0.0,0,0.0,0,0.0,0,0.0,0,0.0,0,0.0,0,0.0,0,0.0,0,0.0,0,0.0,0,0.0,0,0.0,0,0,0.08333333333333333,2,32.0,58,0.0,0
2016-07-07,3769,3,0,0,0,1,0,0,0,0.43388373911755823,-0.900968867902419,7,0,0,0,0,0,0,1,0,0,0,0,0,0,0.0,0,0.0,0,0.0,0,0.0,0,0.0,0,0.0,0,0.0,0,0.0,0,0.0,0,0.0,0,0.0,0,0.0,0,0.0,0,0.0,0,0,0.16666666666666666,2,29.5,74,5.0,1
2016-07-08,3338,4,0,0,0,0,1,0,0,-0.433883739117558,-0.9009688679024191,7,0,0,0,0,0,0,1,0,0,0,0,0,0,0.0,0,0.0,0,0.0,0,0.0,0,0.0,0,0.0,0,0.0,0,0.0,0,0.0,0,0.0,0,0.0,0,0.0,0,0.0,0,0.0,0,0,0.25,2,28.0,80,4.5,1
2016-07-09,3479,5,0,0,0,0,0,1,0,-0.9749279121818236,-0.2225209339563146,7,0,0,0,0,0,0,1,0,0,0,0,0,0,0.0,0,0.0,0,0.0,0,0.0,0,0.0,0,0.0,0,0.0,0,0.0,0,0.0,0,0.0,0,0.0,0,0.0,0,0.0,0,0.0,0,0,0.3333333333333333,2,29.2,76,10.0,1
2016-07-10,3387,6,0,0,0,0,0,0,1,-0.7818314824680299,0.6234898018587334,7,0,0,0,0,0,0,1,0,0,0,0,0,0,0.0,0,0.0,0,0.0,0,0.0,0,0.0,0,0.0,0,0.0,0,0.0,0,0.0,0,0.0,0,0.0,0,0.0,0,0.0,0,0.0,0,0,0.4166666666666667,2,27.7,86,50.5,1
2016-07-11,2033,0,1,0,0,0,0,0,0,0.0,1.0,7,0,0,0,0,0,0,1,0,0,0,0,0,0,0.0,0,0.0,0,0.0,0,0.0,0,0.0,0,0.0,0,0.0,0,0.0,0,0.0,0,0.0,0,0.0,0,0.0,0,0.0,0,0.0,0,0,0.5,2,27.4,86,9.0,1
2016-07-12,2123,1,0,1,0,0,0,0,0,0.7818314824680298,0.6234898018587336,7,0,0,0,0,0,0,1,0,0,0,0,0,0,0.0,0,0.0,0,0.0,0,0.0,0,0.0,0,0.0,0,0.0,0,0.0,0,0.0,0,0.0,0,0.0,0,0.0,0,0.0,0,0.0,0,0,0.5833333333333334,2,29.1,75,0.0,0
2016-07-13,2187,2,0,0,1,0,0,0,0,0.9749279121818236,-0.22252093395631434,7,0,0,0,0,0,0,1,0,0,0,0,0,0,0.0,0,0.0,0,0.0,0,0.0,0,0.0,0,0.0,0,0.0,0,0.0,0,0.0,0,0.0,0,0.0,0,0.0,0,0.0,0,0.0,0,0,0.6666666666666666,2,30.6,66,0.0,0
2016-07-14,2101,3,0,0,0,1,0,0,0,0.43388373911755823,-0.900968867902419,7,0,0,0,0,0,0,1,0,0,0,0,0,0,0.0,0,0.0,0,0.0,0,0.0,0,0.0,0,0.0,0,0.0,0,0.0,0,0.0,0,0.0,0,0.0,0,0.0,0,0.0,0,0.0,0,0,0.75,2,30.9,66,0.0,0
2016-07-15,2300,4,0,0,0,0,1,0,0,-0.433883739117558,-0.9009688679024191,7,0,0,0,0,0,0,1,0,0,0,0,0,0,0.0,0,0.0,0,0.0,0,0.0,0,0.0,0,0.0,0,0.0,0,0.0,0,0.0,0,0.0,0,0.0,0,0.0,0,0.0,0,0.0,0,0,0.8333333333333334,2,31.4,61,0.0,0
2016-07-16,3483,5,0,0,0,0,0,1,0,-0.9749279121818236,-0.2225209339563146,7,0,0,0,0,0,0,1,0,0,0,0,0,0,0.0,0,0.0,0,0.0,0,0.0,0,0.0,0,0.0,0,0.0,0,0.0,0,0.0,0,0.0,0,0.0,0,0.0,0,0.0,0,0.0,0,0,0.9166666666666666,2,32.0,60,0.0,0
2016-07-17,3943,6,0,0,0,0,0,0,1,-0.7818314824680299,0.6234898018587334,7,0,0,0,0,0,0,1,0,0,0,0,0,0,0.0,0,0.0,0,0.0,0,0.0,0,0.0,0,0.0,0,0.0,0,0.0,0,0.0,0,0.0,0,0.0,0,0.0,0,0.0,0,0.0,0,0,1.0,2,31.1,65,0.0,0
2016-07-18,2081,0,1,0,0,0,0,0,0,0.0,1.0,7,0,0,0,0,0,0,1,0,0,0,0,0,0,0.0,0,0.0,0,0.0,0,0.0,0,0.0,0,0.0,0,0.0,0,0.0,0,0.0,0,0.0,0,0.0,0,0.0,0,0.0,0,0.0,0,0,0.0,2,29.8,66,0.0,0
2016-07-19,1833,1,0,1,0,0,0,0,0,0.7818314824680298,0.6234898018587336,7,0,0,0,0,0,0,1,0,0,0,0,0,0,0.0,0,0.0,0,0.0,0,0.0,0,0.0,0,0.0,0,0.0,0,0.0,0,0.0,0,0.0,0,0.0,0,0.0,0,0.0,0,0.0,0,0,0.0,2,28.4,71,2.0,1
2016-07-20,2343,2,0,0,1,0,0,0,0,0.9749279121818236,-0.22252093395631434,7,0,0,0,0,0,0,1,0,0,0,0,0,0,0.0,0,0.0,0,0.0,0,0.0,0,0.0,0,0.0,0,0.0,0,0.0,0,0.0,0,0.0,0,0.0,0,0.0,0,0.0,0,0.0,0,0,0.0,2,29.4,70,0.5,1
2016-07-21,2355,3,0,0,0,1,0,0,0,0.43388373911755823,-0.900968867902419,7,0,0,0,0,0,0,1,0,0,0,0,0,0,0.0,0,0.0,0,0.0,0,0.0,0,0.0,0,0.0,0,0.0,0,0.0,0,0.0,0,0.0,0,0.0,0,0.0,0,0.0,0,0.0,0,0,0.0,2,30.4,68,0.0,0
2016-07-22,2198,4,0,0,0,0,1,0,0,-0.433883739117558,-0.9009688679024191,7,0,0,0,0,0,0,1,0,0,0,0,0,0,0.0,0,0.0,0,0.0,0,0.0,0,0.0,0,0.0,0,0.0,0,0.0,0,0.0,0,0.0,0,0.0,0,0.0,0,0.0,0,0.0,0,0,0.0,2,31.5,63,0.0,0
2016-07-23,3629,5,0,0,0,0,0,1,0,-0.9749279121818236,-0.2225209339563146,7,0,0,0,0,0,0,1,0,0,0,0,0,0,0.0,0,0.0,0,0.0,0,0.0,0,0.0,0,0.0,0,-1.0,0,0.0,0,0.0,0,0.0,0,0.0,0,0.0,0,0.0,0,0.0,0,0,0.0,2,31.7,61,0.0,0
2016-07-24,4116,6,0,0,0,0,0,0,1,-0.7818314824680299,0.6234898018587334,7,0,0,0,0,0,0,1,0,0,0,0,0,0,0.0,0,0.0,0,0.0,0,0.0,0,0.0,0,-1.0,0,-0.9375,0,0.0,0,0.0,0,0.0,0,0.0,0,0.0,0,0.0,0,0.0,0,0,-1.0,2,31.2,64,0.0,0
2016-07-25,2177,0,1,0,0,0,0,0,0,0.0,1.0,7,0,0,0,0,0,0,1,0,0,0,0,0,0,0.0,0,0.0,0,0.0,0,0.0,0,0.0,0,-0.9375,0,-0.875,0,0.0,0,0.0,0,0.0,0,0.0,0,0.0,0,0.0,0,0.0,0,0,-0.9166666666666666,2,30.7,63,0.0,0
2016-07-26,2163,1,0,1,0,0,0,0,0,0.7818314824680298,0.6234898018587336,7,0,0,0,0,0,0,1,0,0,0,0,0,0,0.0,0,0.0,0,0.0,0,0.0,0,0.0,0,-0.875,0,-0.8125,0,0.0,0,0.0,0,0.0,0,0.0,0,0.0,0,0.0,0,0.0,0,0,-0.8333333333333334,2,31.1,64,0.0,0
2016-07-27,2088,2,0,0,1,0,0,0,0,0.9749279121818236,-0.22252093395631434,7,0,0,0,0,0,0,1,0,0,0,0,0,0,0.0,0,0.0,0,0.0,0,0.0,0,0.0,0,-0.8125,0,-0.75,0,0.0,0,0.0,0,0.0,0,0.0,0,0.0,0,0.0,0,0.0,0,0,-0.75,2,31.5,60,0.0,0
2016-07-28,2119,3,0,0,0,1,0,0,0,0.43388373911755823,-0.900968867902419,7,0,0,0,0,0,0,1,0,0,0,0,0,0,0.0,0,0.0,0,0.0,0,0.0,0,0.0,0,-0.75,0,-0.6875,0,0.0,0,0.0,0,0.0,0,0.0,0,0.0,0,0.0,0,0.0,0,0,-0.6666666666666666,2,32.4,59,0.0,0
2016-07-29,2122,4,0,0,0,0,1,0,0,-0.433883739117558,-0.9009688679024191,7,0,0,0,0,0,0,1,0,0,0,0,0,0,0.0,0,0.0,0,0.0,0,0.0,0,0.0,0,-0.6875,0,-0.625,0,0.0,0,0.0,0,0.0,0,0.0,0,0.0,0,0.0,0,0.0,0,0,-0.5833333333333334,2,32.2,62,0.0,0
2016-07-30,3924,5,0,0,0,0,0,1,0,-0.9749279121818236,-0.2225209339563146,7,0,0,0,0,0,0,1,0,0,0,0,0,0,0.0,0,0.0,0,0.0,0,0.0,0,0.0,0,-0.625,0,-0.5625,0,0.0,0,0.0,0,0.0,0,0.0,0,0.0,0,0.0,0,0.0,0,0,-0.5,2,31.8,58,0.0,0
2016-07-31,4393,6,0,0,0,0,0,0,1,-0.7818314824680299,0.6234898018587334,7,0,0,0,0,0,0,1,0,0,0,0,0,0,0.0,0,0.0,0,0.0,0,0.0,0,0.0,0,-0.5625,0,-0.5,0,0.0,0,0.0,0,0.0,0,0.0,0,0.0,0,0.0,0,0.0,0,0,-0.4166666666666667,2,31.7,61,0.0,0
2016-08-01,2253,0,1,0,0,0,0,0,0,0.0,1.0,8,0,0,0,0,0,0,0,1,0,0,0,0,0,0.0,0,0.0,0,0.0,0,0.0,0,-1.0,0,-0.5,0,-0.4375,0,0.0,0,0.0,0,0.0,0,0.0,0,0.0,0,0.0,0,0.0,0,0,-0.3333333333333333,2,31.3,61,0.5,1
2016-08-02,2139,1,0,1,0,0,0,0,0,0.7818314824680298,0.6234898018587336,8,0,0,0,0,0,0,0,1,0,0,0,0,0,0.0,0,0.0,0,0.0,0,0.0,0,-0.9375,0,-0.4375,0,-0.375,0,0.0,0,0.0,0,0.0,0,0.0,0,0.0,0,0.0,0,0.0,0,0,-0.25,2,29.5,73,2.5,1
2016-08-03,2247,2,0,0,1,0,0,0,0,0.9749279121818236,-0.22252093395631434,8,0,0,0,0,0,0,0,1,0,0,0,0,0,0.0,0,0.0,0,0.0,0,0.0,0,-0.875,0,-0.375,0,-0.3125,0,0.0,0,0.0,0,0.0,0,0.0,0,0.0,0,0.0,0,0.0,0,0,-0.16666666666666666,2,30.3,68,0.0,0
2016-08-04,2142,3,0,0,0,1,0,0,0,0.43388373911755823,-0.900968867902419,8,0,0,0,0,0,0,0,1,0,0,0,0,0,0.0,0,0.0,0,0.0,0,0.0,0,-0.8125,0,-0.3125,0,-0.25,0,0.0,0,0.0,0,0.0,0,0.0,0,0.0,0,0.0,0,0.0,0,0,-0.08333333333333333,2,31.4,60,0.0,0
2016-08-05,2336,4,0,0,0,0,1,0,0,-0.433883739117558,-0.9009688679024191,8,0,0,0,0,0,0,0,1,0,0,0,0,0,0.0,0,0.0,0,0.0,0,0.0,0,-0.75,0,-0.25,0,-0.1875,0,0.0,0,0.0,0,0.0,0,0.0,0,0.0,0,0.0,0,0.0,0,1,0.0,2,30.8,65,0.0,0
2016-08-06,4202,5,0,0,0,0,0,1,0,-0.9749279121818236,-0.2225209339563146,8,0,0,0,0,0,0,0,1,0,0,0,0,0,0.0,0,0.0,0,0.0,0,0.0,0,-0.6875,0,-0.1875,0,-0.125,0,0.0,0,0.0,0,0.0,0,0.0,0,0.0,0,0.0,0,0.0,0,0,0.08333333333333333,2,30.6,69,2.0,1
2016-08-07,5088,6,0,0,0,0,0,0,1,-0.7818314824680299,0.6234898018587334,8,0,0,0,0,0,0,0,1,0,0,0,0,0,0.0,0,0.0,0,0.0,0,0.0,0,-0.625,0,-0.125,0,-0.0625,0,0.0,0,0.0,0,0.0,0,0.0,0,0.0,0,0.0,0,0.0,0,0,0.16666666666666666,2,30.3,67,0.0,0
2016-08-08,2468,0,1,0,0,0,0,0,0,0.0,1.0,8,0,0,0,0,0,0,0,1,0,0,0,0,0,0.0,0,0.0,0,0.0,0,0.0,0,-0.5625,0,-0.0625,1,0.0,0,0.0,0,0.0,0,0.0,0,0.0,0,0.0,0,0.0,0,0.0,0,0,0.25,2,30.3,68,0.0,0
2016-08-09,2263,1,0,1,0,0,0,0,0,0.7818314824680298,0.6234898018587336,8,0,0,0,0,0,0,0,1,0,0,0,0,0,0.0,0,0.0,0,0.0,0,0.0,0,-0.5,1,0.0,0,0.0625,0,0.0,0,0.0,0,0.0,0,0.0,0,0.0,0,0.0,0,0.0,0,0,0.3333333333333333,2,30.2,72,2.5,1
2016-08-10,2470,2,0,0,1,0,0,0,0,0.9749279121818236,-0.22252093395631434,8,0,0,0,0,0,0,0,1,0,0,0,0,0,0.0,0,0.0,0,0.0,0,0.0,0,-0.4375,0,0.0625,0,0.125,0,0.0,0,0.0,0,0.0,0,0.0,0,0.0,0,0.0,0,0.0,0,0,0.4166666666666667,2,30.9,69,2.5,1
2016-08-11,2683,3,0,0,0,1,0,0,0,0.43388373911755823,-0.900968867902419,8,0,0,0,0,0,0,0,1,0,0,0,0,0,0.0,0,0.0,0,0.0,0,0.0,0,-0.375,0,0.125,0,0.1875,0,0.0,0,0.0,0,0.0,0,0.0,0,0.0,0,0.0,0,0.0,0,0,0.5,2,27.6,87,61.5,1
2016-08-12,3251,4,0,0,0,0,1,0,0,-0.433883739117558,-0.9009688679024191,8,0,0,0,0,0,0,0,1,0,0,0,0,0,0.0,0,0.0,0,0.0,0,0.0,0,-0.3125,0,0.1875,0,0.25,0,0.0,0,0.0,0,0.0,0,0.0,0,0.0,0,0.0,0,0.0,0,0,0.5833333333333334,2,29.8,73,0.0,0
2016-08-13,5610,5,0,0,0,0,0,1,0,-0.9749279121818236,-0.2225209339563146,8,0,0,0,0,0,0,0,1,0,0,0,0,0,0.0,0,0.0,0,0.0,0,0.0,0,-0.25,0,0.25,0,0.3125,0,0.0,0,0.0,0,0.0,0,0.0,0,0.0,0,0.0,0,0.0,0,0,0.6666666666666666,2,28.1,79,7.0,1
2016-08-14,5249,6,0,0,0,0,0,0,1,-0.7818314824680299,0.6234898018587334,8,0,0,0,0,0,0,0,1,0,0,0,0,0,0.0,0,0.0,0,0.0,0,0.0,0,-0.1875,0,0.3125,0,0.375,0,0.0,0,0.0,0,0.0,0,0.0,0,0.0,0,0.0,0,0.0,0,0,0.75,2,31.0,62,0.0,0
2016-08-15,2947,0,1,0,0,0,0,0,0,0.0,1.0,8,0,0,0,0,0,0,0,1,0,0,0,0,0,0.0,0,0.0,0,0.0,0,0.0,0,-0.125,0,0.375,0,0.4375,0,0.0,0,0.0,0,0.0,0,0.0,0,0.0,0,0.0,0,0.0,0,0,0.8333333333333334,2,30.4,66,0.0,0
2016-08-16,2865,1,0,1,0,0,0,0,0,0.7818314824680298,0.6234898018587336,8,0,0,0,0,0,0,0,1,0,0,0,0,0,0.0,0,0.0,0,0.0,0,0.0,0,-0.0625,0,0.4375,0,0.5,0,0.0,0,0.0,0,0.0,0,0.0,0,0.0,0,0.0,0,0.0,0,0,0.9166666666666666,2,29.1,75,0.0,0
2016-08-17,2359,2,0,0,1,0,0,0,0,0.9749279121818236,-0.22252093395631434,8,0,0,0,0,0,0,0,1,0,0,0,0,0,0.0,0,0.0,0,0.0,0,0.0,1,0.0,0,0.5,0,0.5625,0,0.0,0,0.0,0,0.0,0,0.0,0,0.0,0,0.0,0,0.0,0,0,1.0,2,29.1,73,0.5,1
2016-08-18,1852,3,0,0,0,1,0,0,0,0.43388373911755823,-0.900968867902419,8,0,0,0,0,0,0,0,1,0,0,0,0,0,0.0,0,0.0,0,0.0,0,0.0,0,0.0625,0,0.5625,0,0.625,0,0.0,0,0.0,0,0.0,0,0.0,0,0.0,0,0.0,0,0.0,0,0,0.0,2,29.5,71,0.0,0
2016-08-19,2038,4,0,0,0,0,1,0,0,-0.433883739117558,-0.9009688679024191,8,0,0,0,0,0,0,0,1,0,0,0,0,0,0.0,0,0.0,0,0.0,0,0.0,0,0.125,0,0.625,0,0.6875,0,0.0,0,0.0,0,0.0,0,0.0,0,0.0,0,0.0,0,0.0,0,0,0.0,2,29.7,70,0.5,1
2016-08-20,3203,5,0,0,0,0,0,1,0,-0.9749279121818236,-0.2225209339563146,8,0,0,0,0,0,0,0,1,0,0,0,0,0,0.0,0,0.0,0,0.0,0,0.0,0,0.1875,0,0.6875,0,0.75,0,0.0,0,0.0,0,0.0,0,0.0,0,0.0,0,0.0,0,0.0,0,0,0.0,2,30.2,69,0.0,0
2016-08-21,3568,6,0,0,0,0,0,0,1,-0.7818314824680299,0.6234898018587334,8,0,0,0,0,0,0,0,1,0,0,0,0,0,0.0,0,0.0,0,0.0,0,0.0,0,0.25,0,0.75,0,0.8125,0,0.0,0,0.0,0,0.0,0,0.0,0,0.0,0,0.0,0,0.0,0,0,0.0,2,30.7,67,0.0,0
2016-08-22,1914,0,1,0,0,0,0,0,0,0.0,1.0,8,0,0,0,0,0,0,0,1,0,0,0,0,0,0.0,0,0.0,0,0.0,0,0.0,0,0.3125,0,0.8125,0,0.875,0,0.0,0,0.0,0,0.0,0,0.0,0,0.0,0,0.0,0,0.0,0,0,0.0,2,31.2,60,0.0,0
2016-08-23,1955,1,0,1,0,0,0,0,0,0.7818314824680298,0.6234898018587336,8,0,0,0,0,0,0,0,1,0,0,0,0,0,0.0,0,0.0,0,0.0,0,0.0,0,0.375,0,0.875,0,0.9375,0,0.0,0,0.0,0,0.0,0,0.0,0,0.0,0,0.0,0,0.0,0,0,0.0,2,30.8,63,0.0,0
2016-08-24,2233,2,0,0,1,0,0,0,0,0.9749279121818236,-0.22252093395631434,8,0,0,0,0,0,0,0,1,0,0,0,0,0,0.0,0,0.0,0,0.0,0,0.0,0,0.4375,0,0.9375,0,1.0,0,0.0,0,0.0,0,0.0,0,0.0,0,0.0,0,0.0,0,0.0,0,0,-1.0,2,31.3,63,0.0,0
2016-08-25,2083,3,0,0,0,1,0,0,0,0.43388373911755823,-0.900968867902419,8,0,0,0,0,0,0,0,1,0,0,0,0,0,0.0,0,0.0,0,0.0,0,0.0,0,0.5,0,1.0,0,0.0,0,0.0,0,0.0,0,0.0,0,0.0,0,0.0,0,0.0,0,0.0,0,0,-0.9166666666666666,2,30.5,64,0.0,0
2016-08-26,2226,4,0,0,0,0,1,0,0,-0.433883739117558,-0.9009688679024191,8,0,0,0,0,0,0,0,1,0,0,0,0,0,0.0,0,0.0,0,0.0,0,0.0,0,0.5625,0,0.0,0,0.0,0,0.0,0,0.0,0,0.0,0,0.0,0,0.0,0,0.0,0,0.0,0,0,-0.8333333333333334,2,31.1,63,0.0,0
2016-08-27,3312,5,0,0,0,0,0,1,0,-0.9749279121818236,-0.2225209339563146,8,0,0,0,0,0,0,0,1,0,0,0,0,0,0.0,0,0.0,0,0.0,0,0.0,0,0.625,0,0.0,0,0.0,0,0.0,0,0.0,0,0.0,0,0.0,0,0.0,0,0.0,0,0.0,0,0,-0.75,2,29.4,73,0.5,1
2016-08-28,3828,6,0,0,0,0,0,0,1,-0.7818314824680299,0.6234898018587334,8,0,0,0,0,0,0,0,1,0,0,0,0,0,0.0,0,0.0,0,0.0,0,0.0,0,0.6875,0,0.0,0,0.0,0,0.0,0,0.0,0,0.0,0,0.0,0,0.0,0,0.0,0,0.0,0,0,-0.6666666666666666,2,26.0,81,29.5,1
2016-08-29,2223,0,1,0,0,0,0,0,0,0.0,1.0,8,0,0,0,0,0,0,0,1,0,0,0,0,0,0.0,0,0.0,0,0.0,0,0.0,0,0.75,0,0.0,0,0.0,0,0.0,0,0.0,0,0.0,0,0.0,0,0.0,0,0.0,0,0.0,0,0,-0.5833333333333334,2,27.9,58,0.0,0
2016-08-30,2146,1,0,1,0,0,0,0,0,0.7818314824680298,0.6234898018587336,8,0,0,0,0,0,0,0,1,0,0,0,0,0,0.0,0,0.0,0,0.0,0,-1.0,0,0.8125,0,0.0,0,0.0,0,0.0,0,0.0,0,0.0,0,0.0,0,0.0,0,0.0,0,0.0,0,0,-0.5,2,28.7,52,0.0,0
2016-08-31,2195,2,0,0,1,0,0,0,0,0.9749279121818236,-0.22252093395631434,8,0,0,0,0,0,0,0,1,0,0,0,0,0,0.0,0,0.0,0,0.0,0,-0.9375,0,0.875,0,0.0,0,0.0,0,0.0,0,0.0,0,0.0,0,0.0,0,0.0,0,0.0,0,0.0,0,0,-0.4166666666666667,2,28.6,57,0.0,0
2016-09-01,1884,3,0,0,0,1,0,0,0,0.43388373911755823,-0.900968867902419,9,0,0,0,0,0,0,0,0,1,0,0,0,0,0.0,0,0.0,0,0.0,0,-0.875,0,0.9375,0,0.0,0,0.0,0,0.0,0,0.0,0,0.0,0,0.0,0,0.0,0,0.0,0,0.0,0,0,-0.3333333333333333,2,29.5,60,0.0,0
2016-09-02,1769,4,0,0,0,0,1,0,0,-0.433883739117558,-0.9009688679024191,9,0,0,0,0,0,0,0,0,1,0,0,0,0,0.0,0,0.0,0,0.0,0,-0.8125,0,1.0,0,0.0,0,0.0,0,0.0,0,0.0,0,0.0,0,0.0,0,0.0,0,0.0,0,0.0,0,0,-0.25,2,28.3,73,32.0,1
2016-09-03,3218,5,0,0,0,0,0,1,0,-0.9749279121818236,-0.2225209339563146,9,0,0,0,0,0,0,0,0,1,0,0,0,0,0.0,0,0.0,0,0.0,0,-0.75,0,0.0,0,0.0,0,0.0,0,0.0,0,0.0,0,0.0,0,0.0,0,0.0,0,0.0,0,0.0,0,0,-0.16666666666666666,2,27.3,86,44.0,1
2016-09-04,3496,6,0,0,0,0,0,0,1,-0.7818314824680299,0.6234898018587334,9,0,0,0,0,0,0,0,0,1,0,0,0,0,0.0,0,0.0,0,0.0,0,-0.6875,0,0.0,0,0.0,0,0.0,0,0.0,0,0.0,0,0.0,0,0.0,0,0.0,0,0.0,0,0.0,0,0,-0.08333333333333333,2,29.8,73,0.0,0
2016-09-05,1896,0,1,0,0,0,0,0,0,0.0,1.0,9,0,0,0,0,0,0,0,0,1,0,0,0,0,0.0,0,0.0,0,0.0,0,-0.625,0,0.0,0,0.0,0,0.0,0,0.0,0,0.0,0,0.0,0,0.0,0,0.0,0,0.0,0,0.0,0,1,0.0,2,29.2,76,0.0,0
2016-09-06,1738,1,0,1,0,0,0,0,0,0.7818314824680298,0.6234898018587336,9,0,0,0,0,0,0,0,0,1,0,0,0,0,0.0,0,0.0,0,0.0,0,-0.5625,0,0.0,0,0.0,0,0.0,0,0.0,0,0.0,0,0.0,0,0.0,0,0.0,0,0.0,0,0.0,0,0,0.08333333333333333,2,27.6,82,19.5,1
2016-09-07,1984,2,0,0,1,0,0,0,0,0.9749279121818236,-0.22252093395631434,9,0,0,0,0,0,0,0,0,1,0,0,0,0,0.0,0,0.0,0,0.0,0,-0.5,0,0.0,0,0.0,0,0.0,0,0.0,0,0.0,0,0.0,0,0.0,0,0.0,0,0.0,0,0.0,0,0,0.16666666666666666,2,29.2,70,1.5,1
2016-09-08,1904,3,0,0,0,1,0,0,0,0.43388373911755823,-0.900968867902419,9,0,0,0,0,0,0,0,0,1,0,0,0,0,0.0,0,0.0,0,0.0,0,-0.4375,0,0.0,0,0.0,0,0.0,0,0.0,0,0.0,0,0.0,0,0.0,0,0.0,0,0.0,0,0.0,0,0,0.25,2,29.4,67,0.0,0
2016-09-09,1716,4,0,0,0,0,1,0,0,-0.433883739117558,-0.9009688679024191,9,0,0,0,0,0,0,0,0,1,0,0,0,0,0.0,0,0.0,0,0.0,0,-0.375,0,0.0,0,0.0,0,0.0,0,0.0,0,0.0,0,0.0,0,0.0,0,0.0,0,0.0,0,0.0,0,0,0.3333333333333333,2,27.2,85,24.5,1
2016-09-10,2806,5,0,0,0,0,0,1,0,-0.9749279121818236,-0.2225209339563146,9,0,0,0,0,0,0,0,0,1,0,0,0,0,0.0,0,0.0,0,0.0,0,-0.3125,0,0.0,0,0.0,0,0.0,0,0.0,0,0.0,0,0.0,0,0.0,0,0.0,0,0.0,0,0.0,0,0,0.4166666666666667,2,27.1,82,0.0,0
2016-09-11,4021,6,0,0,0,0,0,0,1,-0.7818314824680299,0.6234898018587334,9,0,0,0,0,0,0,0,0,1,0,0,0,0,0.0,0,0.0,0,0.0,0,-0.25,0,0.0,0,0.0,0,0.0,0,0.0,0,0.0,0,0.0,0,0.0,0,0.0,0,0.0,0,0.0,0,0,0.5,2,28.6,76,0.0,0
2016-09-12,2284,0,1,0,0,0,0,0,0,0.0,1.0,9,0,0,0,0,0,0,0,0,1,0,0,0,0,0.0,0,0.0,0,0.0,0,-0.1875,0,0.0,0,0.0,0,0.0,0,0.0,0,0.0,0,0.0,0,0.0,0,0.0,0,0.0,0,0.0,0,0,0.5833333333333334,2,27.5,80,0.0,0
2016-09-13,2436,1,0,1,0,0,0,0,0,0.7818314824680298,0.6234898018587336,9,0,0,0,0,0,0,0,0,1,0,0,0,0,0.0,0,0.0,0,0.0,0,-0.125,0,0.0,0,0.0,0,0.0,0,0.0,0,0.0,0,0.0,0,0.0,0,0.0,0,0.0,0,0.0,0,0,0.6666666666666666,2,28.7,72,0.5,1
2016-09-14,2736,2,0,0,1,0,0,0,0,0.9749279121818236,-0.22252093395631434,9,0,0,0,0,0,0,0,0,1,0,0,0,0,0.0,0,0.0,0,0.0,0,-0.0625,0,0.0,0,0.0,0,0.0,0,0.0,0,0.0,0,0.0,0,0.0,0,0.0,0,0.0,0,0.0,0,0,0.75,2,27.8,73,16.0,1
2016-09-15,4149,3,0,0,0,1,0,0,0,0.43388373911755823,-0.900968867902419,9,0,0,0,0,0,0,0,0,1,0,0,0,0,0.0,0,0.0,0,0.0,1,0.0,0,0.0,0,0.0,0,0.0,0,0.0,0,0.0,0,0.0,0,0.0,0,0.0,0,0.0,0,0.0,0,0,0.8333333333333334,2,27.6,81,0.5,1
2016-09-16,3360,4,0,0,0,0,1,0,0,-0.433883739117558,-0.9009688679024191,9,0,0,0,0,0,0,0,0,1,0,0,0,0,0.0,0,0.0,0,0.0,0,0.0625,0,0.0,0,0.0,0,0.0,0,0.0,0,0.0,0,0.0,0,0.0,0,0.0,0,0.0,0,0.0,0,0,0.9166666666666666,2,28.7,72,0.0,0
2016-09-17,3168,5,0,0,0,0,0,1,0,-0.9749279121818236,-0.2225209339563146,9,0,0,0,0,0,0,0,0,1,0,0,0,0,0.0,0,0.0,0,0.0,0,0.125,0,0.0,0,0.0,0,0.0,0,0.0,0,0.0,0,0.0,0,0.0,0,0.0,0,0.0,0,0.0,0,0,1.0,2,25.6,92,71.5,1
2016-09-18,3692,6,0,0,0,0,0,0,1,-0.7818314824680299,0.6234898018587334,9,0,0,0,0,0,0,0,0,1,0,0,0,0,0.0,0,0.0,0,0.0,0,0.1875,0,0.0,0,0.0,0,0.0,0,0.0,0,0.0,0,0.0,0,0.0,0,0.0,0,0.0,0,0.0,0,0,0.0,2,25.6,81,17.0,1
2016-09-19,1777,0,1,0,0,0,0,0,0,0.0,1.0,9,0,0,0,0,0,0,0,0,1,0,0,0,0,0.0,0,0.0,0,0.0,0,0.25,0,0.0,0,0.0,0,0.0,0,0.0,0,0.0,0,0.0,0,0.0,0,0.0,0,0.0,0,0.0,0,0,0.0,2,26.3,70,0.0,0
2016-09-20,1627,1,0,1,0,0,0,0,0,0.7818314824680298,0.6234898018587336,9,0,0,0,0,0,0,0,0,1,0,0,0,0,0.0,0,0.0,0,0.0,0,0.3125,0,0.0,0,0.0,0,0.0,0,0.0,0,0.0,0,0.0,0,0.0,0,0.0,0,0.0,0,0.0,0,0,0.0,2,25.5,72,0.0,0
2016-09-21,2329,2,0,0,1,0,0,0,0,0.9749279121818236,-0.22252093395631434,9,0,0,0,0,0,0,0,0,1,0,0,0,0,0.0,0,0.0,0,0.0,0,0.375,0,0.0,0,0.0,0,0.0,0,0.0,0,0.0,0,0.0,0,0.0,0,0.0,0,0.0,0,0.0,1,0,0.0,2,27.0,66,0.0,0
2016-09-22,1923,3,0,0,0,1,0,0,0,0.43388373911755823,-0.900968867902419,9,0,0,0,0,0,0,0,0,1,0,0,0,0,0.0,0,0.0,0,0.0,0,0.4375,0,0.0,0,0.0,0,0.0,0,0.0,0,0.0,0,0.0,0,0.0,0,0.0,0,0.0,0,0.0,1,0,0.0,2,27.1,71,0.0,0
2016-09-23,2020,4,0,0,0,0,1,0,0,-0.433883739117558,-0.9009688679024191,9,0,0,0,0,0,0,0,0,1,0,0,0,0,0.0,0,0.0,0,0.0,0,0.5,0,0.0,0,0.0,0,0.0,0,0.0,0,0.0,0,0.0,0,0.0,0,0.0,0,0.0,0,0.0,1,0,-1.0,2,26.7,71,0.0,0
2016-09-24,3551,5,0,0,0,0,0,1,0,-0.9749279121818236,-0.2225209339563146,9,0,0,0,0,0,0,0,0,1,0,0,0,0,0.0,0,0.0,0,0.0,0,0.5625,0,0.0,0,0.0,0,0.0,0,-1.0,0,0.0,0,0.0,0,0.0,0,0.0,0,0.0,0,0.0,1,0,-0.9166666666666666,2,27.0,69,0.0,0
2016-09-25,3850,6,0,0,0,0,0,0,1,-0.7818314824680299,0.6234898018587334,9,0,0,0,0,0,0,0,0,1,0,0,0,0,0.0,0,0.0,0,0.0,0,0.625,0,0.0,0,0.0,0,0.0,0,-0.9375,0,0.0,0,0.0,0,0.0,0,0.0,0,0.0,0,0.0,1,0,-0.8333333333333334,2,27.5,74,0.0,0
2016-09-26,2915,0,1,0,0,0,0,0,0,0.0,1.0,9,0,0,0,0,0,0,0,0,1,0,0,0,0,0.0,0,0.0,0,0.0,0,0.6875,0,0.0,0,0.0,0,0.0,0,-0.875,0,0.0,0,0.0,0,0.0,0,0.0,0,0.0,0,0.0,1,0,-0.75,2,27.5,81,4.0,1
2016-09-27,1621,1,0,1,0,0,0,0,0,0.7818314824680298,0.6234898018587336,9,0,0,0,0,0,0,0,0,1,0,0,0,0,0.0,0,0.0,0,0.0,0,0.75,0,0.0,0,0.0,0,0.0,0,-0.8125,0,0.0,0,0.0,0,0.0,0,0.0,0,0.0,0,0.0,1,0,-0.6666666666666666,2,26.8,86,81.0,1
2016-09-28,4265,2,0,0,1,0,0,0,0,0.9749279121818236,-0.22252093395631434,9,0,0,0,0,0,0,0,0,1,0,0,0,0,0.0,0,0.0,0,0.0,0,0.8125,0,0.0,0,0.0,0,0.0,0,-0.75,0,0.0,0,0.0,0,0.0,0,0.0,0,0.0,0,0.0,1,0,-0.5833333333333334,2,27.9,82,1.5,1
2016-09-29,1727,3,0,0,0,1,0,0,0,0.43388373911755823,-0.900968867902419,9,0,0,0,0,0,0,0,0,1,0,0,0,0,0.0,0,0.0,0,0.0,0,0.875,0,0.0,0,0.0,0,0.0,0,-0.6875,0,0.0,0,0.0,0,0.0,0,0.0,0,0.0,0,0.0,1,0,-0.5,2,27.9,80,0.0,0
2016-09-30,1786,4,0,0,0,0,1,0,0,-0.433883739117558,-0.9009688679024191,9,0,0,0,0,0,0,0,0,1,0,0,0,0,0.0,0,0.0,0,0.0,0,0.9375,0,0.0,0,0.0,0,0.0,0,-0.625,0,0.0,0,0.0,0,0.0,0,0.0,0,0.0,0,0.0,1,0,-0.4166666666666667,2,27.4,80,21.0,1
2016-10-01,2883,5,0,0,0,0,0,1,0,-0.9749279121818236,-0.2225209339563146,10,0,0,0,0,0,0,0,0,0,1,0,0,0,0.0,0,0.0,0,0.0,0,1.0,0,0.0,0,0.0,0,0.0,0,-0.5625,0,0.0,0,0.0,0,0.0,0,0.0,0,0.0,0,0.0,1,0,-0.3333333333333333,2,29.1,66,0.0,0
2016-10-02,3286,6,0,0,0,0,0,0,1,-0.7818314824680299,0.6234898018587334,10,0,0,0,0,0,0,0,0,0,1,0,0,0,0.0,0,0.0,0,0.0,0,0.0,0,0.0,0,0.0,0,0.0,0,-0.5,0,0.0,0,0.0,0,0.0,0,0.0,0,0.0,0,0.0,1,0,-0.25,2,29.1,65,0.0,0
2016-10-03,1853,0,1,0,0,0,0,0,0,0.0,1.0,10,0,0,0,0,0,0,0,0,0,1,0,0,0,0.0,0,0.0,0,0.0,0,0.0,0,0.0,0,0.0,0,0.0,0,-0.4375,0,0.0,0,0.0,0,0.0,0,0.0,0,0.0,0,0.0,1,0,-0.16666666666666666,2,27.5,71,0.0,0
2016-10-04,1654,1,0,1,0,0,0,0,0,0.7818314824680298,0.6234898018587336,10,0,0,0,0,0,0,0,0,0,1,0,0,0,0.0,0,0.0,0,0.0,0,0.0,0,0.0,0,0.0,0,0.0,0,-0.375,0,0.0,0,0.0,0,0.0,0,0.0,0,0.0,0,0.0,1,0,-0.08333333333333333,2,27.6,69,0.0,0
2016-10-05,2086,2,0,0,1,0,0,0,0,0.9749279121818236,-0.22252093395631434,10,0,0,0,0,0,0,0,0,0,1,0,0,0,0.0,0,0.0,0,0.0,0,0.0,0,0.0,0,0.0,0,0.0,0,-0.3125,0,0.0,0,0.0,0,0.0,0,0.0,0,0.0,0,0.0,1,1,0.0,2,28.0,71,0.0,0
2016-10-06,1947,3,0,0,0,1,0,0,0,0.43388373911755823,-0.900968867902419,10,0,0,0,0,0,0,0,0,0,1,0,0,0,0.0,0,0.0,0,0.0,0,0.0,0,0.0,0,0.0,0,0.0,0,-0.25,0,0.0,0,0.0,0,0.0,0,0.0,0,0.0,0,0.0,1,0,0.08333333333333333,2,28.6,70,10.0,1
2016-10-07,1923,4,0,0,0,0,1,0,0,-0.433883739117558,-0.9009688679024191,10,0,0,0,0,0,0,0,0,0,1,0,0,0,0.0,0,0.0,0,0.0,0,0.0,0,0.0,0,0.0,0,0.0,0,-0.1875,0,0.0,0,0.0,0,0.0,0,0.0,0,0.0,0,0.0,1,0,0.16666666666666666,2,26.1,82,10.0,1
2016-10-08,3228,5,0,0,0,0,0,1,0,-0.9749279121818236,-0.2225209339563146,10,0,0,0,0,0,0,0,0,0,1,0,0,0,0.0,0,0.0,0,0.0,0,0.0,0,0.0,0,0.0,0,0.0,0,-0.125,0,0.0,0,0.0,0,0.0,0,0.0,0,0.0,0,0.0,1,0,0.25,2,26.0,86,21.0,1
2016-10-09,3554,6,0,0,0,0,0,0,1,-0.7818314824680299,0.6234898018587334,10,0,0,0,0,0,0,0,0,0,1,0,0,0,0.0,0,0.0,0,0.0,0,0.0,0,0.0,0,0.0,0,0.0,0,-0.0625,0,0.0,0,0.0,0,0.0,0,0.0,0,0.0,0,0.0,1,0,0.3333333333333333,2,22.1,93,20.5,1
2016-10-10,3592,0,1,0,0,0,0,0,0,0.0,1.0,10,0,0,0,0,0,0,0,0,0,1,0,0,0,0.0,0,0.0,0,0.0,0,0.0,0,0.0,0,0.0,0,0.0,1,0.0,0,0.0,0,0.0,0,0.0,0,0.0,0,0.0,0,0.0,1,0,0.4166666666666667,2,22.5,92,3.5,1
2016-10-11,1976,1,0,1,0,0,0,0,0,0.7818314824680298,0.6234898018587336,10,0,0,0,0,0,0,0,0,0,1,0,0,0,0.0,0,0.0,0,0.0,0,0.0,0,0.0,0,0.0,0,0.0,0,0.0625,0,0.0,0,0.0,0,0.0,0,0.0,0,0.0,0,0.0,1,0,0.5,2,24.3,92,3.5,1
2016-10-12,1799,2,0,0,1,0,0,0,0,0.9749279121818236,-0.22252093395631434,10,0,0,0,0,0,0,0,0,0,1,0,0,0,0.0,0,0.0,0,0.0,0,0.0,0,0.0,0,0.0,0,0.0,0,0.125,0,0.0,0,0.0,0,0.0,0,0.0,0,0.0,0,0.0,1,0,0.5833333333333334,2,23.1,94,8.5,1
2016-10-13,2066,3,0,0,0,1,0,0,0,0.43388373911755823,-0.900968867902419,10,0,0,0,0,0,0,0,0,0,1,0,0,0,0.0,0,0.0,0,0.0,0,0.0,0,0.0,0,0.0,0,0.0,0,0.1875,0,0.0,0,0.0,0,0.0,0,0.0,0,0.0,0,0.0,1,0,0.6666666666666666,2,23.9,86,0.0,0
2016-10-14,2067,4,0,0,0,0,1,0,0,-0.433883739117558,-0.9009688679024191,10,0,0,0,0,0,0,0,0,0,1,0,0,0,0.0,0,0.0,0,0.0,0,0.0,0,0.0,0,0.0,0,0.0,0,0.25,0,0.0,0,0.0,0,0.0,0,0.0,0,0.0,0,0.0,1,0,0.75,2,24.3,90,3.5,1
2016-10-15,3389,5,0,0,0,0,0,1,0,-0.9749279121818236,-0.2225209339563146,10,0,0,0,0,0,0,0,0,0,1,0,0,0,0.0,0,0.0,0,0.0,0,0.0,0,0.0,0,0.0,0,0.0,0,0.3125,0,0.0,0,0.0,0,0.0,0,0.0,0,0.0,0,0.0,1,0,0.8333333333333334,2,26.6,84,3.5,1
2016-10-16,3678,6,0,0,0,0,0,0,1,-0.7818314824680299,0.6234898018587334,10,0,0,0,0,0,0,0,0,0,1,0,0,0,0.0,0,0.0,0,0.0,0,0.0,0,0.0,0,0.0,0,0.0,0,0.375,0,0.0,0,0.0,0,0.0,0,0.0,0,0.0,0,0.0,1,0,0.9166666666666666,2,28.5,70,0.0,0
2016-10-17,2188,0,1,0,0,0,0,0,0,0.0,1.0,10,0,0,0,0,0,0,0,0,0,1,0,0,0,0.0,0,0.0,0,0.0,0,0.0,0,0.0,0,0.0,0,0.0,0,0.4375,0,0.0,0,0.0,0,0.0,0,0.0,0,0.0,0,0.0,1,0,1.0,2,28.2,72,0.0,0
2016-10-18,1981,1,0,1,0,0,0,0,0,0.7818314824680298,0.6234898018587336,10,0,0,0,0,0,0,0,0,0,1,0,0,0,0.0,0,0.0,0,0.0,0,0.0,0,0.0,0,0.0,0,0.0,0,0.5,0,0.0,0,0.0,0,0.0,0,0.0,0,0.0,0,0.0,1,0,0.0,2,28.7,67,0.0,0
2016-10-19,2052,2,0,0,1,0,0,0,0,0.9749279121818236,-0.22252093395631434,10,0,0,0,0,0,0,0,0,0,1,0,0,0,0.0,0,0.0,0,0.0,0,0.0,0,0.0,0,0.0,0,0.0,0,0.5625,0,0.0,0,0.0,0,0.0,0,0.0,0,0.0,0,0.0,0,0,0.0,2,28.6,68,0.0,0
2016-10-20,1883,3,0,0,0,1,0,0,0,0.43388373911755823,-0.900968867902419,10,0,0,0,0,0,0,0,0,0,1,0,0,0,0.0,0,0.0,0,0.0,0,0.0,0,0.0,0,0.0,0,0.0,0,0.625,0,0.0,0,0.0,0,0.0,0,0.0,0,0.0,0,0.0,0,0,0.0,2,29.7,66,0.5,1
2016-10-21,1975,4,0,0,0,0,1,0,0,-0.433883739117558,-0.9009688679024191,10,0,0,0,0,0,0,0,0,0,1,0,0,0,0.0,0,0.0,0,0.0,0,0.0,0,0.0,0,0.0,0,0.0,0,0.6875,0,0.0,0,0.0,0,0.0,0,0.0,0,0.0,0,0.0,0,0,0.0,2,30.1,65,0.0,0
2016-10-22,3204,5,0,0,0,0,0,1,0,-0.9749279121818236,-0.2225209339563146,10,0,0,0,0,0,0,0,0,0,1,0,0,0,0.0,0,0.0,0,0.0,0,0.0,0,0.0,0,0.0,0,0.0,0,0.75,0,0.0,0,0.0,0,0.0,0,0.0,0,0.0,0,0.0,0,0,0.0,2,28.6,75,0.0,0
2016-10-23,3681,6,0,0,0,0,0,0,1,-0.7818314824680299,0.6234898018587334,10,0,0,0,0,0,0,0,0,0,1,0,0,0,0.0,0,0.0,0,0.0,0,0.0,0,0.0,0,0.0,0,0.0,0,0.8125,0,0.0,0,0.0,0,0.0,0,0.0,0,0.0,0,0.0,0,0,0.0,2,27.8,73,0.0,0
2016-10-24,1892,0,1,0,0,0,0,0,0,0.0,1.0,10,0,0,0,0,0,0,0,0,0,1,0,0,0,0.0,0,0.0,0,0.0,0,0.0,0,0.0,0,0.0,0,0.0,0,0.875,0,0.0,0,0.0,0,0.0,0,0.0,0,0.0,0,0.0,0,0,-1.0,2,26.9,72,0.0,0
2016-10-25,2434,1,0,1,0,0,0,0,0,0.7818314824680298,0.6234898018587336,10,0,0,0,0,0,0,0,0,0,1,0,0,0,0.0,0,0.0,0,0.0,0,0.0,0,0.0,0,0.0,0,0.0,0,0.9375,0,0.0,0,0.0,0,0.0,0,0.0,0,0.0,0,0.0,0,0,-0.9166666666666666,2,27.7,73,0.0,0
2016-10-26,1845,2,0,0,1,0,0,0,0,0.9749279121818236,-0.22252093395631434,10,0,0,0,0,0,0,0,0,0,1,0,0,0,0.0,0,0.0,0,0.0,0,0.0,0,0.0,0,0.0,0,0.0,0,1.0,0,0.0,0,0.0,0,0.0,0,0.0,0,0.0,0,0.0,0,0,-0.8333333333333334,2,28.0,75,0.0,0
2016-10-27,1792,3,0,0,0,1,0,0,0,0.43388373911755823,-0.900968867902419,10,0,0,0,0,0,0,0,0,0,1,0,0,0,0.0,0,0.0,0,0.0,0,0.0,0,0.0,0,0.0,0,0.0,0,0.0,0,0.0,0,0.0,0,0.0,0,0.0,0,0.0,0,0.0,0,0,-0.75,2,27.1,80,0.0,0
2016-10-28,1857,4,0,0,0,0,1,0,0,-0.433883739117558,-0.9009688679024191,10,0,0,0,0,0,0,0,0,0,1,0,0,0,0.0,0,0.0,0,0.0,0,0.0,0,0.0,0,0.0,0,0.0,0,0.0,0,0.0,0,0.0,0,0.0,0,0.0,0,0.0,0,0.0,0,0,-0.6666666666666666,2,27.4,78,0.0,0
2016-10-29,3120,5,0,0,0,0,0,1,0,-0.9749279121818236,-0.2225209339563146,10,0,0,0,0,0,0,0,0,0,1,0,0,0,0.0,0,0.0,0,0.0,0,0.0,0,0.0,0,0.0,0,0.0,0,0.0,0,0.0,0,0.0,0,0.0,0,0.0,0,0.0,0,0.0,0,0,-0.5833333333333334,2,23.9,82,2.0,1
2016-10-30,3595,6,0,0,0,0,0,0,1,-0.7818314824680299,0.6234898018587334,10,0,0,0,0,0,0,0,0,0,1,0,0,0,0.0,0,0.0,0,0.0,0,0.0,0,0.0,0,0.0,0,0.0,0,0.0,0,0.0,0,0.0,0,0.0,0,0.0,0,0.0,0,0.0,0,0,-0.5,2,22.6,71,0.0,0
2016-10-31,2570,0,1,0,0,0,0,0,0,0.0,1.0,10,0,0,0,0,0,0,0,0,0,1,0,0,0,0.0,0,0.0,0,0.0,0,0.0,0,0.0,0,0.0,0,0.0,0,0.0,0,0.0,0,0.0,0,0.0,0,0.0,0,0.0,0,0.0,0,0,-0.4166666666666667,2,23.9,70,0.0,0
